"","fecha_obs","lon.1","lat.1","layer_dates","layers_path","cell_ids_year","wc2.1_30s_prec","wc2.1_30s_tmax","wc2.1_30s_tmin","trian_test"
"1","2000-01-01",-91.09303,30.312626,"2000-01-01","/home/ecologia/Documents/Lorena/capas/WorldClim_1970-2020_monthly_recortado/2000-01",43938342,147,16,4.69999980926514,"Test"
"2","2000-01-01",-91.062,30.312,"2000-01-01","/home/ecologia/Documents/Lorena/capas/WorldClim_1970-2020_monthly_recortado/2000-01",43938346,147,15.8999996185303,4.80000019073486,"Train"
"3","2000-01-01",-91.062,30.437,"2000-01-01","/home/ecologia/Documents/Lorena/capas/WorldClim_1970-2020_monthly_recortado/2000-01",43774261,149,16.3999996185303,4.59999990463257,"Train"
"4","2000-01-01",-95.70944,29.760328,"2000-01-01","/home/ecologia/Documents/Lorena/capas/WorldClim_1970-2020_monthly_recortado/2000-01",44659762,82,16.2999992370605,5.09999990463257,"Train"
"5","2000-01-01",-82.43686,27.266228,"2000-01-01","/home/ecologia/Documents/Lorena/capas/WorldClim_1970-2020_monthly_recortado/2000-01",47943055,62,22.7000007629395,10.1999998092651,"Test"
"6","2000-01-01",-91.11752,30.441956,"2000-01-01","/home/ecologia/Documents/Lorena/capas/WorldClim_1970-2020_monthly_recortado/2000-01",43763315,148,16.2000007629395,4.59999990463257,"Train"
"7","2000-01-01",-95.72131,32.92855,"2000-01-01","/home/ecologia/Documents/Lorena/capas/WorldClim_1970-2020_monthly_recortado/2000-01",40502941,66,12.1000003814697,0.200000002980232,"Train"
"8","2000-01-01",-92.27795,35.59428,"2000-01-01","/home/ecologia/Documents/Lorena/capas/WorldClim_1970-2020_monthly_recortado/2000-01",37002874,72,8,-3.29999995231628,"Train"
"9","2000-01-01",-76.2849,36.902653,"2000-01-01","/home/ecologia/Documents/Lorena/capas/WorldClim_1970-2020_monthly_recortado/2000-01",35287370,100,9.39999961853027,0,"Test"
"10","2000-01-01",-95.56875,29.76615,"2000-01-01","/home/ecologia/Documents/Lorena/capas/WorldClim_1970-2020_monthly_recortado/2000-01",44659779,86,16.5,5.80000019073486,"Train"
"11","2000-01-01",-87.69405,30.411402,"2000-01-01","/home/ecologia/Documents/Lorena/capas/WorldClim_1970-2020_monthly_recortado/2000-01",43807482,138,16.3999996185303,5,"Train"
"12","2000-01-01",-103.567795,19.613722,"2000-01-01","/home/ecologia/Documents/Lorena/capas/WorldClim_1970-2020_monthly_recortado/2000-01",57982521,36,16.1000003814697,3.5,"Train"
"13","2000-01-01",-97.053185,28.796051,"2000-01-01","/home/ecologia/Documents/Lorena/capas/WorldClim_1970-2020_monthly_recortado/2000-01",45928525,57,18.2000007629395,6.30000019073486,"Test"
"14","2000-01-01",-97.63107,26.13255,"2000-01-01","/home/ecologia/Documents/Lorena/capas/WorldClim_1970-2020_monthly_recortado/2000-01",49428936,40,20.2000007629395,9.30000019073486,"Train"
"15","2000-01-01",-81.889534,41.441925,"2000-01-01","/home/ecologia/Documents/Lorena/capas/WorldClim_1970-2020_monthly_recortado/2000-01",29324943,54,0.899999976158142,-7.40000009536743,"Train"
"16","2000-01-01",-81.82595,27.890116,"2000-01-01","/home/ecologia/Documents/Lorena/capas/WorldClim_1970-2020_monthly_recortado/2000-01",47122703,61,22.3999996185303,9.39999961853027,"Test"
"17","2000-01-01",-92.26705,34.76949,"2000-01-01","/home/ecologia/Documents/Lorena/capas/WorldClim_1970-2020_monthly_recortado/2000-01",38085836,88,10,-1,"Train"
"18","2000-01-01",-94.1071,35.86008,"2000-01-01","/home/ecologia/Documents/Lorena/capas/WorldClim_1970-2020_monthly_recortado/2000-01",36652607,61,7.30000019073486,-4,"Train"
"19","2000-01-01",-75.045456,40.002445,"2000-01-01","/home/ecologia/Documents/Lorena/capas/WorldClim_1970-2020_monthly_recortado/2000-01",31218211,90,4.69999980926514,-4.69999980926514,"Train"
"20","2000-01-01",-81.21076,34.06976,"2000-01-01","/home/ecologia/Documents/Lorena/capas/WorldClim_1970-2020_monthly_recortado/2000-01",39006039,116,12.6000003814697,1,"Train"
"21","2000-01-01",-103.95004,19.445108,"2000-01-01","/home/ecologia/Documents/Lorena/capas/WorldClim_1970-2020_monthly_recortado/2000-01",58201255,31,19.2000007629395,4.69999980926514,"Train"
"22","2000-01-01",-98.83777,29.537624,"2000-01-01","/home/ecologia/Documents/Lorena/capas/WorldClim_1970-2020_monthly_recortado/2000-01",44954740,40,15.5,3.09999990463257,"Test"
"23","2000-01-01",-85.496124,36.75838,"2000-01-01","/home/ecologia/Documents/Lorena/capas/WorldClim_1970-2020_monthly_recortado/2000-01",35472228,100,7.19999980926514,-3.40000009536743,"Train"
"24","2000-01-01",-95.91892,29.670563,"2000-01-01","/home/ecologia/Documents/Lorena/capas/WorldClim_1970-2020_monthly_recortado/2000-01",44780066,77,16,4.19999980926514,"Train"
"25","2000-01-01",-95.38326,30.089136,"2000-01-01","/home/ecologia/Documents/Lorena/capas/WorldClim_1970-2020_monthly_recortado/2000-01",44233181,89,16.2000007629395,5,"Train"
"26","2000-01-01",-97.33967,27.665129,"2000-01-01","/home/ecologia/Documents/Lorena/capas/WorldClim_1970-2020_monthly_recortado/2000-01",47416195,45,18.5,8.69999980926514,"Test"
"27","2000-01-01",-101.08127,19.658802,"2000-01-01","/home/ecologia/Documents/Lorena/capas/WorldClim_1970-2020_monthly_recortado/2000-01",57917186,19,20.3999996185303,5.59999990463257,"Test"
"28","2000-01-01",-92.55011,34.58962,"2000-01-01","/home/ecologia/Documents/Lorena/capas/WorldClim_1970-2020_monthly_recortado/2000-01",38326460,86,10.1000003814697,-1.39999997615814,"Test"
"29","2000-01-01",-95.73982,30.072084,"2000-01-01","/home/ecologia/Documents/Lorena/capas/WorldClim_1970-2020_monthly_recortado/2000-01",44255016,83,15.5,3.79999995231628,"Test"
"30","2000-01-01",-90.12878,30.428785,"2000-01-01","/home/ecologia/Documents/Lorena/capas/WorldClim_1970-2020_monthly_recortado/2000-01",43785312,141,16,4.5,"Train"
"31","2000-01-01",-90.20799,29.928488,"2000-01-01","/home/ecologia/Documents/Lorena/capas/WorldClim_1970-2020_monthly_recortado/2000-01",44441643,142,16.7000007629395,5.80000019073486,"Train"
"32","2000-01-01",-95.47578,29.046482,"2000-01-01","/home/ecologia/Documents/Lorena/capas/WorldClim_1970-2020_monthly_recortado/2000-01",45600544,103,16.7999992370605,6.69999980926514,"Train"
"33","2000-01-01",-82.3838,29.686455,"2000-01-01","/home/ecologia/Documents/Lorena/capas/WorldClim_1970-2020_monthly_recortado/2000-01",44759812,92,19.3999996185303,5.80000019073486,"Train"
"34","2000-01-01",-105.869644,23.58985,"2000-01-01","/home/ecologia/Documents/Lorena/capas/WorldClim_1970-2020_monthly_recortado/2000-01",52764342,66,20.5,3,"Train"
"35","2000-01-01",-104.956085,21.846415,"2000-01-01","/home/ecologia/Documents/Lorena/capas/WorldClim_1970-2020_monthly_recortado/2000-01",55050703,33,30.1000003814697,14.8999996185303,"Train"
"36","2000-01-01",-104.13964,21.393202,"2000-01-01","/home/ecologia/Documents/Lorena/capas/WorldClim_1970-2020_monthly_recortado/2000-01",55641507,19,30.3999996185303,10,"Train"
"37","2000-01-01",-90.20916,30.024612,"2000-01-01","/home/ecologia/Documents/Lorena/capas/WorldClim_1970-2020_monthly_recortado/2000-01",44321313,138,17.2999992370605,5.69999980926514,"Train"
"38","2000-01-01",-98.75555,29.85769,"2000-01-01","/home/ecologia/Documents/Lorena/capas/WorldClim_1970-2020_monthly_recortado/2000-01",44539068,43,15.1000003814697,1.79999995231628,"Test"
"39","2000-01-01",-97.4992,31.106459,"2000-01-01","/home/ecologia/Documents/Lorena/capas/WorldClim_1970-2020_monthly_recortado/2000-01",42898369,46,14,2.20000004768372,"Train"
"40","2000-01-01",-94.94582,29.20533,"2000-01-01","/home/ecologia/Documents/Lorena/capas/WorldClim_1970-2020_monthly_recortado/2000-01",45392767,98,15.1999998092651,8.10000038146973,"Train"
"41","2000-01-01",-97.86511,30.347826,"2000-01-01","/home/ecologia/Documents/Lorena/capas/WorldClim_1970-2020_monthly_recortado/2000-01",43893774,46,14.6999998092651,3,"Test"
"42","2000-01-01",-94.01884,29.98716,"2000-01-01","/home/ecologia/Documents/Lorena/capas/WorldClim_1970-2020_monthly_recortado/2000-01",44364612,126,16.3999996185303,5.69999980926514,"Train"
"43","2000-01-01",-90.749794,29.752638,"2000-01-01","/home/ecologia/Documents/Lorena/capas/WorldClim_1970-2020_monthly_recortado/2000-01",44671297,147,17,5.5,"Train"
"44","2000-01-01",-117.284176,33.121126,"2000-01-01","/home/ecologia/Documents/Lorena/capas/WorldClim_1970-2020_monthly_recortado/2000-01",40248756,61,19,7.40000009536743,"Train"
"45","2000-01-01",-104.9923,21.487095,"2000-01-01","/home/ecologia/Documents/Lorena/capas/WorldClim_1970-2020_monthly_recortado/2000-01",55521075,37,22.5,6.09999990463257,"Test"
"46","2000-01-01",-95.81518,30.108255,"2000-01-01","/home/ecologia/Documents/Lorena/capas/WorldClim_1970-2020_monthly_recortado/2000-01",44211251,81,15.1000003814697,3.70000004768372,"Train"
"47","2000-01-01",-87.843185,30.427097,"2000-01-01","/home/ecologia/Documents/Lorena/capas/WorldClim_1970-2020_monthly_recortado/2000-01",43785586,142,16,5.19999980926514,"Test"
"48","2000-01-01",-103.47405,20.606876,"2000-01-01","/home/ecologia/Documents/Lorena/capas/WorldClim_1970-2020_monthly_recortado/2000-01",56680792,21,21.7000007629395,5.59999990463257,"Test"
"49","2000-01-01",-103.77706,29.261972,"2000-01-01","/home/ecologia/Documents/Lorena/capas/WorldClim_1970-2020_monthly_recortado/2000-01",45315134,8,19.3999996185303,2.5,"Train"
"50","2000-01-01",-90.701775,29.457554,"2000-01-01","/home/ecologia/Documents/Lorena/capas/WorldClim_1970-2020_monthly_recortado/2000-01",45065106,128,16.7000007629395,7.59999990463257,"Train"
"51","2000-01-01",-81.588936,41.384922,"2000-01-01","/home/ecologia/Documents/Lorena/capas/WorldClim_1970-2020_monthly_recortado/2000-01",29401552,57,0.800000011920929,-7.69999980926514,"Train"
"52","2000-01-01",-91.84343,33.9429,"2000-01-01","/home/ecologia/Documents/Lorena/capas/WorldClim_1970-2020_monthly_recortado/2000-01",39168848,108,10.1000003814697,-0.5,"Train"
"53","2000-01-01",-98.26095,29.585062,"2000-01-01","/home/ecologia/Documents/Lorena/capas/WorldClim_1970-2020_monthly_recortado/2000-01",44889175,47,16.1000003814697,3.59999990463257,"Test"
"54","2000-01-01",-95.677734,29.577219,"2000-01-01","/home/ecologia/Documents/Lorena/capas/WorldClim_1970-2020_monthly_recortado/2000-01",44900424,83,16.2000007629395,5,"Train"
"55","2000-01-01",-95.41242,29.710203,"2000-01-01","/home/ecologia/Documents/Lorena/capas/WorldClim_1970-2020_monthly_recortado/2000-01",44725432,91,16.8999996185303,6.40000009536743,"Test"
"56","2000-01-01",-86.08878,38.22762,"2000-01-01","/home/ecologia/Documents/Lorena/capas/WorldClim_1970-2020_monthly_recortado/2000-01",33546893,85,4.30000019073486,-5.59999990463257,"Train"
"57","2000-01-01",-77.37897,39.952267,"2000-01-01","/home/ecologia/Documents/Lorena/capas/WorldClim_1970-2020_monthly_recortado/2000-01",31283565,77,2,-6.69999980926514,"Test"
"58","2000-01-01",-79.694305,43.413776,"2000-01-01","/home/ecologia/Documents/Lorena/capas/WorldClim_1970-2020_monthly_recortado/2000-01",26743602,70,-0.600000023841858,-8,"Train"
"59","2000-01-01",-98.366493,26.179835,"2000-01-01","/home/ecologia/Documents/Lorena/capas/WorldClim_1970-2020_monthly_recortado/2000-01",49363214,36,20.1000003814697,8.69999980926514,"Train"
"60","2000-01-01",-95.642166,29.996422,"2000-01-01","/home/ecologia/Documents/Lorena/capas/WorldClim_1970-2020_monthly_recortado/2000-01",44353478,85,15.8999996185303,4.69999980926514,"Train"
"61","2000-01-01",-95.88824,29.687984,"2000-01-01","/home/ecologia/Documents/Lorena/capas/WorldClim_1970-2020_monthly_recortado/2000-01",44758192,78,15.8000001907349,4.30000019073486,"Train"
"62","2000-01-01",-98.6788,30.962378,"2000-01-01","/home/ecologia/Documents/Lorena/capas/WorldClim_1970-2020_monthly_recortado/2000-01",43084190,31,14.6000003814697,0.300000011920929,"Train"
"63","2000-01-01",-95.655556,29.971546,"2000-01-01","/home/ecologia/Documents/Lorena/capas/WorldClim_1970-2020_monthly_recortado/2000-01",44386294,85,16,4.69999980926514,"Test"
"64","2000-01-01",-95.93412,29.65762,"2000-01-01","/home/ecologia/Documents/Lorena/capas/WorldClim_1970-2020_monthly_recortado/2000-01",44801942,77,16,4.09999990463257,"Train"
"65","2000-01-01",-102.592,18.807,"2000-01-01","/home/ecologia/Documents/Lorena/capas/WorldClim_1970-2020_monthly_recortado/2000-01",59043721,18,27.8999996185303,12.8999996185303,"Train"
"66","2000-01-01",-104.39525,19.68769,"2000-01-01","/home/ecologia/Documents/Lorena/capas/WorldClim_1970-2020_monthly_recortado/2000-01",57883971,38,24.2000007629395,7.80000019073486,"Train"
"67","2000-01-01",-82.86247,34.721695,"2000-01-01","/home/ecologia/Documents/Lorena/capas/WorldClim_1970-2020_monthly_recortado/2000-01",38152599,137,11.1000003814697,-0.5,"Train"
"68","2000-01-01",-90.062,29.937,"2000-01-01","/home/ecologia/Documents/Lorena/capas/WorldClim_1970-2020_monthly_recortado/2000-01",44430721,148,17.1000003814697,6,"Test"
"69","2000-01-01",-81.45573,28.690931,"2000-01-01","/home/ecologia/Documents/Lorena/capas/WorldClim_1970-2020_monthly_recortado/2000-01",46072604,61,21.2000007629395,8.5,"Test"
"70","2000-01-01",-91.187,30.437,"2000-01-01","/home/ecologia/Documents/Lorena/capas/WorldClim_1970-2020_monthly_recortado/2000-01",43774246,151,15.8999996185303,4.80000019073486,"Train"
"71","2000-01-01",-71.689476,41.68704,"2000-01-01","/home/ecologia/Documents/Lorena/capas/WorldClim_1970-2020_monthly_recortado/2000-01",29008936,109,1.60000002384186,-8.30000019073486,"Test"
"72","2000-01-01",-91.902306,30.271765,"2000-01-01","/home/ecologia/Documents/Lorena/capas/WorldClim_1970-2020_monthly_recortado/2000-01",43992940,151,15.5,4.69999980926514,"Train"
"73","2000-01-01",-80.45171,25.558733,"2000-01-01","/home/ecologia/Documents/Lorena/capas/WorldClim_1970-2020_monthly_recortado/2000-01",50174849,57,24.8999996185303,13.8999996185303,"Train"
"74","2000-01-01",-97.3962,32.658707,"2000-01-01","/home/ecologia/Documents/Lorena/capas/WorldClim_1970-2020_monthly_recortado/2000-01",40852788,44,13.1999998092651,0.699999988079071,"Train"
"75","2000-01-01",-97.79441,28.572952,"2000-01-01","/home/ecologia/Documents/Lorena/capas/WorldClim_1970-2020_monthly_recortado/2000-01",46223789,48,18,5.30000019073486,"Train"
"76","2000-01-01",-95.06442,29.46138,"2000-01-01","/home/ecologia/Documents/Lorena/capas/WorldClim_1970-2020_monthly_recortado/2000-01",45053644,98,16.2000007629395,6.69999980926514,"Train"
"77","2000-01-01",-94.83572,29.804209,"2000-01-01","/home/ecologia/Documents/Lorena/capas/WorldClim_1970-2020_monthly_recortado/2000-01",44605172,105,16.2000007629395,5.69999980926514,"Train"
"78","2000-01-01",-98.551605,29.835072,"2000-01-01","/home/ecologia/Documents/Lorena/capas/WorldClim_1970-2020_monthly_recortado/2000-01",44560970,46,15.1000003814697,2,"Test"
"79","2000-01-01",-90.492065,30.097548,"2000-01-01","/home/ecologia/Documents/Lorena/capas/WorldClim_1970-2020_monthly_recortado/2000-01",44222828,137,16.5,5.40000009536743,"Test"
"80","2000-01-01",-96.594894,17.163157,"2000-01-01","/home/ecologia/Documents/Lorena/capas/WorldClim_1970-2020_monthly_recortado/2000-01",61199424,10,15.8999996185303,5.90000009536743,"Train"
"81","2000-01-01",-83.661674,41.634846,"2000-01-01","/home/ecologia/Documents/Lorena/capas/WorldClim_1970-2020_monthly_recortado/2000-01",29073133,46,-0.300000011920929,-8.60000038146973,"Train"
"82","2000-01-01",-80.631584,40.049694,"2000-01-01","/home/ecologia/Documents/Lorena/capas/WorldClim_1970-2020_monthly_recortado/2000-01",31162846,63,2.90000009536743,-7,"Train"
"83","2000-01-01",-84.267136,30.47871,"2000-01-01","/home/ecologia/Documents/Lorena/capas/WorldClim_1970-2020_monthly_recortado/2000-01",43720381,131,16.7000007629395,4.30000019073486,"Train"
"84","2000-01-01",-82.08465,27.00102,"2000-01-01","/home/ecologia/Documents/Lorena/capas/WorldClim_1970-2020_monthly_recortado/2000-01",48282206,55,23.2999992370605,10.8000001907349,"Train"
"85","2000-01-01",-95.644,29.682,"2000-01-01","/home/ecologia/Documents/Lorena/capas/WorldClim_1970-2020_monthly_recortado/2000-01",44769160,84,16.7000007629395,5.5,"Train"
"86","2000-01-01",-76.81431,39.26668,"2000-01-01","/home/ecologia/Documents/Lorena/capas/WorldClim_1970-2020_monthly_recortado/2000-01",32180631,87,4.69999980926514,-4.59999990463257,"Train"
"87","2000-01-01",-97.94752,30.16837,"2000-01-01","/home/ecologia/Documents/Lorena/capas/WorldClim_1970-2020_monthly_recortado/2000-01",44123483,48,15,2.79999995231628,"Test"
"88","2000-01-01",-93.21686,30.21497,"2000-01-01","/home/ecologia/Documents/Lorena/capas/WorldClim_1970-2020_monthly_recortado/2000-01",44069355,125,16.1000003814697,5.5,"Train"
"89","2000-01-01",-83.30955,33.899,"2000-01-01","/home/ecologia/Documents/Lorena/capas/WorldClim_1970-2020_monthly_recortado/2000-01",39235506,124,11.3999996185303,0.100000001490116,"Test"
"90","2000-01-01",-99.355484,29.692348,"2000-01-01","/home/ecologia/Documents/Lorena/capas/WorldClim_1970-2020_monthly_recortado/2000-01",44746837,33,15.5,2,"Train"
"91","2000-01-01",-86.72378,38.086246,"2000-01-01","/home/ecologia/Documents/Lorena/capas/WorldClim_1970-2020_monthly_recortado/2000-01",33732780,78,4.30000019073486,-5.5,"Test"
"92","2000-01-01",-97.136826,32.871735,"2000-01-01","/home/ecologia/Documents/Lorena/capas/WorldClim_1970-2020_monthly_recortado/2000-01",40579344,47,12.8999996185303,0.899999976158142,"Train"
"93","2000-01-01",-98.2164,26.196426,"2000-01-01","/home/ecologia/Documents/Lorena/capas/WorldClim_1970-2020_monthly_recortado/2000-01",49341354,34,20.7999992370605,9.30000019073486,"Train"
"94","2000-01-01",-95.59921,29.8481,"2000-01-01","/home/ecologia/Documents/Lorena/capas/WorldClim_1970-2020_monthly_recortado/2000-01",44550386,85,16.2999992370605,5.09999990463257,"Test"
"95","2000-01-01",-73.1885,41.23795,"2000-01-01","/home/ecologia/Documents/Lorena/capas/WorldClim_1970-2020_monthly_recortado/2000-01",29599462,96,2.70000004768372,-6.40000009536743,"Test"
"96","2000-01-01",-92.03535,30.178892,"2000-01-01","/home/ecologia/Documents/Lorena/capas/WorldClim_1970-2020_monthly_recortado/2000-01",44113253,146,16,5,"Train"
"97","2000-01-01",-99.66382,29.832073,"2000-01-01","/home/ecologia/Documents/Lorena/capas/WorldClim_1970-2020_monthly_recortado/2000-01",44571776,30,15.1000003814697,1,"Train"
"98","2000-01-01",-87.659164,30.51712,"2000-01-01","/home/ecologia/Documents/Lorena/capas/WorldClim_1970-2020_monthly_recortado/2000-01",43665279,141,16.2999992370605,4.5,"Train"
"99","2000-01-01",-105.87868,23.419611,"2000-01-01","/home/ecologia/Documents/Lorena/capas/WorldClim_1970-2020_monthly_recortado/2000-01",52983121,49,26.2000007629395,10,"Train"
"100","2000-01-01",-84.04046,30.596363,"2000-01-01","/home/ecologia/Documents/Lorena/capas/WorldClim_1970-2020_monthly_recortado/2000-01",43567263,130,16.6000003814697,3.79999995231628,"Train"
"101","2000-01-01",-88.14696,30.702402,"2000-01-01","/home/ecologia/Documents/Lorena/capas/WorldClim_1970-2020_monthly_recortado/2000-01",43424563,141,16,4.5,"Test"
"102","2000-01-01",-90.43161,30.431839,"2000-01-01","/home/ecologia/Documents/Lorena/capas/WorldClim_1970-2020_monthly_recortado/2000-01",43785276,145,16.1000003814697,4.19999980926514,"Train"
"103","2000-01-01",-90.7426,30.030231,"2000-01-01","/home/ecologia/Documents/Lorena/capas/WorldClim_1970-2020_monthly_recortado/2000-01",44310310,143,16.2999992370605,5,"Train"
"104","2000-01-01",-96.985054,28.13255,"2000-01-01","/home/ecologia/Documents/Lorena/capas/WorldClim_1970-2020_monthly_recortado/2000-01",46803653,59,17.7000007629395,8.19999980926514,"Train"
"105","2000-01-01",-96.36994,30.6744,"2000-01-01","/home/ecologia/Documents/Lorena/capas/WorldClim_1970-2020_monthly_recortado/2000-01",43467332,79,15.5,4,"Train"
"106","2000-01-01",-90.08264,30.364794,"2000-01-01","/home/ecologia/Documents/Lorena/capas/WorldClim_1970-2020_monthly_recortado/2000-01",43872830,136,16.2000007629395,4.69999980926514,"Train"
"107","2000-01-01",-80.79372,35.14796,"2000-01-01","/home/ecologia/Documents/Lorena/capas/WorldClim_1970-2020_monthly_recortado/2000-01",37594958,106,10.6000003814697,-0.699999988079071,"Train"
"108","2000-01-01",-76.16868,40.25997,"2000-01-01","/home/ecologia/Documents/Lorena/capas/WorldClim_1970-2020_monthly_recortado/2000-01",30878967,82,2.20000004768372,-6.5,"Train"
"109","2000-01-01",-93.52959,35.11119,"2000-01-01","/home/ecologia/Documents/Lorena/capas/WorldClim_1970-2020_monthly_recortado/2000-01",37637186,64,9.39999961853027,-2.5,"Train"
"110","2000-01-01",-95.30872,28.933622,"2000-01-01","/home/ecologia/Documents/Lorena/capas/WorldClim_1970-2020_monthly_recortado/2000-01",45742771,102,16.7000007629395,7.59999990463257,"Train"
"111","2000-01-01",-95.642166,29.560617,"2000-01-01","/home/ecologia/Documents/Lorena/capas/WorldClim_1970-2020_monthly_recortado/2000-01",44922306,84,16.2000007629395,5.09999990463257,"Train"
"112","2000-01-01",-92.66626,33.20763,"2000-01-01","/home/ecologia/Documents/Lorena/capas/WorldClim_1970-2020_monthly_recortado/2000-01",40142321,112,12.1999998092651,0.200000002980232,"Test"
"113","2000-01-01",-103.37458,20.338486,"2000-01-01","/home/ecologia/Documents/Lorena/capas/WorldClim_1970-2020_monthly_recortado/2000-01",57030852,20,22.3999996185303,6,"Train"
"114","2000-01-01",-90.6515,29.5723,"2000-01-01","/home/ecologia/Documents/Lorena/capas/WorldClim_1970-2020_monthly_recortado/2000-01",44911966,137,17.2999992370605,6.30000019073486,"Train"
"115","2000-01-01",-96.63648,28.63357,"2000-01-01","/home/ecologia/Documents/Lorena/capas/WorldClim_1970-2020_monthly_recortado/2000-01",46136416,68,18.3999996185303,6.80000019073486,"Train"
"116","2000-01-01",-84.04284,33.971714,"2000-01-01","/home/ecologia/Documents/Lorena/capas/WorldClim_1970-2020_monthly_recortado/2000-01",39136967,139,10.8000001907349,0,"Test"
"117","2000-01-01",-95.117031,29.586516,"2000-01-01","/home/ecologia/Documents/Lorena/capas/WorldClim_1970-2020_monthly_recortado/2000-01",44889552,98,16.7000007629395,6.80000019073486,"Train"
"118","2000-01-01",-91.097152,30.429,"2000-01-01","/home/ecologia/Documents/Lorena/capas/WorldClim_1970-2020_monthly_recortado/2000-01",43785196,148,16.2999992370605,4.59999990463257,"Test"
"119","2000-01-01",-98.376596,26.217494,"2000-01-01","/home/ecologia/Documents/Lorena/capas/WorldClim_1970-2020_monthly_recortado/2000-01",49308517,35,20.5,8.69999980926514,"Train"
"120","2000-01-01",-105.901667,23.402778,"2000-01-01","/home/ecologia/Documents/Lorena/capas/WorldClim_1970-2020_monthly_recortado/2000-01",53004996,45,26.7000007629395,10.8000001907349,"Train"
"121","2000-01-01",-95.11257,29.61233,"2000-01-01","/home/ecologia/Documents/Lorena/capas/WorldClim_1970-2020_monthly_recortado/2000-01",44856736,98,16.6000003814697,6.80000019073486,"Train"
"122","2000-01-01",-76.53557,38.305832,"2000-01-01","/home/ecologia/Documents/Lorena/capas/WorldClim_1970-2020_monthly_recortado/2000-01",33449588,89,6.80000019073486,-3.09999990463257,"Train"
"123","2000-01-01",-96.210785,28.711178,"2000-01-01","/home/ecologia/Documents/Lorena/capas/WorldClim_1970-2020_monthly_recortado/2000-01",46038016,86,17.3999996185303,7.19999980926514,"Train"
"124","2000-01-01",-91.895757,30.198745,"2000-01-01","/home/ecologia/Documents/Lorena/capas/WorldClim_1970-2020_monthly_recortado/2000-01",44091392,144,15.3000001907349,5.09999990463257,"Train"
"125","2000-01-01",-104.27139,19.585932,"2000-01-01","/home/ecologia/Documents/Lorena/capas/WorldClim_1970-2020_monthly_recortado/2000-01",58015254,39,20.6000003814697,6,"Test"
"126","2000-01-01",-97.95782,26.126833,"2000-01-01","/home/ecologia/Documents/Lorena/capas/WorldClim_1970-2020_monthly_recortado/2000-01",49428897,37,20.5,9.19999980926514,"Test"
"127","2000-01-01",-92.54381,34.679035,"2000-01-01","/home/ecologia/Documents/Lorena/capas/WorldClim_1970-2020_monthly_recortado/2000-01",38206132,86,9.69999980926514,-1.70000004768372,"Test"
"128","2000-01-01",-97.52262,25.935585,"2000-01-01","/home/ecologia/Documents/Lorena/capas/WorldClim_1970-2020_monthly_recortado/2000-01",49680546,38,20.7000007629395,10.3999996185303,"Test"
"129","2000-01-01",-92.054054,30.207516,"2000-01-01","/home/ecologia/Documents/Lorena/capas/WorldClim_1970-2020_monthly_recortado/2000-01",44080434,148,16.2000007629395,5.09999990463257,"Test"
"130","2000-01-01",-76.25982,43.140915,"2000-01-01","/home/ecologia/Documents/Lorena/capas/WorldClim_1970-2020_monthly_recortado/2000-01",27105001,73,-1,-9.60000038146973,"Train"
"131","2000-01-01",-80.426445,25.692507,"2000-01-01","/home/ecologia/Documents/Lorena/capas/WorldClim_1970-2020_monthly_recortado/2000-01",49999828,55,24.5,14.6999998092651,"Train"
"132","2000-01-01",-78.47651,38.064796,"2000-01-01","/home/ecologia/Documents/Lorena/capas/WorldClim_1970-2020_monthly_recortado/2000-01",33766586,82,7.19999980926514,-4.09999990463257,"Test"
"133","2000-01-01",-83.65481,32.63925,"2000-01-01","/home/ecologia/Documents/Lorena/capas/WorldClim_1970-2020_monthly_recortado/2000-01",40887254,126,14,2,"Train"
"134","2000-01-01",-92.3926,35.0029,"2000-01-01","/home/ecologia/Documents/Lorena/capas/WorldClim_1970-2020_monthly_recortado/2000-01",37779529,82,9.5,-1.70000004768372,"Train"
"135","2000-01-01",-88.517876,30.349833,"2000-01-01","/home/ecologia/Documents/Lorena/capas/WorldClim_1970-2020_monthly_recortado/2000-01",43894895,142,15.8999996185303,6.09999990463257,"Train"
"136","2000-01-01",-98.37939,26.18497,"2000-01-01","/home/ecologia/Documents/Lorena/capas/WorldClim_1970-2020_monthly_recortado/2000-01",49352273,36,20.2999992370605,8.69999980926514,"Test"
"137","2000-01-01",-98.423775,29.50739,"2000-01-01","/home/ecologia/Documents/Lorena/capas/WorldClim_1970-2020_monthly_recortado/2000-01",44998546,43,16.5,4.19999980926514,"Train"
"138","2000-01-01",-106.72587,32.385227,"2000-01-01","/home/ecologia/Documents/Lorena/capas/WorldClim_1970-2020_monthly_recortado/2000-01",41212655,14,13.6999998092651,-3.40000009536743,"Train"
"139","2000-01-01",-97.08573,32.949963,"2000-01-01","/home/ecologia/Documents/Lorena/capas/WorldClim_1970-2020_monthly_recortado/2000-01",40480899,48,12.6000003814697,0.800000011920929,"Train"
"140","2000-01-01",-80.40554,37.240448,"2000-01-01","/home/ecologia/Documents/Lorena/capas/WorldClim_1970-2020_monthly_recortado/2000-01",34849316,67,5.19999980926514,-5.59999990463257,"Test"
"141","2000-01-01",-97.8481,30.320568,"2000-01-01","/home/ecologia/Documents/Lorena/capas/WorldClim_1970-2020_monthly_recortado/2000-01",43926593,46,14.6999998092651,3.09999990463257,"Train"
"142","2000-01-01",-83.642204,31.717836,"2000-01-01","/home/ecologia/Documents/Lorena/capas/WorldClim_1970-2020_monthly_recortado/2000-01",42090545,126,14.6000003814697,3,"Train"
"143","2000-01-01",-92.47112,34.748573,"2000-01-01","/home/ecologia/Documents/Lorena/capas/WorldClim_1970-2020_monthly_recortado/2000-01",38118629,86,9.5,-1.5,"Train"
"144","2000-01-01",-83.73169,32.890064,"2000-01-01","/home/ecologia/Documents/Lorena/capas/WorldClim_1970-2020_monthly_recortado/2000-01",40559075,123,13.6000003814697,1.5,"Train"
"145","2000-01-01",-105.83378,23.465168,"2000-01-01","/home/ecologia/Documents/Lorena/capas/WorldClim_1970-2020_monthly_recortado/2000-01",52928431,67,22.6000003814697,5.69999980926514,"Train"
"146","2000-01-01",-82.32957,29.680485,"2000-01-01","/home/ecologia/Documents/Lorena/capas/WorldClim_1970-2020_monthly_recortado/2000-01",44770758,90,19.2999992370605,5.80000019073486,"Train"
"147","2000-01-01",-121.49737,38.72932,"2000-01-01","/home/ecologia/Documents/Lorena/capas/WorldClim_1970-2020_monthly_recortado/2000-01",32886304,97,11.8999996185303,4,"Test"
"148","2000-01-01",-82.579765,35.399754,"2000-01-01","/home/ecologia/Documents/Lorena/capas/WorldClim_1970-2020_monthly_recortado/2000-01",37266574,114,8.30000019073486,-3.59999990463257,"Train"
"149","2000-01-01",-90.187,29.937,"2000-01-01","/home/ecologia/Documents/Lorena/capas/WorldClim_1970-2020_monthly_recortado/2000-01",44430706,143,16.7999992370605,5.90000009536743,"Train"
"150","2000-01-01",-95.66547,29.591446,"2000-01-01","/home/ecologia/Documents/Lorena/capas/WorldClim_1970-2020_monthly_recortado/2000-01",44889487,84,16.2000007629395,5.09999990463257,"Train"
"151","2000-01-01",-97.65358,29.074898,"2000-01-01","/home/ecologia/Documents/Lorena/capas/WorldClim_1970-2020_monthly_recortado/2000-01",45567466,54,17.5,5,"Train"
"152","2000-01-01",-92.77827,36.14427,"2000-01-01","/home/ecologia/Documents/Lorena/capas/WorldClim_1970-2020_monthly_recortado/2000-01",36280840,58,7.80000019073486,-4.30000019073486,"Test"
"153","2000-01-01",-96.13899,29.797968,"2000-01-01","/home/ecologia/Documents/Lorena/capas/WorldClim_1970-2020_monthly_recortado/2000-01",44615955,76,16.1000003814697,3.90000009536743,"Train"
"154","2000-01-01",-101.807778,19.820556,"2000-01-01","/home/ecologia/Documents/Lorena/capas/WorldClim_1970-2020_monthly_recortado/2000-01",57709258,17,22.2000007629395,3.29999995231628,"Train"
"155","2000-01-01",-102.083333,19.283333,"2000-01-01","/home/ecologia/Documents/Lorena/capas/WorldClim_1970-2020_monthly_recortado/2000-01",58420260,17,28.5,10.1999998092651,"Train"
"156","2000-01-01",-100.954722,19.651944,"2000-01-01","/home/ecologia/Documents/Lorena/capas/WorldClim_1970-2020_monthly_recortado/2000-01",57928140,24,19.7000007629395,6.40000009536743,"Train"
"157","2000-01-01",-101.728611,19.451111,"2000-01-01","/home/ecologia/Documents/Lorena/capas/WorldClim_1970-2020_monthly_recortado/2000-01",58190583,31,21.8999996185303,3.70000004768372,"Train"
"158","2000-01-01",-101.818056,19.701667,"2000-01-01","/home/ecologia/Documents/Lorena/capas/WorldClim_1970-2020_monthly_recortado/2000-01",57862402,23,18.7000007629395,2.09999990463257,"Train"
"159","2000-01-01",-101.314167,19.986389,"2000-01-01","/home/ecologia/Documents/Lorena/capas/WorldClim_1970-2020_monthly_recortado/2000-01",57490537,15,22.5,3.59999990463257,"Train"
"160","2000-01-01",-100.968333,19.653056,"2000-01-01","/home/ecologia/Documents/Lorena/capas/WorldClim_1970-2020_monthly_recortado/2000-01",57928138,23,19.8999996185303,6.40000009536743,"Train"
"161","2000-01-01",-101.209167,19.640556,"2000-01-01","/home/ecologia/Documents/Lorena/capas/WorldClim_1970-2020_monthly_recortado/2000-01",57949987,16,22.3999996185303,4.5,"Train"
"162","2000-01-01",-102.366667,19.273611,"2000-01-01","/home/ecologia/Documents/Lorena/capas/WorldClim_1970-2020_monthly_recortado/2000-01",58431164,19,25.2000007629395,7,"Train"
"163","2000-01-01",-100.79571,31.291721,"2000-01-01","/home/ecologia/Documents/Lorena/capas/WorldClim_1970-2020_monthly_recortado/2000-01",42646376,18,14.3999996185303,-1,"Train"
"164","2000-01-01",-94.01223,29.969143,"2000-01-01","/home/ecologia/Documents/Lorena/capas/WorldClim_1970-2020_monthly_recortado/2000-01",44386491,126,16.5,5.59999990463257,"Train"
"165","2000-01-01",-97.41769,25.85233,"2000-01-01","/home/ecologia/Documents/Lorena/capas/WorldClim_1970-2020_monthly_recortado/2000-01",49789948,38,20.3999996185303,10,"Train"
"166","2000-01-01",-97.851715,30.383455,"2000-01-01","/home/ecologia/Documents/Lorena/capas/WorldClim_1970-2020_monthly_recortado/2000-01",43839080,47,14.3000001907349,3.09999990463257,"Train"
"167","2000-01-01",-93.22998,30.154627,"2000-01-01","/home/ecologia/Documents/Lorena/capas/WorldClim_1970-2020_monthly_recortado/2000-01",44145927,123,15.8999996185303,5.19999980926514,"Train"
"168","2000-01-01",-121.407381,49.008628,"2000-01-01","/home/ecologia/Documents/Lorena/capas/WorldClim_1970-2020_monthly_recortado/2000-01",19387589,224,0.899999976158142,-5.09999990463257,"Test"
"169","2000-01-01",-91.0645,30.3559,"2000-01-01","/home/ecologia/Documents/Lorena/capas/WorldClim_1970-2020_monthly_recortado/2000-01",43883651,148,16.2000007629395,4.69999980926514,"Train"
"170","2000-01-01",-78.78137,38.429752,"2000-01-01","/home/ecologia/Documents/Lorena/capas/WorldClim_1970-2020_monthly_recortado/2000-01",33285234,67,5,-6,"Test"
"171","2000-01-01",-98.41682,29.733824,"2000-01-01","/home/ecologia/Documents/Lorena/capas/WorldClim_1970-2020_monthly_recortado/2000-01",44692254,47,15.1999998092651,2.70000004768372,"Train"
"172","2000-01-01",-90.05345,30.4609,"2000-01-01","/home/ecologia/Documents/Lorena/capas/WorldClim_1970-2020_monthly_recortado/2000-01",43741565,140,16,4.19999980926514,"Train"
"173","2000-01-01",-93.05518,34.50369,"2000-01-01","/home/ecologia/Documents/Lorena/capas/WorldClim_1970-2020_monthly_recortado/2000-01",38435790,84,10.3999996185303,-1.5,"Test"
"174","2000-01-01",-81.60481,41.424557,"2000-01-01","/home/ecologia/Documents/Lorena/capas/WorldClim_1970-2020_monthly_recortado/2000-01",29357794,57,0.800000011920929,-7.69999980926514,"Train"
"175","2000-01-01",-105.914389,23.373917,"2000-01-01","/home/ecologia/Documents/Lorena/capas/WorldClim_1970-2020_monthly_recortado/2000-01",53048751,35,27.7000007629395,12.1999998092651,"Train"
"176","2000-01-01",-83.40769,33.961605,"2000-01-01","/home/ecologia/Documents/Lorena/capas/WorldClim_1970-2020_monthly_recortado/2000-01",39147983,126,11.3999996185303,0.200000002980232,"Test"
"177","2000-01-01",-83.29789,30.891012,"2000-01-01","/home/ecologia/Documents/Lorena/capas/WorldClim_1970-2020_monthly_recortado/2000-01",43184487,97,16.3999996185303,4.09999990463257,"Test"
"178","2000-01-01",-98.38849,30.722986,"2000-01-01","/home/ecologia/Documents/Lorena/capas/WorldClim_1970-2020_monthly_recortado/2000-01",43401456,35,14.8999996185303,1.29999995231628,"Test"
"179","2000-01-01",-90.687,30.062,"2000-01-01","/home/ecologia/Documents/Lorena/capas/WorldClim_1970-2020_monthly_recortado/2000-01",44266561,142,16.5,5.19999980926514,"Train"
"180","2000-01-01",-99.16708,30.05287,"2000-01-01","/home/ecologia/Documents/Lorena/capas/WorldClim_1970-2020_monthly_recortado/2000-01",44276482,34,15.3000001907349,0.600000023841858,"Test"
"181","2000-01-01",-77.15557,38.825764,"2000-01-01","/home/ecologia/Documents/Lorena/capas/WorldClim_1970-2020_monthly_recortado/2000-01",32760357,78,6,-3.90000009536743,"Test"
"182","2000-01-01",-98.230995,26.176876,"2000-01-01","/home/ecologia/Documents/Lorena/capas/WorldClim_1970-2020_monthly_recortado/2000-01",49363230,34,20.6000003814697,9.10000038146973,"Train"
"183","2000-01-01",-76.32447,39.403206,"2000-01-01","/home/ecologia/Documents/Lorena/capas/WorldClim_1970-2020_monthly_recortado/2000-01",32005666,83,4.5,-3.90000009536743,"Train"
"184","2000-01-01",-97.29875,26.100975,"2000-01-01","/home/ecologia/Documents/Lorena/capas/WorldClim_1970-2020_monthly_recortado/2000-01",49461793,46,19.5,10.8000001907349,"Train"
"185","2000-01-01",-74.12719,41.0365,"2000-01-01","/home/ecologia/Documents/Lorena/capas/WorldClim_1970-2020_monthly_recortado/2000-01",29861885,98,2.59999990463257,-6.80000019073486,"Train"
"186","2000-01-01",-97.812546,30.431782,"2000-01-01","/home/ecologia/Documents/Lorena/capas/WorldClim_1970-2020_monthly_recortado/2000-01",43784390,47,14.6000003814697,2.90000009536743,"Test"
"187","2000-01-01",-105.19738,21.509846,"2000-01-01","/home/ecologia/Documents/Lorena/capas/WorldClim_1970-2020_monthly_recortado/2000-01",55488234,28,28.2999992370605,15.6000003814697,"Train"
"188","2000-01-01",-82.93864,39.612225,"2000-01-01","/home/ecologia/Documents/Lorena/capas/WorldClim_1970-2020_monthly_recortado/2000-01",31731397,59,2.29999995231628,-6.90000009536743,"Train"
"189","2000-01-01",-90.7604,29.7308,"2000-01-01","/home/ecologia/Documents/Lorena/capas/WorldClim_1970-2020_monthly_recortado/2000-01",44704112,148,16.8999996185303,5.5,"Train"
"190","2000-01-01",-91.55263,34.5004,"2000-01-01","/home/ecologia/Documents/Lorena/capas/WorldClim_1970-2020_monthly_recortado/2000-01",38435970,92,9.10000038146973,-0.800000011920929,"Test"
"191","2000-01-01",-92.13614,29.977804,"2000-01-01","/home/ecologia/Documents/Lorena/capas/WorldClim_1970-2020_monthly_recortado/2000-01",44375777,130,15.8999996185303,5.30000019073486,"Test"
"192","2000-01-01",-76.272995,36.887653,"2000-01-01","/home/ecologia/Documents/Lorena/capas/WorldClim_1970-2020_monthly_recortado/2000-01",35309250,100,9.5,0,"Train"
"193","2000-01-01",-106.50376,31.801447,"2000-01-01","/home/ecologia/Documents/Lorena/capas/WorldClim_1970-2020_monthly_recortado/2000-01",41978412,11,13.6999998092651,-0.800000011920929,"Test"
"194","2000-01-01",-75.492413,39.771742,"2000-01-01","/home/ecologia/Documents/Lorena/capas/WorldClim_1970-2020_monthly_recortado/2000-01",31524449,95,4,-4.5,"Test"
"195","2000-01-01",-105.782129,23.485445,"2000-01-01","/home/ecologia/Documents/Lorena/capas/WorldClim_1970-2020_monthly_recortado/2000-01",52895621,61,23.8999996185303,7.30000019073486,"Test"
"196","2000-01-01",-97.49342,30.957104,"2000-01-01","/home/ecologia/Documents/Lorena/capas/WorldClim_1970-2020_monthly_recortado/2000-01",43095271,48,14.6000003814697,2,"Test"
"197","2000-01-01",-82.60409,29.833826,"2000-01-01","/home/ecologia/Documents/Lorena/capas/WorldClim_1970-2020_monthly_recortado/2000-01",44562884,94,19.2999992370605,5,"Train"
"198","2000-01-01",-82.94796,32.55271,"2000-01-01","/home/ecologia/Documents/Lorena/capas/WorldClim_1970-2020_monthly_recortado/2000-01",40996729,118,14.3999996185303,2,"Train"
"199","2000-01-01",-91.16745,30.441523,"2000-01-01","/home/ecologia/Documents/Lorena/capas/WorldClim_1970-2020_monthly_recortado/2000-01",43774248,147,16,4.80000019073486,"Test"
"200","2000-01-01",-98.674,29.536476,"2000-01-01","/home/ecologia/Documents/Lorena/capas/WorldClim_1970-2020_monthly_recortado/2000-01",44954760,41,16.6000003814697,3.59999990463257,"Train"
"201","2000-01-01",-97.99892,26.145056,"2000-01-01","/home/ecologia/Documents/Lorena/capas/WorldClim_1970-2020_monthly_recortado/2000-01",49407014,37,20.6000003814697,9.19999980926514,"Test"
"202","2000-01-01",-98.69844,29.547714,"2000-01-01","/home/ecologia/Documents/Lorena/capas/WorldClim_1970-2020_monthly_recortado/2000-01",44943818,41,16.3999996185303,3.40000009536743,"Test"
"203","2000-01-01",-94.9349,29.2169,"2000-01-01","/home/ecologia/Documents/Lorena/capas/WorldClim_1970-2020_monthly_recortado/2000-01",45370890,97,15.3000001907349,8,"Test"
"204","2000-01-01",-86.523964,39.11945,"2000-01-01","/home/ecologia/Documents/Lorena/capas/WorldClim_1970-2020_monthly_recortado/2000-01",32376368,66,2.40000009536743,-7.19999980926514,"Train"
"205","2000-01-01",-73.39264,41.13778,"2000-01-01","/home/ecologia/Documents/Lorena/capas/WorldClim_1970-2020_monthly_recortado/2000-01",29730705,97,2.79999995231628,-6.40000009536743,"Test"
"206","2000-01-01",-84.24219,30.471773,"2000-01-01","/home/ecologia/Documents/Lorena/capas/WorldClim_1970-2020_monthly_recortado/2000-01",43731323,132,17,4.30000019073486,"Test"
"207","2000-01-01",-95.68785,30.125086,"2000-01-01","/home/ecologia/Documents/Lorena/capas/WorldClim_1970-2020_monthly_recortado/2000-01",44178449,84,15.1000003814697,4,"Test"
"208","2000-01-01",-95.601616,29.561146,"2000-01-01","/home/ecologia/Documents/Lorena/capas/WorldClim_1970-2020_monthly_recortado/2000-01",44922311,86,16.1000003814697,5.19999980926514,"Test"
"209","2000-01-01",-98.61577,29.81692,"2000-01-01","/home/ecologia/Documents/Lorena/capas/WorldClim_1970-2020_monthly_recortado/2000-01",44582841,46,15.1000003814697,2,"Train"
"210","2000-01-01",-112.05163,34.67899,"2000-01-01","/home/ecologia/Documents/Lorena/capas/WorldClim_1970-2020_monthly_recortado/2000-01",38203791,39,11.5,-1.29999995231628,"Train"
"211","2000-01-01",-110.247505,31.420424,"2000-01-01","/home/ecologia/Documents/Lorena/capas/WorldClim_1970-2020_monthly_recortado/2000-01",42481157,34,15.5,0.600000023841858,"Test"
"212","2000-01-01",-97.27512,32.88341,"2000-01-01","/home/ecologia/Documents/Lorena/capas/WorldClim_1970-2020_monthly_recortado/2000-01",40557449,46,12.8999996185303,0.5,"Train"
"213","2000-01-01",-84.64853,33.33932,"2000-01-01","/home/ecologia/Documents/Lorena/capas/WorldClim_1970-2020_monthly_recortado/2000-01",39968259,129,11.6000003814697,0,"Train"
"214","2000-01-01",-80.81223,35.024376,"2000-01-01","/home/ecologia/Documents/Lorena/capas/WorldClim_1970-2020_monthly_recortado/2000-01",37759041,109,10.5,-0.899999976158142,"Test"
"215","2000-01-01",-75.64941,40.331215,"2000-01-01","/home/ecologia/Documents/Lorena/capas/WorldClim_1970-2020_monthly_recortado/2000-01",30791518,86,2.59999990463257,-6.80000019073486,"Train"
"216","2000-01-01",-83.982056,42.54221,"2000-01-01","/home/ecologia/Documents/Lorena/capas/WorldClim_1970-2020_monthly_recortado/2000-01",27880744,39,-1.79999995231628,-9.89999961853027,"Test"
"217","2000-01-01",-97.50534,28.978535,"2000-01-01","/home/ecologia/Documents/Lorena/capas/WorldClim_1970-2020_monthly_recortado/2000-01",45687813,55,17.8999996185303,5.19999980926514,"Train"
"218","2000-01-01",-98.46153,29.497063,"2000-01-01","/home/ecologia/Documents/Lorena/capas/WorldClim_1970-2020_monthly_recortado/2000-01",45009480,43,16.5,4.30000019073486,"Train"
"219","2000-01-01",-97.397446,27.800543,"2000-01-01","/home/ecologia/Documents/Lorena/capas/WorldClim_1970-2020_monthly_recortado/2000-01",47230225,45,18.2999992370605,8.60000038146973,"Train"
"220","2000-01-01",-104.010056,30.621515,"2000-01-01","/home/ecologia/Documents/Lorena/capas/WorldClim_1970-2020_monthly_recortado/2000-01",43532049,11,14.1999998092651,-1.29999995231628,"Train"
"221","2000-01-01",-84.28866,30.496185,"2000-01-01","/home/ecologia/Documents/Lorena/capas/WorldClim_1970-2020_monthly_recortado/2000-01",43698501,134,16.6000003814697,4.30000019073486,"Train"
"222","2000-01-01",-104.10425,21.398415,"2000-01-01","/home/ecologia/Documents/Lorena/capas/WorldClim_1970-2020_monthly_recortado/2000-01",55641511,24,26.6000003814697,7.5,"Train"
"223","2000-01-01",-95.22873,29.561478,"2000-01-01","/home/ecologia/Documents/Lorena/capas/WorldClim_1970-2020_monthly_recortado/2000-01",44922356,97,16.3999996185303,6.40000009536743,"Train"
"224","2000-01-01",-95.5501,30.229906,"2000-01-01","/home/ecologia/Documents/Lorena/capas/WorldClim_1970-2020_monthly_recortado/2000-01",44047197,87,15.3000001907349,3.90000009536743,"Train"
"225","2000-01-01",-77.27742,38.741367,"2000-01-01","/home/ecologia/Documents/Lorena/capas/WorldClim_1970-2020_monthly_recortado/2000-01",32880671,76,5.90000009536743,-4,"Train"
"226","2000-01-01",-100.39478,31.486052,"2000-01-01","/home/ecologia/Documents/Lorena/capas/WorldClim_1970-2020_monthly_recortado/2000-01",42394827,21,15,-0.800000011920929,"Train"
"227","2000-01-01",-77.26707,39.044315,"2000-01-01","/home/ecologia/Documents/Lorena/capas/WorldClim_1970-2020_monthly_recortado/2000-01",32475929,73,5.30000019073486,-4.59999990463257,"Test"
"228","2000-01-01",-76.53167,38.708427,"2000-01-01","/home/ecologia/Documents/Lorena/capas/WorldClim_1970-2020_monthly_recortado/2000-01",32913578,86,6.19999980926514,-3.5,"Train"
"229","2000-01-01",-97.95397,30.53172,"2000-01-01","/home/ecologia/Documents/Lorena/capas/WorldClim_1970-2020_monthly_recortado/2000-01",43653105,45,14.3000001907349,2.20000004768372,"Test"
"230","2000-01-01",-97.90934,27.51832,"2000-01-01","/home/ecologia/Documents/Lorena/capas/WorldClim_1970-2020_monthly_recortado/2000-01",47602089,34,19,7.19999980926514,"Train"
"231","2000-01-01",-95.46524,29.05941,"2000-01-01","/home/ecologia/Documents/Lorena/capas/WorldClim_1970-2020_monthly_recortado/2000-01",45578668,104,16.7999992370605,6.69999980926514,"Train"
"232","2000-01-01",-97.827065,30.244503,"2000-01-01","/home/ecologia/Documents/Lorena/capas/WorldClim_1970-2020_monthly_recortado/2000-01",44025046,47,15.1000003814697,3.5,"Train"
"233","2000-01-01",-95.641,29.881,"2000-01-01","/home/ecologia/Documents/Lorena/capas/WorldClim_1970-2020_monthly_recortado/2000-01",44506625,85,16.6000003814697,5,"Train"
"234","2000-01-01",-84.35213,33.73086,"2000-01-01","/home/ecologia/Documents/Lorena/capas/WorldClim_1970-2020_monthly_recortado/2000-01",39454161,126,11.1000003814697,0.5,"Train"
"235","2000-01-01",-99.66967,29.595833,"2000-01-01","/home/ecologia/Documents/Lorena/capas/WorldClim_1970-2020_monthly_recortado/2000-01",44878067,29,15.8000001907349,2.20000004768372,"Train"
"236","2000-01-01",-82.08586,33.52175,"2000-01-01","/home/ecologia/Documents/Lorena/capas/WorldClim_1970-2020_monthly_recortado/2000-01",39727908,116,13.5,0.600000023841858,"Train"
"237","2000-01-01",-83.193306,41.60516,"2000-01-01","/home/ecologia/Documents/Lorena/capas/WorldClim_1970-2020_monthly_recortado/2000-01",29116945,43,-0.600000023841858,-8.39999961853027,"Test"
"238","2000-01-01",-98.263985,29.873077,"2000-01-01","/home/ecologia/Documents/Lorena/capas/WorldClim_1970-2020_monthly_recortado/2000-01",44517249,48,15.1000003814697,3.29999995231628,"Train"
"239","2000-01-01",-95.45165,29.699522,"2000-01-01","/home/ecologia/Documents/Lorena/capas/WorldClim_1970-2020_monthly_recortado/2000-01",44747305,90,17,6.30000019073486,"Train"
"240","2000-01-01",-95.28108,29.677774,"2000-01-01","/home/ecologia/Documents/Lorena/capas/WorldClim_1970-2020_monthly_recortado/2000-01",44769204,96,16.8999996185303,6.69999980926514,"Train"
"241","2000-01-01",-96.62635,17.13118,"2000-01-01","/home/ecologia/Documents/Lorena/capas/WorldClim_1970-2020_monthly_recortado/2000-01",61243176,5,21.5,7.69999980926514,"Train"
"242","2000-01-01",-100.4117,29.319529,"2000-01-01","/home/ecologia/Documents/Lorena/capas/WorldClim_1970-2020_monthly_recortado/2000-01",45238965,21,17.5,3.5,"Train"
"243","2000-01-01",-98.13293,29.782509,"2000-01-01","/home/ecologia/Documents/Lorena/capas/WorldClim_1970-2020_monthly_recortado/2000-01",44637594,49,15.3000001907349,3.20000004768372,"Test"
"244","2000-01-01",-99.02361,29.964445,"2000-01-01","/home/ecologia/Documents/Lorena/capas/WorldClim_1970-2020_monthly_recortado/2000-01",44396829,37,15.6000003814697,1,"Train"
"245","2000-01-01",-95.96781,29.798943,"2000-01-01","/home/ecologia/Documents/Lorena/capas/WorldClim_1970-2020_monthly_recortado/2000-01",44615975,76,15.6999998092651,4.09999990463257,"Test"
"246","2000-01-01",-98.643166,29.894728,"2000-01-01","/home/ecologia/Documents/Lorena/capas/WorldClim_1970-2020_monthly_recortado/2000-01",44484386,44,15.1999998092651,1.60000002384186,"Train"
"247","2000-01-01",-75.73767,36.140175,"2000-01-01","/home/ecologia/Documents/Lorena/capas/WorldClim_1970-2020_monthly_recortado/2000-01",36293824,109,10.1999998092651,1.5,"Train"
"248","2000-01-01",-95.313805,29.533697,"2000-01-01","/home/ecologia/Documents/Lorena/capas/WorldClim_1970-2020_monthly_recortado/2000-01",44955163,95,16.2000007629395,5.90000009536743,"Train"
"249","2000-01-01",-98.19147,31.097525,"2000-01-01","/home/ecologia/Documents/Lorena/capas/WorldClim_1970-2020_monthly_recortado/2000-01",42909225,37,14.1999998092651,0.400000005960464,"Train"
"250","2000-01-01",-80.59523,35.057827,"2000-01-01","/home/ecologia/Documents/Lorena/capas/WorldClim_1970-2020_monthly_recortado/2000-01",37715311,110,10.5,-1.10000002384186,"Test"
"251","2000-01-01",-95.44376,29.05683,"2000-01-01","/home/ecologia/Documents/Lorena/capas/WorldClim_1970-2020_monthly_recortado/2000-01",45589609,104,16.8999996185303,6.90000009536743,"Train"
"252","2000-01-01",-95.64672,29.893066,"2000-01-01","/home/ecologia/Documents/Lorena/capas/WorldClim_1970-2020_monthly_recortado/2000-01",44484746,85,16.6000003814697,5,"Train"
"253","2000-01-01",-86.73829,36.082867,"2000-01-01","/home/ecologia/Documents/Lorena/capas/WorldClim_1970-2020_monthly_recortado/2000-01",36369077,101,8,-2.90000009536743,"Train"
"254","2000-01-01",-94.18851,35.92428,"2000-01-01","/home/ecologia/Documents/Lorena/capas/WorldClim_1970-2020_monthly_recortado/2000-01",36576024,60,7.59999990463257,-3.90000009536743,"Test"
"255","2000-01-01",-97.80607,30.382093,"2000-01-01","/home/ecologia/Documents/Lorena/capas/WorldClim_1970-2020_monthly_recortado/2000-01",43850025,46,14.5,3.20000004768372,"Train"
"256","2000-01-01",-83.627884,32.87285,"2000-01-01","/home/ecologia/Documents/Lorena/capas/WorldClim_1970-2020_monthly_recortado/2000-01",40580965,122,13.6000003814697,1.60000002384186,"Train"
"257","2000-01-01",-97.92156,28.10658,"2000-01-01","/home/ecologia/Documents/Lorena/capas/WorldClim_1970-2020_monthly_recortado/2000-01",46836358,40,18,6.69999980926514,"Train"
"258","2000-01-01",-87.72332,32.381283,"2000-01-01","/home/ecologia/Documents/Lorena/capas/WorldClim_1970-2020_monthly_recortado/2000-01",41225875,140,13.3999996185303,1,"Train"
"259","2000-01-01",-105.26059,20.73477,"2000-01-01","/home/ecologia/Documents/Lorena/capas/WorldClim_1970-2020_monthly_recortado/2000-01",56505553,26,29.7000007629395,14.8999996185303,"Test"
"260","2000-01-01",-87.515755,38.03004,"2000-01-01","/home/ecologia/Documents/Lorena/capas/WorldClim_1970-2020_monthly_recortado/2000-01",33809258,74,4.09999990463257,-5.09999990463257,"Train"
"261","2000-01-01",-97.794136,26.161661,"2000-01-01","/home/ecologia/Documents/Lorena/capas/WorldClim_1970-2020_monthly_recortado/2000-01",49385160,39,20.2000007629395,9.19999980926514,"Test"
"262","2000-01-01",-74.93378,38.945026,"2000-01-01","/home/ecologia/Documents/Lorena/capas/WorldClim_1970-2020_monthly_recortado/2000-01",32607477,90,5.69999980926514,-2.79999995231628,"Train"
"263","2000-01-01",-91.0894,30.401407,"2000-01-01","/home/ecologia/Documents/Lorena/capas/WorldClim_1970-2020_monthly_recortado/2000-01",43818014,147,16.3999996185303,4.69999980926514,"Test"
"264","2000-01-01",-98.57457,29.621975,"2000-01-01","/home/ecologia/Documents/Lorena/capas/WorldClim_1970-2020_monthly_recortado/2000-01",44845382,44,15.5,3.20000004768372,"Train"
"265","2000-01-01",-103.595856,19.588713,"2000-01-01","/home/ecologia/Documents/Lorena/capas/WorldClim_1970-2020_monthly_recortado/2000-01",58015335,45,12.8000001907349,0.699999988079071,"Train"
"266","2000-01-01",-97.76256,30.361195,"2000-01-01","/home/ecologia/Documents/Lorena/capas/WorldClim_1970-2020_monthly_recortado/2000-01",43871908,47,14.8000001907349,3.40000009536743,"Train"
"267","2000-01-01",-91.09211,30.269743,"2000-01-01","/home/ecologia/Documents/Lorena/capas/WorldClim_1970-2020_monthly_recortado/2000-01",43993037,147,15.8999996185303,4.80000019073486,"Train"
"268","2000-01-01",-95.7406,30.1286,"2000-01-01","/home/ecologia/Documents/Lorena/capas/WorldClim_1970-2020_monthly_recortado/2000-01",44178443,83,15,3.90000009536743,"Train"
"269","2000-01-01",-76.44136,39.018288,"2000-01-01","/home/ecologia/Documents/Lorena/capas/WorldClim_1970-2020_monthly_recortado/2000-01",32508846,84,5.40000009536743,-3.5,"Train"
"270","2000-01-01",-97.84303,30.247776,"2000-01-01","/home/ecologia/Documents/Lorena/capas/WorldClim_1970-2020_monthly_recortado/2000-01",44025044,47,15,3.29999995231628,"Train"
"271","2000-01-01",-123.20317,48.12856,"2000-01-01","/home/ecologia/Documents/Lorena/capas/WorldClim_1970-2020_monthly_recortado/2000-01",20546907,104,8.30000019073486,1.60000002384186,"Train"
"272","2000-01-01",-94.89307,29.868507,"2000-01-01","/home/ecologia/Documents/Lorena/capas/WorldClim_1970-2020_monthly_recortado/2000-01",44517653,106,16.2999992370605,5.69999980926514,"Test"
"273","2000-01-01",-91.937,30.312,"2000-01-01","/home/ecologia/Documents/Lorena/capas/WorldClim_1970-2020_monthly_recortado/2000-01",43938241,152,15.5,4.59999990463257,"Test"
"274","2000-01-01",-70.039665,41.775696,"2000-01-01","/home/ecologia/Documents/Lorena/capas/WorldClim_1970-2020_monthly_recortado/2000-01",28888805,93,3.20000004768372,-4.5,"Train"
"275","2000-01-01",-98.67998,29.592888,"2000-01-01","/home/ecologia/Documents/Lorena/capas/WorldClim_1970-2020_monthly_recortado/2000-01",44878186,43,15.6999998092651,3.09999990463257,"Train"
"276","2000-01-01",-84.027084,39.01149,"2000-01-01","/home/ecologia/Documents/Lorena/capas/WorldClim_1970-2020_monthly_recortado/2000-01",32518874,71,2.70000004768372,-6.69999980926514,"Train"
"277","2000-01-01",-95.68983,30.005117,"2000-01-01","/home/ecologia/Documents/Lorena/capas/WorldClim_1970-2020_monthly_recortado/2000-01",44342534,85,15.8000001907349,4.30000019073486,"Train"
"278","2000-01-01",-82.065216,33.50854,"2000-01-01","/home/ecologia/Documents/Lorena/capas/WorldClim_1970-2020_monthly_recortado/2000-01",39738850,115,13.5,0.600000023841858,"Test"
"279","2000-01-01",-98.024796,26.163982,"2000-01-01","/home/ecologia/Documents/Lorena/capas/WorldClim_1970-2020_monthly_recortado/2000-01",49385133,37,20.5,9.19999980926514,"Train"
"280","2000-01-01",-92.476555,31.380913,"2000-01-01","/home/ecologia/Documents/Lorena/capas/WorldClim_1970-2020_monthly_recortado/2000-01",42537984,147,14.6000003814697,3.20000004768372,"Train"
"281","2000-01-01",-88.16513,30.649256,"2000-01-01","/home/ecologia/Documents/Lorena/capas/WorldClim_1970-2020_monthly_recortado/2000-01",43501134,144,16,4.59999990463257,"Train"
"282","2000-01-01",-81.8431,27.8964,"2000-01-01","/home/ecologia/Documents/Lorena/capas/WorldClim_1970-2020_monthly_recortado/2000-01",47111762,63,22.3999996185303,9.5,"Test"
"283","2000-01-01",-85.33316,35.116,"2000-01-01","/home/ecologia/Documents/Lorena/capas/WorldClim_1970-2020_monthly_recortado/2000-01",37638170,138,8.5,-1.89999997615814,"Train"
"284","2000-01-01",-96.25579,29.95041,"2000-01-01","/home/ecologia/Documents/Lorena/capas/WorldClim_1970-2020_monthly_recortado/2000-01",44408100,79,15.8000001907349,3.59999990463257,"Test"
"285","2000-01-01",-82.49285,35.34807,"2000-01-01","/home/ecologia/Documents/Lorena/capas/WorldClim_1970-2020_monthly_recortado/2000-01",37332218,122,8.19999980926514,-3.40000009536743,"Train"
"286","2000-01-01",-90.10143,29.86642,"2000-01-01","/home/ecologia/Documents/Lorena/capas/WorldClim_1970-2020_monthly_recortado/2000-01",44529167,135,17.2000007629395,6.09999990463257,"Test"
"287","2000-01-01",-81.28666,34.02981,"2000-01-01","/home/ecologia/Documents/Lorena/capas/WorldClim_1970-2020_monthly_recortado/2000-01",39060725,117,12.5,0.899999976158142,"Train"
"288","2000-01-01",-96.912,30.31225,"2000-01-01","/home/ecologia/Documents/Lorena/capas/WorldClim_1970-2020_monthly_recortado/2000-01",43937644,64,15.3000001907349,3.29999995231628,"Test"
"289","2000-01-01",-84.164856,30.471563,"2000-01-01","/home/ecologia/Documents/Lorena/capas/WorldClim_1970-2020_monthly_recortado/2000-01",43731333,132,16.8999996185303,4,"Train"
"290","2000-01-01",-91.076195,30.360027,"2000-01-01","/home/ecologia/Documents/Lorena/capas/WorldClim_1970-2020_monthly_recortado/2000-01",43872710,148,16.2000007629395,4.69999980926514,"Train"
"291","2000-01-01",-106.59056,23.684351,"2000-01-01","/home/ecologia/Documents/Lorena/capas/WorldClim_1970-2020_monthly_recortado/2000-01",52632988,28,28.2999992370605,11.8000001907349,"Train"
"292","2000-01-01",-80.5843,25.3944,"2000-01-01","/home/ecologia/Documents/Lorena/capas/WorldClim_1970-2020_monthly_recortado/2000-01",50393613,50,24.8999996185303,14.1000003814697,"Test"
"293","2000-01-01",-97.76664,26.177683,"2000-01-01","/home/ecologia/Documents/Lorena/capas/WorldClim_1970-2020_monthly_recortado/2000-01",49363286,39,20.1000003814697,9.10000038146973,"Test"
"294","2000-01-01",-97.628265,27.870588,"2000-01-01","/home/ecologia/Documents/Lorena/capas/WorldClim_1970-2020_monthly_recortado/2000-01",47142685,41,18.6000003814697,7.40000009536743,"Test"
"295","2000-01-01",-71.35071,42.46099,"2000-01-01","/home/ecologia/Documents/Lorena/capas/WorldClim_1970-2020_monthly_recortado/2000-01",27991649,100,1.20000004768372,-9.60000038146973,"Train"
"296","2000-01-01",-87.35068,30.595098,"2000-01-01","/home/ecologia/Documents/Lorena/capas/WorldClim_1970-2020_monthly_recortado/2000-01",43566865,138,15.6999998092651,4.69999980926514,"Train"
"297","2000-01-01",-76.777214,34.73127,"2000-01-01","/home/ecologia/Documents/Lorena/capas/WorldClim_1970-2020_monthly_recortado/2000-01",38142390,127,12.5,2,"Test"
"298","2000-01-01",-89.37481,30.326902,"2000-01-01","/home/ecologia/Documents/Lorena/capas/WorldClim_1970-2020_monthly_recortado/2000-01",43916671,160,15.3999996185303,5.5,"Test"
"299","2000-01-01",-81.39414,28.643826,"2000-01-01","/home/ecologia/Documents/Lorena/capas/WorldClim_1970-2020_monthly_recortado/2000-01",46127306,61,21.5,8.89999961853027,"Train"
"300","2000-01-01",-74.813675,40.22329,"2000-01-01","/home/ecologia/Documents/Lorena/capas/WorldClim_1970-2020_monthly_recortado/2000-01",30933825,93,4.19999980926514,-5.40000009536743,"Test"
"301","2000-01-01",-77.18478,40.67723,"2000-01-01","/home/ecologia/Documents/Lorena/capas/WorldClim_1970-2020_monthly_recortado/2000-01",30331895,68,1.60000002384186,-7.59999990463257,"Train"
"302","2000-01-01",-97.96589,26.06319,"2000-01-01","/home/ecologia/Documents/Lorena/capas/WorldClim_1970-2020_monthly_recortado/2000-01",49516408,37,20.2000007629395,8.89999961853027,"Train"
"303","2000-01-01",-85.35087,42.934715,"2000-01-01","/home/ecologia/Documents/Lorena/capas/WorldClim_1970-2020_monthly_recortado/2000-01",27366446,47,-1.10000002384186,-9.5,"Train"
"304","2000-01-01",-98.243324,29.842176,"2000-01-01","/home/ecologia/Documents/Lorena/capas/WorldClim_1970-2020_monthly_recortado/2000-01",44550068,49,15,3.20000004768372,"Train"
"305","2000-01-01",-95.12222,29.50504,"2000-01-01","/home/ecologia/Documents/Lorena/capas/WorldClim_1970-2020_monthly_recortado/2000-01",44998942,97,16.3999996185303,6.69999980926514,"Test"
"306","2000-01-01",-105.15384,21.4618,"2000-01-01","/home/ecologia/Documents/Lorena/capas/WorldClim_1970-2020_monthly_recortado/2000-01",55553873,34,28.1000003814697,13.6000003814697,"Train"
"307","2000-01-01",-95.01122,29.386686,"2000-01-01","/home/ecologia/Documents/Lorena/capas/WorldClim_1970-2020_monthly_recortado/2000-01",45152101,98,16.2999992370605,7,"Test"
"308","2000-01-01",-98.33279,26.13841,"2000-01-01","/home/ecologia/Documents/Lorena/capas/WorldClim_1970-2020_monthly_recortado/2000-01",49417913,36,19.8999996185303,8.69999980926514,"Train"
"309","2000-01-01",-72.62706,40.945545,"2000-01-01","/home/ecologia/Documents/Lorena/capas/WorldClim_1970-2020_monthly_recortado/2000-01",29982394,99,3.40000009536743,-5.09999990463257,"Train"
"310","2000-01-01",-104.975,21.447222,"2000-01-01","/home/ecologia/Documents/Lorena/capas/WorldClim_1970-2020_monthly_recortado/2000-01",55575773,42,21.3999996185303,4.80000019073486,"Train"
"311","2000-01-01",-85.36665,38.426884,"2000-01-01","/home/ecologia/Documents/Lorena/capas/WorldClim_1970-2020_monthly_recortado/2000-01",33284444,81,3.90000009536743,-5.69999980926514,"Train"
"312","2000-01-01",-97.72947,26.172173,"2000-01-01","/home/ecologia/Documents/Lorena/capas/WorldClim_1970-2020_monthly_recortado/2000-01",49374229,40,20.1000003814697,9.10000038146973,"Train"
"313","2000-01-01",-84.56399,34.135727,"2000-01-01","/home/ecologia/Documents/Lorena/capas/WorldClim_1970-2020_monthly_recortado/2000-01",38918125,134,9.80000019073486,-0.5,"Train"
"314","2000-01-01",-98.40161,29.80991,"2000-01-01","/home/ecologia/Documents/Lorena/capas/WorldClim_1970-2020_monthly_recortado/2000-01",44593805,48,15.1000003814697,2.59999990463257,"Test"
"315","2000-01-01",-95.36667,29.5738,"2000-01-01","/home/ecologia/Documents/Lorena/capas/WorldClim_1970-2020_monthly_recortado/2000-01",44911400,94,16.2000007629395,5.80000019073486,"Test"
"316","2000-01-01",-98.52415,29.575953,"2000-01-01","/home/ecologia/Documents/Lorena/capas/WorldClim_1970-2020_monthly_recortado/2000-01",44900083,44,16.1000003814697,3.90000009536743,"Train"
"317","2000-01-01",-105.02709,21.462711,"2000-01-01","/home/ecologia/Documents/Lorena/capas/WorldClim_1970-2020_monthly_recortado/2000-01",55553888,34,25.3999996185303,8.39999961853027,"Train"
"318","2000-01-01",-98.262314,29.91564,"2000-01-01","/home/ecologia/Documents/Lorena/capas/WorldClim_1970-2020_monthly_recortado/2000-01",44462554,48,15.1999998092651,3,"Test"
"319","2000-01-01",-99.22211,30.075653,"2000-01-01","/home/ecologia/Documents/Lorena/capas/WorldClim_1970-2020_monthly_recortado/2000-01",44243659,33,15.1000003814697,0.400000005960464,"Test"
"320","2000-01-01",-104.82599,20.730494,"2000-01-01","/home/ecologia/Documents/Lorena/capas/WorldClim_1970-2020_monthly_recortado/2000-01",56516544,40,18.3999996185303,3.09999990463257,"Train"
"321","2000-01-01",-80.055504,32.84316,"2000-01-01","/home/ecologia/Documents/Lorena/capas/WorldClim_1970-2020_monthly_recortado/2000-01",40614211,99,14.6999998092651,3.20000004768372,"Train"
"322","2000-01-01",-83.50827,30.73503,"2000-01-01","/home/ecologia/Documents/Lorena/capas/WorldClim_1970-2020_monthly_recortado/2000-01",43381364,127,16.5,4.09999990463257,"Train"
"323","2000-01-01",-98.53981,29.514318,"2000-01-01","/home/ecologia/Documents/Lorena/capas/WorldClim_1970-2020_monthly_recortado/2000-01",44987593,42,16.7000007629395,4.30000019073486,"Test"
"324","2000-01-01",-97.80906,30.285547,"2000-01-01","/home/ecologia/Documents/Lorena/capas/WorldClim_1970-2020_monthly_recortado/2000-01",43970353,47,14.8000001907349,3.5,"Test"
"325","2000-01-01",-104.68658,21.275408,"2000-01-01","/home/ecologia/Documents/Lorena/capas/WorldClim_1970-2020_monthly_recortado/2000-01",55794587,31,24.2000007629395,5.90000009536743,"Train"
"326","2000-01-01",-87.80658,30.68596,"2000-01-01","/home/ecologia/Documents/Lorena/capas/WorldClim_1970-2020_monthly_recortado/2000-01",43446482,141,15.6999998092651,4,"Test"
"327","2000-01-01",-81.09761,31.99453,"2000-01-01","/home/ecologia/Documents/Lorena/capas/WorldClim_1970-2020_monthly_recortado/2000-01",41729864,98,16,4.19999980926514,"Train"
"328","2000-01-01",-97.10562,28.021217,"2000-01-01","/home/ecologia/Documents/Lorena/capas/WorldClim_1970-2020_monthly_recortado/2000-01",46945846,54,18,8.39999961853027,"Train"
"329","2000-01-01",-90.08069,30.40197,"2000-01-01","/home/ecologia/Documents/Lorena/capas/WorldClim_1970-2020_monthly_recortado/2000-01",43818135,139,16.2999992370605,4.5,"Train"
"330","2000-01-01",-91.07077,30.399002,"2000-01-01","/home/ecologia/Documents/Lorena/capas/WorldClim_1970-2020_monthly_recortado/2000-01",43828955,148,16.3999996185303,4.69999980926514,"Train"
"331","2000-01-01",-80.80719,35.115246,"2000-01-01","/home/ecologia/Documents/Lorena/capas/WorldClim_1970-2020_monthly_recortado/2000-01",37638713,106,10.6999998092651,-0.699999988079071,"Test"
"332","2000-01-01",-106.008156,23.31382,"2000-01-01","/home/ecologia/Documents/Lorena/capas/WorldClim_1970-2020_monthly_recortado/2000-01",53125313,28,28.1000003814697,12.8000001907349,"Train"
"333","2000-01-01",-98.44095,29.488077,"2000-01-01","/home/ecologia/Documents/Lorena/capas/WorldClim_1970-2020_monthly_recortado/2000-01",45020422,43,16.3999996185303,4.19999980926514,"Train"
"334","2000-01-01",-81.30781,35.20133,"2000-01-01","/home/ecologia/Documents/Lorena/capas/WorldClim_1970-2020_monthly_recortado/2000-01",37518324,107,9.80000019073486,-1.5,"Train"
"335","2000-01-01",-105.76504,23.6635,"2000-01-01","/home/ecologia/Documents/Lorena/capas/WorldClim_1970-2020_monthly_recortado/2000-01",52665904,69,18.6000003814697,0.100000001490116,"Train"
"336","2000-01-01",-84.30508,34.09389,"2000-01-01","/home/ecologia/Documents/Lorena/capas/WorldClim_1970-2020_monthly_recortado/2000-01",38972851,138,10,-0.400000005960464,"Test"
"337","2000-01-01",-99.78159,29.71916,"2000-01-01","/home/ecologia/Documents/Lorena/capas/WorldClim_1970-2020_monthly_recortado/2000-01",44713969,29,15.6000003814697,1.5,"Train"
"338","2000-01-01",-87.87571,30.670803,"2000-01-01","/home/ecologia/Documents/Lorena/capas/WorldClim_1970-2020_monthly_recortado/2000-01",43468351,145,15.6000003814697,4.69999980926514,"Train"
"339","2000-01-01",-79.919655,40.431625,"2000-01-01","/home/ecologia/Documents/Lorena/capas/WorldClim_1970-2020_monthly_recortado/2000-01",30659737,64,3.09999990463257,-6.80000019073486,"Train"
"340","2000-01-01",-98.501785,29.645622,"2000-01-01","/home/ecologia/Documents/Lorena/capas/WorldClim_1970-2020_monthly_recortado/2000-01",44812573,46,15.3999996185303,3.20000004768372,"Test"
"341","2000-01-01",-80.77643,35.03565,"2000-01-01","/home/ecologia/Documents/Lorena/capas/WorldClim_1970-2020_monthly_recortado/2000-01",37737167,109,10.5,-0.899999976158142,"Train"
"342","2000-01-01",-112.02292,28.859795,"2000-01-01","/home/ecologia/Documents/Lorena/capas/WorldClim_1970-2020_monthly_recortado/2000-01",45839217,12,20.5,7.90000009536743,"Train"
"343","2000-01-01",-95.42649,29.687351,"2000-01-01","/home/ecologia/Documents/Lorena/capas/WorldClim_1970-2020_monthly_recortado/2000-01",44758247,91,17,6.30000019073486,"Train"
"344","2000-01-01",-90.312874,29.955864,"2000-01-01","/home/ecologia/Documents/Lorena/capas/WorldClim_1970-2020_monthly_recortado/2000-01",44408813,137,16.5,5.90000009536743,"Test"
"345","2000-01-01",-93.82408,32.28186,"2000-01-01","/home/ecologia/Documents/Lorena/capas/WorldClim_1970-2020_monthly_recortado/2000-01",41356411,111,13.1000003814697,1.20000004768372,"Train"
"346","2000-01-01",-117.247246,33.372158,"2000-01-01","/home/ecologia/Documents/Lorena/capas/WorldClim_1970-2020_monthly_recortado/2000-01",39920591,64,19.5,5.59999990463257,"Train"
"347","2000-01-01",-98.16781,30.347101,"2000-01-01","/home/ecologia/Documents/Lorena/capas/WorldClim_1970-2020_monthly_recortado/2000-01",43893737,43,15.1000003814697,2,"Test"
"348","2000-01-01",-95.57706,30.18101,"2000-01-01","/home/ecologia/Documents/Lorena/capas/WorldClim_1970-2020_monthly_recortado/2000-01",44112828,86,15.3000001907349,4.09999990463257,"Train"
"349","2000-01-01",-97.96186,26.146309,"2000-01-01","/home/ecologia/Documents/Lorena/capas/WorldClim_1970-2020_monthly_recortado/2000-01",49407018,37,20.6000003814697,9.30000019073486,"Train"
"350","2000-01-01",-92.00324,34.2284,"2000-01-01","/home/ecologia/Documents/Lorena/capas/WorldClim_1970-2020_monthly_recortado/2000-01",38796903,103,10.3000001907349,0,"Train"
"351","2000-01-01",-74.83419,39.160065,"2000-01-01","/home/ecologia/Documents/Lorena/capas/WorldClim_1970-2020_monthly_recortado/2000-01",32323075,88,5.59999990463257,-3.5,"Test"
"352","2000-01-01",-103.46704,29.491777,"2000-01-01","/home/ecologia/Documents/Lorena/capas/WorldClim_1970-2020_monthly_recortado/2000-01",45008879,11,16.3999996185303,0.800000011920929,"Train"
"353","2000-01-01",-93.15407,33.9209,"2000-01-01","/home/ecologia/Documents/Lorena/capas/WorldClim_1970-2020_monthly_recortado/2000-01",39201508,89,10.8000001907349,-0.899999976158142,"Train"
"354","2000-01-01",-98.76406,29.868624,"2000-01-01","/home/ecologia/Documents/Lorena/capas/WorldClim_1970-2020_monthly_recortado/2000-01",44517189,43,15.1000003814697,1.70000004768372,"Train"
"355","2000-01-01",-95.5652,29.777191,"2000-01-01","/home/ecologia/Documents/Lorena/capas/WorldClim_1970-2020_monthly_recortado/2000-01",44637902,86,16.3999996185303,5.69999980926514,"Test"
"356","2000-01-01",-93.97964,29.97822,"2000-01-01","/home/ecologia/Documents/Lorena/capas/WorldClim_1970-2020_monthly_recortado/2000-01",44375556,127,16.7000007629395,5.80000019073486,"Train"
"357","2000-01-01",-72.31364,41.2928,"2000-01-01","/home/ecologia/Documents/Lorena/capas/WorldClim_1970-2020_monthly_recortado/2000-01",29522994,106,3,-6.40000009536743,"Test"
"358","2000-01-01",-79.037895,35.870556,"2000-01-01","/home/ecologia/Documents/Lorena/capas/WorldClim_1970-2020_monthly_recortado/2000-01",36643476,103,9.89999961853027,-1.89999997615814,"Train"
"359","2000-01-01",-90.04047,30.380058,"2000-01-01","/home/ecologia/Documents/Lorena/capas/WorldClim_1970-2020_monthly_recortado/2000-01",43850957,138,16.1000003814697,4.40000009536743,"Train"
"360","2000-01-01",-96.253944,29.969007,"2000-01-01","/home/ecologia/Documents/Lorena/capas/WorldClim_1970-2020_monthly_recortado/2000-01",44386222,79,15.8000001907349,3.59999990463257,"Train"
"361","2000-01-01",-91.0038,30.411171,"2000-01-01","/home/ecologia/Documents/Lorena/capas/WorldClim_1970-2020_monthly_recortado/2000-01",43807085,148,16.2999992370605,4.5,"Train"
"362","2000-01-01",-86.52184,34.708866,"2000-01-01","/home/ecologia/Documents/Lorena/capas/WorldClim_1970-2020_monthly_recortado/2000-01",38163099,133,9.10000038146973,-1.70000004768372,"Test"
"363","2000-01-01",-95.55812,29.564789,"2000-01-01","/home/ecologia/Documents/Lorena/capas/WorldClim_1970-2020_monthly_recortado/2000-01",44922317,88,16.2000007629395,5.30000019073486,"Train"
"364","2000-01-01",-80.07514,32.86214,"2000-01-01","/home/ecologia/Documents/Lorena/capas/WorldClim_1970-2020_monthly_recortado/2000-01",40592330,100,14.6000003814697,3,"Train"
"365","2000-01-01",-103.98281,30.618729,"2000-01-01","/home/ecologia/Documents/Lorena/capas/WorldClim_1970-2020_monthly_recortado/2000-01",43532053,11,14.3000001907349,-1.29999995231628,"Train"
"366","2000-01-01",-90.97363,30.409662,"2000-01-01","/home/ecologia/Documents/Lorena/capas/WorldClim_1970-2020_monthly_recortado/2000-01",43807089,147,16,4.5,"Train"
"367","2000-01-01",-91.83746,35.428226,"2000-01-01","/home/ecologia/Documents/Lorena/capas/WorldClim_1970-2020_monthly_recortado/2000-01",37221707,80,8.5,-2.70000004768372,"Test"
"368","2000-01-01",-98.47199,29.693872,"2000-01-01","/home/ecologia/Documents/Lorena/capas/WorldClim_1970-2020_monthly_recortado/2000-01",44746943,47,15.1999998092651,2.59999990463257,"Test"
"369","2000-01-01",-77.74551,39.45673,"2000-01-01","/home/ecologia/Documents/Lorena/capas/WorldClim_1970-2020_monthly_recortado/2000-01",31939861,67,4.09999990463257,-5.69999980926514,"Train"
"370","2000-01-01",-97.69695,30.734226,"2000-01-01","/home/ecologia/Documents/Lorena/capas/WorldClim_1970-2020_monthly_recortado/2000-01",43379661,50,14.6000003814697,2,"Train"
"371","2000-01-01",-84.6194,31.333,"2000-01-01","/home/ecologia/Documents/Lorena/capas/WorldClim_1970-2020_monthly_recortado/2000-01",42604561,140,15.1000003814697,3.09999990463257,"Test"
"372","2000-01-01",-96.31519,30.478008,"2000-01-01","/home/ecologia/Documents/Lorena/capas/WorldClim_1970-2020_monthly_recortado/2000-01",43718936,82,15,3.40000009536743,"Train"
"373","2000-01-01",-84.33813,29.937782,"2000-01-01","/home/ecologia/Documents/Lorena/capas/WorldClim_1970-2020_monthly_recortado/2000-01",44431408,117,16.8999996185303,6.09999990463257,"Train"
"374","2000-01-01",-86.74361,33.534985,"2000-01-01","/home/ecologia/Documents/Lorena/capas/WorldClim_1970-2020_monthly_recortado/2000-01",39705471,140,11.6000003814697,0,"Test"
"375","2000-01-01",-98.38117,30.035202,"2000-01-01","/home/ecologia/Documents/Lorena/capas/WorldClim_1970-2020_monthly_recortado/2000-01",44298455,46,15.1999998092651,1.89999997615814,"Train"
"376","2000-01-01",-84.01191,30.52646,"2000-01-01","/home/ecologia/Documents/Lorena/capas/WorldClim_1970-2020_monthly_recortado/2000-01",43654778,129,16.7999992370605,3.79999995231628,"Train"
"377","2000-01-01",-90.437,30.062,"2000-01-01","/home/ecologia/Documents/Lorena/capas/WorldClim_1970-2020_monthly_recortado/2000-01",44266591,138,16.3999996185303,5.5,"Train"
"378","2000-01-01",-92.03425,30.231438,"2000-01-01","/home/ecologia/Documents/Lorena/capas/WorldClim_1970-2020_monthly_recortado/2000-01",44047619,150,16,4.80000019073486,"Train"
"379","2000-01-01",-104.67276,25.316896,"2000-01-01","/home/ecologia/Documents/Lorena/capas/WorldClim_1970-2020_monthly_recortado/2000-01",50489174,10,23.8999996185303,4.09999990463257,"Test"
"380","2000-01-01",-90.66253,29.585176,"2000-01-01","/home/ecologia/Documents/Lorena/capas/WorldClim_1970-2020_monthly_recortado/2000-01",44890087,136,17.2999992370605,6.19999980926514,"Test"
"381","2000-01-01",-78.6413,35.818855,"2000-01-01","/home/ecologia/Documents/Lorena/capas/WorldClim_1970-2020_monthly_recortado/2000-01",36709158,100,10.3000001907349,-1.20000004768372,"Test"
"382","2000-01-01",-103.2764,20.369303,"2000-01-01","/home/ecologia/Documents/Lorena/capas/WorldClim_1970-2020_monthly_recortado/2000-01",56987107,19,22.7999992370605,6.69999980926514,"Train"
"383","2000-01-01",-98.66557,29.746836,"2000-01-01","/home/ecologia/Documents/Lorena/capas/WorldClim_1970-2020_monthly_recortado/2000-01",44681286,45,15.3000001907349,2,"Test"
"384","2000-01-01",-80.71696,35.267242,"2000-01-01","/home/ecologia/Documents/Lorena/capas/WorldClim_1970-2020_monthly_recortado/2000-01",37430882,103,10.1999998092651,-1.29999995231628,"Train"
"385","2000-01-01",-97.32722,27.893673,"2000-01-01","/home/ecologia/Documents/Lorena/capas/WorldClim_1970-2020_monthly_recortado/2000-01",47109904,48,18.3999996185303,8.10000038146973,"Train"
"386","2000-01-01",-78.85203,35.732285,"2000-01-01","/home/ecologia/Documents/Lorena/capas/WorldClim_1970-2020_monthly_recortado/2000-01",36829461,102,10,-1.5,"Test"
"387","2000-01-01",-95.08394,30.073603,"2000-01-01","/home/ecologia/Documents/Lorena/capas/WorldClim_1970-2020_monthly_recortado/2000-01",44255094,101,15.6999998092651,5,"Train"
"388","2000-01-01",-91.10495,30.369633,"2000-01-01","/home/ecologia/Documents/Lorena/capas/WorldClim_1970-2020_monthly_recortado/2000-01",43861768,146,16.2000007629395,4.69999980926514,"Test"
"389","2000-01-01",-90.68979,30.0474,"2000-01-01","/home/ecologia/Documents/Lorena/capas/WorldClim_1970-2020_monthly_recortado/2000-01",44288439,143,16.5,5.09999990463257,"Test"
"390","2000-01-01",-80.20837,40.56665,"2000-01-01","/home/ecologia/Documents/Lorena/capas/WorldClim_1970-2020_monthly_recortado/2000-01",30484678,61,2.79999995231628,-6.80000019073486,"Test"
"391","2000-01-01",-81.07169,32.013023,"2000-01-01","/home/ecologia/Documents/Lorena/capas/WorldClim_1970-2020_monthly_recortado/2000-01",41707989,99,16,4.19999980926514,"Test"
"392","2000-01-01",-95.16441,29.53366,"2000-01-01","/home/ecologia/Documents/Lorena/capas/WorldClim_1970-2020_monthly_recortado/2000-01",44955181,97,16.5,6.59999990463257,"Test"
"393","2000-01-01",-96.643394,33.72245,"2000-01-01","/home/ecologia/Documents/Lorena/capas/WorldClim_1970-2020_monthly_recortado/2000-01",39463625,45,10.6999998092651,-0.899999976158142,"Train"
"394","2000-01-01",-90.13201,32.358177,"2000-01-01","/home/ecologia/Documents/Lorena/capas/WorldClim_1970-2020_monthly_recortado/2000-01",41258403,137,13.1999998092651,1.29999995231628,"Test"
"395","2000-01-01",-92.225555,30.997778,"2000-01-01","/home/ecologia/Documents/Lorena/capas/WorldClim_1970-2020_monthly_recortado/2000-01",43041208,157,14.3999996185303,3.70000004768372,"Train"
"396","2000-01-01",-91.1557,30.4458,"2000-01-01","/home/ecologia/Documents/Lorena/capas/WorldClim_1970-2020_monthly_recortado/2000-01",43763311,148,16.2000007629395,4.80000019073486,"Test"
"397","2000-01-01",-124.001,49.237816,"2000-01-01","/home/ecologia/Documents/Lorena/capas/WorldClim_1970-2020_monthly_recortado/2000-01",19091924,166,6,0.800000011920929,"Train"
"398","2000-01-01",-90.16116,29.985394,"2000-01-01","/home/ecologia/Documents/Lorena/capas/WorldClim_1970-2020_monthly_recortado/2000-01",44365075,137,17.2999992370605,5.80000019073486,"Train"
"399","2000-01-01",-105.22353,21.165796,"2000-01-01","/home/ecologia/Documents/Lorena/capas/WorldClim_1970-2020_monthly_recortado/2000-01",55947669,27,27.7999992370605,15.3999996185303,"Train"
"400","2000-01-01",-76.74994,38.38757,"2000-01-01","/home/ecologia/Documents/Lorena/capas/WorldClim_1970-2020_monthly_recortado/2000-01",33340173,85,6.59999990463257,-3.5,"Train"
"401","2000-01-01",-97.47277,31.130215,"2000-01-01","/home/ecologia/Documents/Lorena/capas/WorldClim_1970-2020_monthly_recortado/2000-01",42865555,46,13.6999998092651,2.20000004768372,"Test"
"402","2000-01-01",-122.26823,47.7617,"2000-01-01","/home/ecologia/Documents/Lorena/capas/WorldClim_1970-2020_monthly_recortado/2000-01",21028335,133,7.80000019073486,1.79999995231628,"Test"
"403","2000-01-01",-87.21687,30.4213,"2000-01-01","/home/ecologia/Documents/Lorena/capas/WorldClim_1970-2020_monthly_recortado/2000-01",43796600,134,16,5.80000019073486,"Train"
"404","2000-01-01",-76.66526,37.228893,"2000-01-01","/home/ecologia/Documents/Lorena/capas/WorldClim_1970-2020_monthly_recortado/2000-01",34860704,99,8.60000038146973,-1.39999997615814,"Test"
"405","2000-01-01",-95.42514,29.8286,"2000-01-01","/home/ecologia/Documents/Lorena/capas/WorldClim_1970-2020_monthly_recortado/2000-01",44572284,89,16.7000007629395,5.90000009536743,"Test"
"406","2000-01-01",-97.13717,28.734173,"2000-01-01","/home/ecologia/Documents/Lorena/capas/WorldClim_1970-2020_monthly_recortado/2000-01",46005088,57,18.1000003814697,6.5,"Train"
"407","2000-01-01",-96.30755,30.542793,"2000-01-01","/home/ecologia/Documents/Lorena/capas/WorldClim_1970-2020_monthly_recortado/2000-01",43631425,82,14.8999996185303,3.40000009536743,"Train"
"408","2000-01-01",-84.3005,33.9393,"2000-01-01","/home/ecologia/Documents/Lorena/capas/WorldClim_1970-2020_monthly_recortado/2000-01",39180692,131,10.6000003814697,0.200000002980232,"Test"
"409","2000-01-01",-95.57733,29.97289,"2000-01-01","/home/ecologia/Documents/Lorena/capas/WorldClim_1970-2020_monthly_recortado/2000-01",44386303,86,16.2000007629395,5.19999980926514,"Test"
"410","2000-01-01",-95.499985,30.21272,"2000-01-01","/home/ecologia/Documents/Lorena/capas/WorldClim_1970-2020_monthly_recortado/2000-01",44069082,88,15.8000001907349,4.59999990463257,"Train"
"411","2000-01-01",-77.01404,38.599823,"2000-01-01","/home/ecologia/Documents/Lorena/capas/WorldClim_1970-2020_monthly_recortado/2000-01",33066666,80,6.09999990463257,-3.79999995231628,"Train"
"412","2000-01-01",-78.898636,38.265045,"2000-01-01","/home/ecologia/Documents/Lorena/capas/WorldClim_1970-2020_monthly_recortado/2000-01",33504000,70,5.80000019073486,-5.30000019073486,"Train"
"413","2000-01-01",-101.01424,19.64859,"2000-01-01","/home/ecologia/Documents/Lorena/capas/WorldClim_1970-2020_monthly_recortado/2000-01",57939072,20,20.1000003814697,6.5,"Train"
"414","2000-01-01",-97.88128,30.10487,"2000-01-01","/home/ecologia/Documents/Lorena/capas/WorldClim_1970-2020_monthly_recortado/2000-01",44211003,50,15.3999996185303,2.90000009536743,"Test"
"415","2000-01-01",-88.03661,30.866585,"2000-01-01","/home/ecologia/Documents/Lorena/capas/WorldClim_1970-2020_monthly_recortado/2000-01",43216735,142,15.6999998092651,3.90000009536743,"Test"
"416","2000-01-01",-95.43442,29.03385,"2000-01-01","/home/ecologia/Documents/Lorena/capas/WorldClim_1970-2020_monthly_recortado/2000-01",45611488,103,17,7,"Train"
"417","2000-01-01",-81.19085,34.08032,"2000-01-01","/home/ecologia/Documents/Lorena/capas/WorldClim_1970-2020_monthly_recortado/2000-01",38995103,116,12.6000003814697,0.699999988079071,"Train"
"418","2000-01-01",-75.518814,39.783703,"2000-01-01","/home/ecologia/Documents/Lorena/capas/WorldClim_1970-2020_monthly_recortado/2000-01",31502568,96,3.70000004768372,-4.80000019073486,"Test"
"419","2000-01-01",-89.9544,30.278189,"2000-01-01","/home/ecologia/Documents/Lorena/capas/WorldClim_1970-2020_monthly_recortado/2000-01",43982235,136,15.8999996185303,5,"Train"
"420","2000-01-01",-96.27494,30.59325,"2000-01-01","/home/ecologia/Documents/Lorena/capas/WorldClim_1970-2020_monthly_recortado/2000-01",43565795,82,15.1999998092651,3.59999990463257,"Train"
"421","2000-01-01",-79.88874,32.819168,"2000-01-01","/home/ecologia/Documents/Lorena/capas/WorldClim_1970-2020_monthly_recortado/2000-01",40647048,98,14.5,4,"Train"
"422","2000-01-01",-79.15847,38.190895,"2000-01-01","/home/ecologia/Documents/Lorena/capas/WorldClim_1970-2020_monthly_recortado/2000-01",33602419,69,5.69999980926514,-5.80000019073486,"Train"
"423","2000-01-01",-95.249504,30.083385,"2000-01-01","/home/ecologia/Documents/Lorena/capas/WorldClim_1970-2020_monthly_recortado/2000-01",44233197,94,16.1000003814697,5.09999990463257,"Train"
"424","2000-01-01",-92.07841,30.128092,"2000-01-01","/home/ecologia/Documents/Lorena/capas/WorldClim_1970-2020_monthly_recortado/2000-01",44178882,142,15.8000001907349,4.80000019073486,"Test"
"425","2000-01-01",-76.50913,38.508793,"2000-01-01","/home/ecologia/Documents/Lorena/capas/WorldClim_1970-2020_monthly_recortado/2000-01",33176116,89,6.5,-3.20000004768372,"Train"
"426","2000-01-01",-87.436,30.410927,"2000-01-01","/home/ecologia/Documents/Lorena/capas/WorldClim_1970-2020_monthly_recortado/2000-01",43807513,136,16,5.5,"Train"
"427","2000-01-01",-75.64665,39.83382,"2000-01-01","/home/ecologia/Documents/Lorena/capas/WorldClim_1970-2020_monthly_recortado/2000-01",31436919,95,3.40000009536743,-5.30000019073486,"Train"
"428","2000-01-01",-112.02649,34.693806,"2000-01-01","/home/ecologia/Documents/Lorena/capas/WorldClim_1970-2020_monthly_recortado/2000-01",38181916,34,13.5,-1.10000002384186,"Train"
"429","2000-01-01",-82.27611,28.754753,"2000-01-01","/home/ecologia/Documents/Lorena/capas/WorldClim_1970-2020_monthly_recortado/2000-01",45984993,86,20.7999992370605,7.80000019073486,"Train"
"430","2000-01-01",-95.6462,29.137169,"2000-01-01","/home/ecologia/Documents/Lorena/capas/WorldClim_1970-2020_monthly_recortado/2000-01",45480195,95,16.5,5.90000009536743,"Train"
"431","2000-01-01",-83.7076,32.87223,"2000-01-01","/home/ecologia/Documents/Lorena/capas/WorldClim_1970-2020_monthly_recortado/2000-01",40580956,123,13.6000003814697,1.60000002384186,"Train"
"432","2000-01-01",-93.37329,31.397375,"2000-01-01","/home/ecologia/Documents/Lorena/capas/WorldClim_1970-2020_monthly_recortado/2000-01",42515999,120,14.1000003814697,1.89999997615814,"Train"
"433","2000-01-01",-74.04893,40.40446,"2000-01-01","/home/ecologia/Documents/Lorena/capas/WorldClim_1970-2020_monthly_recortado/2000-01",30693259,96,3.79999995231628,-4.69999980926514,"Train"
"434","2000-01-01",-80.64025,32.43561,"2000-01-01","/home/ecologia/Documents/Lorena/capas/WorldClim_1970-2020_monthly_recortado/2000-01",41150152,99,14.8000001907349,3.70000004768372,"Train"
"435","2000-01-01",-96.40348,28.449902,"2000-01-01","/home/ecologia/Documents/Lorena/capas/WorldClim_1970-2020_monthly_recortado/2000-01",46388041,79,17.3999996185303,8.30000019073486,"Train"
"436","2000-01-01",-103.60478,19.53804,"2000-01-01","/home/ecologia/Documents/Lorena/capas/WorldClim_1970-2020_monthly_recortado/2000-01",58080968,40,14,1,"Train"
"437","2000-01-01",-91.091995,30.35451,"2000-01-01","/home/ecologia/Documents/Lorena/capas/WorldClim_1970-2020_monthly_recortado/2000-01",43883647,147,16.2000007629395,4.69999980926514,"Test"
"438","2000-01-01",-104.98175,21.46152,"2000-01-01","/home/ecologia/Documents/Lorena/capas/WorldClim_1970-2020_monthly_recortado/2000-01",55553894,41,21.2999992370605,4.90000009536743,"Train"
"439","2000-01-01",-80.8848,35.554962,"2000-01-01","/home/ecologia/Documents/Lorena/capas/WorldClim_1970-2020_monthly_recortado/2000-01",37058936,97,9.80000019073486,-2,"Test"
"440","2000-01-01",-91.98889,30.218264,"2000-01-01","/home/ecologia/Documents/Lorena/capas/WorldClim_1970-2020_monthly_recortado/2000-01",44058564,150,15.8999996185303,5,"Train"
"441","2000-01-01",-95.58938,29.603834,"2000-01-01","/home/ecologia/Documents/Lorena/capas/WorldClim_1970-2020_monthly_recortado/2000-01",44867618,86,16.5,5.59999990463257,"Train"
"442","2000-01-01",-97.770744,30.45255,"2000-01-01","/home/ecologia/Documents/Lorena/capas/WorldClim_1970-2020_monthly_recortado/2000-01",43751578,48,15,2.90000009536743,"Test"
"443","2000-01-01",-77.018654,39.010708,"2000-01-01","/home/ecologia/Documents/Lorena/capas/WorldClim_1970-2020_monthly_recortado/2000-01",32519715,81,5.5,-4.19999980926514,"Train"
"444","2000-01-01",-90.03485,30.480782,"2000-01-01","/home/ecologia/Documents/Lorena/capas/WorldClim_1970-2020_monthly_recortado/2000-01",43719689,138,15.8999996185303,4,"Train"
"445","2000-01-01",-85.44952,32.586018,"2000-01-01","/home/ecologia/Documents/Lorena/capas/WorldClim_1970-2020_monthly_recortado/2000-01",40952673,132,13.1000003814697,1.29999995231628,"Train"
"446","2000-01-01",-71.83355,41.713127,"2000-01-01","/home/ecologia/Documents/Lorena/capas/WorldClim_1970-2020_monthly_recortado/2000-01",28976101,106,1.70000004768372,-8.80000019073486,"Train"
"447","2000-01-01",-103.72095,19.20376,"2000-01-01","/home/ecologia/Documents/Lorena/capas/WorldClim_1970-2020_monthly_recortado/2000-01",58518514,21,32.5999984741211,15.3999996185303,"Train"
"448","2000-01-01",-96.14072,29.647598,"2000-01-01","/home/ecologia/Documents/Lorena/capas/WorldClim_1970-2020_monthly_recortado/2000-01",44812857,76,16,4.09999990463257,"Train"
"449","2000-01-01",-80.773476,35.127186,"2000-01-01","/home/ecologia/Documents/Lorena/capas/WorldClim_1970-2020_monthly_recortado/2000-01",37616839,106,10.6000003814697,-0.800000011920929,"Train"
"450","2000-01-01",-83.28051,31.705515,"2000-01-01","/home/ecologia/Documents/Lorena/capas/WorldClim_1970-2020_monthly_recortado/2000-01",42112467,117,14.8999996185303,3.29999995231628,"Train"
"451","2000-01-01",-104.24427,32.43834,"2000-01-01","/home/ecologia/Documents/Lorena/capas/WorldClim_1970-2020_monthly_recortado/2000-01",41147319,10,14.1000003814697,-2.40000009536743,"Test"
"452","2000-01-01",-90.55824,30.067184,"2000-01-01","/home/ecologia/Documents/Lorena/capas/WorldClim_1970-2020_monthly_recortado/2000-01",44255638,139,16.3999996185303,5.09999990463257,"Train"
"453","2000-01-01",-80.39846,25.612766,"2000-01-01","/home/ecologia/Documents/Lorena/capas/WorldClim_1970-2020_monthly_recortado/2000-01",50109222,55,24.7000007629395,14.3999996185303,"Train"
"454","2000-01-01",-93.24772,30.191263,"2000-01-01","/home/ecologia/Documents/Lorena/capas/WorldClim_1970-2020_monthly_recortado/2000-01",44102169,124,15.8000001907349,5.5,"Train"
"455","2000-01-01",-98.142075,26.064802,"2000-01-01","/home/ecologia/Documents/Lorena/capas/WorldClim_1970-2020_monthly_recortado/2000-01",49516386,39,19.8999996185303,8.60000038146973,"Train"
"456","2000-01-01",-76.10021,36.70143,"2000-01-01","/home/ecologia/Documents/Lorena/capas/WorldClim_1970-2020_monthly_recortado/2000-01",35549928,103,9.39999961853027,-0.100000001490116,"Train"
"457","2000-01-01",-84.40294,33.868366,"2000-01-01","/home/ecologia/Documents/Lorena/capas/WorldClim_1970-2020_monthly_recortado/2000-01",39268192,126,10.6999998092651,0.400000005960464,"Train"
"458","2000-01-01",-105.32612,20.31972,"2000-01-01","/home/ecologia/Documents/Lorena/capas/WorldClim_1970-2020_monthly_recortado/2000-01",57052495,22,28.2999992370605,9.69999980926514,"Train"
"459","2000-01-01",-101.45848,19.210869,"2000-01-01","/home/ecologia/Documents/Lorena/capas/WorldClim_1970-2020_monthly_recortado/2000-01",58507846,19,26.7000007629395,8,"Train"
"460","2000-01-01",-106.48887,31.792627,"2000-01-01","/home/ecologia/Documents/Lorena/capas/WorldClim_1970-2020_monthly_recortado/2000-01",41989353,11,13.6000003814697,-0.800000011920929,"Train"
"461","2000-01-01",-101.02915,19.614134,"2000-01-01","/home/ecologia/Documents/Lorena/capas/WorldClim_1970-2020_monthly_recortado/2000-01",57982826,18,23.7999992370605,6.40000009536743,"Test"
"462","2000-01-01",-91.04971,30.342623,"2000-01-01","/home/ecologia/Documents/Lorena/capas/WorldClim_1970-2020_monthly_recortado/2000-01",43894592,148,16.1000003814697,4.59999990463257,"Train"
"463","2000-01-01",-82.38487,28.869595,"2000-01-01","/home/ecologia/Documents/Lorena/capas/WorldClim_1970-2020_monthly_recortado/2000-01",45831834,90,20.7000007629395,7.30000019073486,"Test"
"464","2000-01-01",-92.102806,30.004213,"2000-01-01","/home/ecologia/Documents/Lorena/capas/WorldClim_1970-2020_monthly_recortado/2000-01",44342964,132,15.8999996185303,5.09999990463257,"Train"
"465","2000-01-01",-105.30324,20.396257,"2000-01-01","/home/ecologia/Documents/Lorena/capas/WorldClim_1970-2020_monthly_recortado/2000-01",56954047,22,27.3999996185303,9.5,"Train"
"466","2000-01-01",-82.62081,28.459484,"2000-01-01","/home/ecologia/Documents/Lorena/capas/WorldClim_1970-2020_monthly_recortado/2000-01",46367817,85,21.2000007629395,8.30000019073486,"Test"
"467","2000-01-01",-77.47078,37.15558,"2000-01-01","/home/ecologia/Documents/Lorena/capas/WorldClim_1970-2020_monthly_recortado/2000-01",34959058,94,8.60000038146973,-2.79999995231628,"Test"
"468","2000-01-01",-84.203964,39.450153,"2000-01-01","/home/ecologia/Documents/Lorena/capas/WorldClim_1970-2020_monthly_recortado/2000-01",31939086,66,2,-7.19999980926514,"Train"
"469","2000-01-01",-97.67571,26.13367,"2000-01-01","/home/ecologia/Documents/Lorena/capas/WorldClim_1970-2020_monthly_recortado/2000-01",49417991,40,20.1000003814697,9.19999980926514,"Train"
"470","2000-01-01",-89.99408,29.235556,"2000-01-01","/home/ecologia/Documents/Lorena/capas/WorldClim_1970-2020_monthly_recortado/2000-01",45349605,120,16.5,9.30000019073486,"Train"
"471","2000-01-01",-102.3995,30.144827,"2000-01-01","/home/ecologia/Documents/Lorena/capas/WorldClim_1970-2020_monthly_recortado/2000-01",44155766,9,15.8000001907349,-0.100000001490116,"Train"
"472","2000-01-01",-103.67428,30.366062,"2000-01-01","/home/ecologia/Documents/Lorena/capas/WorldClim_1970-2020_monthly_recortado/2000-01",43871199,11,15.8000001907349,-1.5,"Test"
"473","2000-01-01",-98.73817,29.89931,"2000-01-01","/home/ecologia/Documents/Lorena/capas/WorldClim_1970-2020_monthly_recortado/2000-01",44484375,43,15.3000001907349,1.5,"Train"
"474","2000-01-01",-104.97292,21.515621,"2000-01-01","/home/ecologia/Documents/Lorena/capas/WorldClim_1970-2020_monthly_recortado/2000-01",55488261,35,24.5,7.30000019073486,"Test"
"475","2000-01-01",-87.02,35.817566,"2000-01-01","/home/ecologia/Documents/Lorena/capas/WorldClim_1970-2020_monthly_recortado/2000-01",36708152,107,7.59999990463257,-3.5,"Train"
"476","2000-01-01",-81.34224,35.751286,"2000-01-01","/home/ecologia/Documents/Lorena/capas/WorldClim_1970-2020_monthly_recortado/2000-01",36796345,97,9.30000019073486,-2.59999990463257,"Train"
"477","2000-01-01",-97.50917,28.03669,"2000-01-01","/home/ecologia/Documents/Lorena/capas/WorldClim_1970-2020_monthly_recortado/2000-01",46923919,46,18.5,7.09999990463257,"Train"
"478","2000-01-01",-95.67754,29.616718,"2000-01-01","/home/ecologia/Documents/Lorena/capas/WorldClim_1970-2020_monthly_recortado/2000-01",44845729,83,16.2999992370605,4.90000009536743,"Train"
"479","2000-01-01",-97.868935,27.906239,"2000-01-01","/home/ecologia/Documents/Lorena/capas/WorldClim_1970-2020_monthly_recortado/2000-01",47098900,38,19.1000003814697,6.59999990463257,"Train"
"480","2000-01-01",-103.704,20.010504,"2000-01-01","/home/ecologia/Documents/Lorena/capas/WorldClim_1970-2020_monthly_recortado/2000-01",57457433,27,17.2999992370605,3.09999990463257,"Train"
"481","2000-01-01",-103.62103,19.644709,"2000-01-01","/home/ecologia/Documents/Lorena/capas/WorldClim_1970-2020_monthly_recortado/2000-01",57938759,29,18.1000003814697,4.30000019073486,"Test"
"482","2000-01-01",-97.72962,30.30648,"2000-01-01","/home/ecologia/Documents/Lorena/capas/WorldClim_1970-2020_monthly_recortado/2000-01",43948485,46,15.5,3.79999995231628,"Test"
"483","2000-01-01",-98.33944,28.471727,"2000-01-01","/home/ecologia/Documents/Lorena/capas/WorldClim_1970-2020_monthly_recortado/2000-01",46354992,37,18.1000003814697,5.59999990463257,"Train"
"484","2000-01-01",-91.155594,30.394957,"2000-01-01","/home/ecologia/Documents/Lorena/capas/WorldClim_1970-2020_monthly_recortado/2000-01",43828945,146,16,4.80000019073486,"Train"
"485","2000-01-01",-87.78531,41.870007,"2000-01-01","/home/ecologia/Documents/Lorena/capas/WorldClim_1970-2020_monthly_recortado/2000-01",28766346,45,-0.699999988079071,-9.39999961853027,"Train"
"486","2000-01-01",-90.86225,29.803062,"2000-01-01","/home/ecologia/Documents/Lorena/capas/WorldClim_1970-2020_monthly_recortado/2000-01",44605649,147,16.8999996185303,5.19999980926514,"Train"
"487","2000-01-01",-116.924446,32.81761,"2000-01-01","/home/ecologia/Documents/Lorena/capas/WorldClim_1970-2020_monthly_recortado/2000-01",40642604,66,20,6.19999980926514,"Test"
"488","2000-01-01",-97.346695,26.229578,"2000-01-01","/home/ecologia/Documents/Lorena/capas/WorldClim_1970-2020_monthly_recortado/2000-01",49297702,46,19.1000003814697,10.1999998092651,"Train"
"489","2000-01-01",-81.16834,35.820923,"2000-01-01","/home/ecologia/Documents/Lorena/capas/WorldClim_1970-2020_monthly_recortado/2000-01",36708854,95,9.30000019073486,-3,"Train"
"490","2000-01-01",-96.57321,33.754284,"2000-01-01","/home/ecologia/Documents/Lorena/capas/WorldClim_1970-2020_monthly_recortado/2000-01",39419878,45,10.8000001907349,-0.800000011920929,"Train"
"491","2000-01-01",-108.713425,27.079927,"2000-01-01","/home/ecologia/Documents/Lorena/capas/WorldClim_1970-2020_monthly_recortado/2000-01",48180560,35,25.2999992370605,8.30000019073486,"Train"
"492","2000-01-01",-81.637955,30.441135,"2000-01-01","/home/ecologia/Documents/Lorena/capas/WorldClim_1970-2020_monthly_recortado/2000-01",43775392,93,17.6000003814697,6.69999980926514,"Test"
"493","2000-01-01",-98.12339,29.753473,"2000-01-01","/home/ecologia/Documents/Lorena/capas/WorldClim_1970-2020_monthly_recortado/2000-01",44670412,49,15.3999996185303,3.20000004768372,"Train"
"494","2000-01-01",-93.16875,30.145378,"2000-01-01","/home/ecologia/Documents/Lorena/capas/WorldClim_1970-2020_monthly_recortado/2000-01",44156873,124,15.8000001907349,5.09999990463257,"Test"
"495","2000-01-01",-82.254425,34.95212,"2000-01-01","/home/ecologia/Documents/Lorena/capas/WorldClim_1970-2020_monthly_recortado/2000-01",37846380,119,10.1999998092651,-1.29999995231628,"Train"
"496","2000-01-01",-98.44228,29.835007,"2000-01-01","/home/ecologia/Documents/Lorena/capas/WorldClim_1970-2020_monthly_recortado/2000-01",44560983,47,15.1000003814697,2.29999995231628,"Train"
"497","2000-01-01",-74.49816,40.64737,"2000-01-01","/home/ecologia/Documents/Lorena/capas/WorldClim_1970-2020_monthly_recortado/2000-01",30375974,100,2.70000004768372,-7,"Test"
"498","2000-01-01",-98.184044,26.167212,"2000-01-01","/home/ecologia/Documents/Lorena/capas/WorldClim_1970-2020_monthly_recortado/2000-01",49374174,35,20.6000003814697,9,"Train"
"499","2000-01-01",-97.26643,30.088915,"2000-01-01","/home/ecologia/Documents/Lorena/capas/WorldClim_1970-2020_monthly_recortado/2000-01",44232955,61,15.1999998092651,3.09999990463257,"Test"
"500","2000-01-01",-99.19523,29.97265,"2000-01-01","/home/ecologia/Documents/Lorena/capas/WorldClim_1970-2020_monthly_recortado/2000-01",44385869,34,15.1999998092651,0.699999988079071,"Train"
"501","2000-01-01",-95.41662,29.040216,"2000-01-01","/home/ecologia/Documents/Lorena/capas/WorldClim_1970-2020_monthly_recortado/2000-01",45611491,103,17.1000003814697,7.19999980926514,"Train"
"502","2000-01-01",-96.40475,30.592142,"2000-01-01","/home/ecologia/Documents/Lorena/capas/WorldClim_1970-2020_monthly_recortado/2000-01",43565779,80,15,3.59999990463257,"Train"
"503","2000-01-01",-105.93129,23.41011,"2000-01-01","/home/ecologia/Documents/Lorena/capas/WorldClim_1970-2020_monthly_recortado/2000-01",52994054,37,27.3999996185303,11.8000001907349,"Train"
"504","2000-01-01",-98.35431,29.574453,"2000-01-01","/home/ecologia/Documents/Lorena/capas/WorldClim_1970-2020_monthly_recortado/2000-01",44911042,46,16.5,4,"Train"
"505","2000-01-01",-87.60088,30.405674,"2000-01-01","/home/ecologia/Documents/Lorena/capas/WorldClim_1970-2020_monthly_recortado/2000-01",43818432,138,16.2999992370605,5.09999990463257,"Test"
"506","2000-01-01",-90.812,30.312,"2000-01-01","/home/ecologia/Documents/Lorena/capas/WorldClim_1970-2020_monthly_recortado/2000-01",43938376,142,15.8000001907349,4.59999990463257,"Test"
"507","2000-01-01",-92.16202,29.789719,"2000-01-01","/home/ecologia/Documents/Lorena/capas/WorldClim_1970-2020_monthly_recortado/2000-01",44627371,123,15.6999998092651,6.19999980926514,"Train"
"508","2000-01-01",-95.61416,29.16529,"2000-01-01","/home/ecologia/Documents/Lorena/capas/WorldClim_1970-2020_monthly_recortado/2000-01",45447382,97,16.3999996185303,6.19999980926514,"Test"
"509","2000-01-01",-84.65027,33.99176,"2000-01-01","/home/ecologia/Documents/Lorena/capas/WorldClim_1970-2020_monthly_recortado/2000-01",39104077,131,10,-0.5,"Test"
"510","2000-01-01",-97.82454,28.54423,"2000-01-01","/home/ecologia/Documents/Lorena/capas/WorldClim_1970-2020_monthly_recortado/2000-01",46256603,47,18,5.30000019073486,"Train"
"511","2000-01-01",-90.912125,30.220572,"2000-01-01","/home/ecologia/Documents/Lorena/capas/WorldClim_1970-2020_monthly_recortado/2000-01",44058693,144,16.2000007629395,4.69999980926514,"Train"
"512","2000-01-01",-95.46198,30.142647,"2000-01-01","/home/ecologia/Documents/Lorena/capas/WorldClim_1970-2020_monthly_recortado/2000-01",44156598,88,15.8999996185303,4.80000019073486,"Train"
"513","2000-01-01",-92.08108,30.155828,"2000-01-01","/home/ecologia/Documents/Lorena/capas/WorldClim_1970-2020_monthly_recortado/2000-01",44146065,144,15.8000001907349,4.80000019073486,"Test"
"514","2000-01-01",-79.19358,37.45154,"2000-01-01","/home/ecologia/Documents/Lorena/capas/WorldClim_1970-2020_monthly_recortado/2000-01",34565047,80,7.40000009536743,-3.5,"Test"
"515","2000-01-01",-122.883995,49.276287,"2000-01-01","/home/ecologia/Documents/Lorena/capas/WorldClim_1970-2020_monthly_recortado/2000-01",19037363,321,5.30000019073486,0.300000011920929,"Train"
"516","2000-01-01",-95.73831,29.623009,"2000-01-01","/home/ecologia/Documents/Lorena/capas/WorldClim_1970-2020_monthly_recortado/2000-01",44845722,82,16.2000007629395,4.69999980926514,"Train"
"517","2000-01-01",-105.14839,21.44908,"2000-01-01","/home/ecologia/Documents/Lorena/capas/WorldClim_1970-2020_monthly_recortado/2000-01",55575752,32,28.2000007629395,14.3999996185303,"Train"
"518","2000-01-01",-105.82359,23.446255,"2000-01-01","/home/ecologia/Documents/Lorena/capas/WorldClim_1970-2020_monthly_recortado/2000-01",52950311,68,22.8999996185303,5.69999980926514,"Train"
"519","2000-01-01",-79.836136,36.071854,"2000-01-01","/home/ecologia/Documents/Lorena/capas/WorldClim_1970-2020_monthly_recortado/2000-01",36380844,88,9.10000038146973,-2,"Train"
"520","2000-01-01",-82.25911,27.91819,"2000-01-01","/home/ecologia/Documents/Lorena/capas/WorldClim_1970-2020_monthly_recortado/2000-01",47078895,63,22,9.80000019073486,"Test"
"521","2000-01-01",-85.76112,31.34552,"2000-01-01","/home/ecologia/Documents/Lorena/capas/WorldClim_1970-2020_monthly_recortado/2000-01",42582546,113,14.5,3.20000004768372,"Test"
"522","2000-01-01",-91.73624,35.25069,"2000-01-01","/home/ecologia/Documents/Lorena/capas/WorldClim_1970-2020_monthly_recortado/2000-01",37451438,86,9,-2,"Train"
"523","2000-01-01",-111.00075,31.866468,"2000-01-01","/home/ecologia/Documents/Lorena/capas/WorldClim_1970-2020_monthly_recortado/2000-01",41901299,26,17.7999992370605,1.89999997615814,"Test"
"524","2000-01-01",-78.95922,35.92862,"2000-01-01","/home/ecologia/Documents/Lorena/capas/WorldClim_1970-2020_monthly_recortado/2000-01",36566912,101,9.89999961853027,-1.89999997615814,"Train"
"525","2000-01-01",-90.44932,30.44575,"2000-01-01","/home/ecologia/Documents/Lorena/capas/WorldClim_1970-2020_monthly_recortado/2000-01",43763396,145,16.1000003814697,4.09999990463257,"Test"
"526","2000-01-01",-96.261,29.931,"2000-01-01","/home/ecologia/Documents/Lorena/capas/WorldClim_1970-2020_monthly_recortado/2000-01",44440916,78,15.8999996185303,3.59999990463257,"Train"
"527","2000-01-01",-97.59854,27.857397,"2000-01-01","/home/ecologia/Documents/Lorena/capas/WorldClim_1970-2020_monthly_recortado/2000-01",47164567,42,18.7000007629395,7.59999990463257,"Test"
"528","2000-01-01",-98.228745,30.758116,"2000-01-01","/home/ecologia/Documents/Lorena/capas/WorldClim_1970-2020_monthly_recortado/2000-01",43357719,40,14.5,1,"Test"
"529","2000-01-01",-90.187,30.562,"2000-01-01","/home/ecologia/Documents/Lorena/capas/WorldClim_1970-2020_monthly_recortado/2000-01",43610281,141,15.8999996185303,3.79999995231628,"Test"
"530","2000-01-01",-98.368225,29.939264,"2000-01-01","/home/ecologia/Documents/Lorena/capas/WorldClim_1970-2020_monthly_recortado/2000-01",44429724,47,15.1000003814697,2.29999995231628,"Train"
"531","2000-01-01",-82.45519,28.4381,"2000-01-01","/home/ecologia/Documents/Lorena/capas/WorldClim_1970-2020_monthly_recortado/2000-01",46400654,85,21.3999996185303,8,"Test"
"532","2000-01-01",-96.325424,30.651247,"2000-01-01","/home/ecologia/Documents/Lorena/capas/WorldClim_1970-2020_monthly_recortado/2000-01",43489215,80,15.6000003814697,3.90000009536743,"Train"
"533","2000-01-01",-93.47574,30.332678,"2000-01-01","/home/ecologia/Documents/Lorena/capas/WorldClim_1970-2020_monthly_recortado/2000-01",43916178,129,15.3999996185303,4.5,"Train"
"534","2000-01-01",-91.812,29.937,"2000-01-01","/home/ecologia/Documents/Lorena/capas/WorldClim_1970-2020_monthly_recortado/2000-01",44430511,120,16,5.30000019073486,"Train"
"535","2000-01-01",-98.728294,29.784939,"2000-01-01","/home/ecologia/Documents/Lorena/capas/WorldClim_1970-2020_monthly_recortado/2000-01",44626583,44,15.3000001907349,1.79999995231628,"Test"
"536","2000-01-01",-84.14928,34.182907,"2000-01-01","/home/ecologia/Documents/Lorena/capas/WorldClim_1970-2020_monthly_recortado/2000-01",38863480,146,9.80000019073486,-0.699999988079071,"Test"
"537","2000-01-01",-74.96707,38.937786,"2000-01-01","/home/ecologia/Documents/Lorena/capas/WorldClim_1970-2020_monthly_recortado/2000-01",32618412,90,5.69999980926514,-2.79999995231628,"Test"
"538","2000-01-01",-97.76229,30.685995,"2000-01-01","/home/ecologia/Documents/Lorena/capas/WorldClim_1970-2020_monthly_recortado/2000-01",43445287,49,14.3999996185303,2.20000004768372,"Test"
"539","2000-01-01",-90.15149,30.519806,"2000-01-01","/home/ecologia/Documents/Lorena/capas/WorldClim_1970-2020_monthly_recortado/2000-01",43664980,142,15.8999996185303,3.90000009536743,"Train"
"540","2000-01-01",-98.03273,30.17407,"2000-01-01","/home/ecologia/Documents/Lorena/capas/WorldClim_1970-2020_monthly_recortado/2000-01",44123473,48,14.8999996185303,2.40000009536743,"Test"
"541","2000-01-01",-102.236374,19.539,"2000-01-01","/home/ecologia/Documents/Lorena/capas/WorldClim_1970-2020_monthly_recortado/2000-01",58081132,20,21.8999996185303,3.40000009536743,"Test"
"542","2000-01-01",-98.251854,29.554882,"2000-01-01","/home/ecologia/Documents/Lorena/capas/WorldClim_1970-2020_monthly_recortado/2000-01",44932932,47,16.2000007629395,3.59999990463257,"Test"
"543","2000-01-01",-95.50095,29.673689,"2000-01-01","/home/ecologia/Documents/Lorena/capas/WorldClim_1970-2020_monthly_recortado/2000-01",44780116,88,17,6.09999990463257,"Test"
"544","2000-01-01",-93.70795,31.408506,"2000-01-01","/home/ecologia/Documents/Lorena/capas/WorldClim_1970-2020_monthly_recortado/2000-01",42494081,115,14.1999998092651,3,"Train"
"545","2000-01-01",-97.951096,30.509552,"2000-01-01","/home/ecologia/Documents/Lorena/capas/WorldClim_1970-2020_monthly_recortado/2000-01",43674983,45,14.3000001907349,2.29999995231628,"Train"
"546","2000-01-01",-98.46699,29.575682,"2000-01-01","/home/ecologia/Documents/Lorena/capas/WorldClim_1970-2020_monthly_recortado/2000-01",44900089,44,16.2000007629395,3.90000009536743,"Train"
"547","2000-01-01",-97.00125,28.886602,"2000-01-01","/home/ecologia/Documents/Lorena/capas/WorldClim_1970-2020_monthly_recortado/2000-01",45808202,58,18.1000003814697,5.90000009536743,"Train"
"548","2000-01-01",-95.33175,29.744501,"2000-01-01","/home/ecologia/Documents/Lorena/capas/WorldClim_1970-2020_monthly_recortado/2000-01",44681686,93,16.8999996185303,6.5,"Train"
"549","2000-01-01",-97.78966,30.457302,"2000-01-01","/home/ecologia/Documents/Lorena/capas/WorldClim_1970-2020_monthly_recortado/2000-01",43751576,48,14.8999996185303,2.90000009536743,"Train"
"550","2000-01-01",-99.7215,29.0787,"2000-01-01","/home/ecologia/Documents/Lorena/capas/WorldClim_1970-2020_monthly_recortado/2000-01",45556279,26,17.3999996185303,3.90000009536743,"Train"
"551","2000-01-01",-86.49575,30.3935,"2000-01-01","/home/ecologia/Documents/Lorena/capas/WorldClim_1970-2020_monthly_recortado/2000-01",43829504,130,15.8999996185303,5.69999980926514,"Train"
"552","2000-01-01",-96.560776,28.676222,"2000-01-01","/home/ecologia/Documents/Lorena/capas/WorldClim_1970-2020_monthly_recortado/2000-01",46081730,70,17.5,7.30000019073486,"Train"
"553","2000-01-01",-95.248955,29.421986,"2000-01-01","/home/ecologia/Documents/Lorena/capas/WorldClim_1970-2020_monthly_recortado/2000-01",45108317,96,16.2999992370605,6.19999980926514,"Test"
"554","2000-01-01",-98.85898,18.981441,"2000-01-01","/home/ecologia/Documents/Lorena/capas/WorldClim_1970-2020_monthly_recortado/2000-01",58814450,10,24.7000007629395,7.5,"Train"
"555","2000-01-01",-104.80108,20.420069,"2000-01-01","/home/ecologia/Documents/Lorena/capas/WorldClim_1970-2020_monthly_recortado/2000-01",56921290,32,23.8999996185303,4.5,"Test"
"556","2000-01-01",-95.30566,29.726355,"2000-01-01","/home/ecologia/Documents/Lorena/capas/WorldClim_1970-2020_monthly_recortado/2000-01",44703567,94,16.8999996185303,6.5,"Train"
"557","2000-01-01",-82.95317,34.6857,"2000-01-01","/home/ecologia/Documents/Lorena/capas/WorldClim_1970-2020_monthly_recortado/2000-01",38196344,142,10.6999998092651,-0.899999976158142,"Train"
"558","2000-01-01",-92.12899,30.13661,"2000-01-01","/home/ecologia/Documents/Lorena/capas/WorldClim_1970-2020_monthly_recortado/2000-01",44167937,141,15.6000003814697,4.90000009536743,"Test"
"559","2000-01-01",-97.360756,32.648407,"2000-01-01","/home/ecologia/Documents/Lorena/capas/WorldClim_1970-2020_monthly_recortado/2000-01",40874670,44,13.1999998092651,0.800000011920929,"Train"
"560","2000-01-01",-77.81955,40.809708,"2000-01-01","/home/ecologia/Documents/Lorena/capas/WorldClim_1970-2020_monthly_recortado/2000-01",30156795,65,1.10000002384186,-8,"Train"
"561","2000-01-01",-77.564804,39.950695,"2000-01-01","/home/ecologia/Documents/Lorena/capas/WorldClim_1970-2020_monthly_recortado/2000-01",31283543,74,2.40000009536743,-6.69999980926514,"Train"
"562","2000-01-01",-95.59622,30.211231,"2000-01-01","/home/ecologia/Documents/Lorena/capas/WorldClim_1970-2020_monthly_recortado/2000-01",44069070,86,15.1999998092651,4,"Test"
"563","2000-01-01",-77.511406,39.64248,"2000-01-01","/home/ecologia/Documents/Lorena/capas/WorldClim_1970-2020_monthly_recortado/2000-01",31688292,77,1.79999995231628,-6.69999980926514,"Train"
"564","2000-01-01",-84.6294,38.1333,"2000-01-01","/home/ecologia/Documents/Lorena/capas/WorldClim_1970-2020_monthly_recortado/2000-01",33678336,78,4.30000019073486,-5.40000009536743,"Test"
"565","2000-01-01",-76.47958,38.46644,"2000-01-01","/home/ecologia/Documents/Lorena/capas/WorldClim_1970-2020_monthly_recortado/2000-01",33241754,90,6.59999990463257,-3.09999990463257,"Test"
"566","2000-01-01",-80.08072,26.528336,"2000-01-01","/home/ecologia/Documents/Lorena/capas/WorldClim_1970-2020_monthly_recortado/2000-01",48905970,71,24,14.1000003814697,"Train"
"567","2000-01-01",-104.49893,21.4563,"2000-01-01","/home/ecologia/Documents/Lorena/capas/WorldClim_1970-2020_monthly_recortado/2000-01",55564891,31,29.8999996185303,13.3999996185303,"Train"
"568","2000-01-01",-90.8492,29.7951,"2000-01-01","/home/ecologia/Documents/Lorena/capas/WorldClim_1970-2020_monthly_recortado/2000-01",44616590,146,16.8999996185303,5.19999980926514,"Train"
"569","2000-01-01",-122.31244,47.71099,"2000-01-01","/home/ecologia/Documents/Lorena/capas/WorldClim_1970-2020_monthly_recortado/2000-01",21093964,137,7.80000019073486,1.89999997615814,"Train"
"570","2000-01-01",-95.41712,30.07992,"2000-01-01","/home/ecologia/Documents/Lorena/capas/WorldClim_1970-2020_monthly_recortado/2000-01",44244115,88,16.2999992370605,5,"Train"
"571","2000-01-01",-105.855995,23.5822,"2000-01-01","/home/ecologia/Documents/Lorena/capas/WorldClim_1970-2020_monthly_recortado/2000-01",52775283,66,19.7000007629395,2,"Test"
"572","2000-01-01",-95.37665,29.584015,"2000-01-01","/home/ecologia/Documents/Lorena/capas/WorldClim_1970-2020_monthly_recortado/2000-01",44889521,93,16.2000007629395,5.69999980926514,"Train"
"573","2000-01-01",-82.32483,29.65165,"2000-01-01","/home/ecologia/Documents/Lorena/capas/WorldClim_1970-2020_monthly_recortado/2000-01",44803576,89,19.3999996185303,5.90000009536743,"Test"
"574","2000-01-01",-82.26036,28.334118,"2000-01-01","/home/ecologia/Documents/Lorena/capas/WorldClim_1970-2020_monthly_recortado/2000-01",46531945,75,21.5,8.60000038146973,"Train"
"575","2000-01-01",-92.49444,34.716667,"2000-01-01","/home/ecologia/Documents/Lorena/capas/WorldClim_1970-2020_monthly_recortado/2000-01",38151443,86,9.69999980926514,-1.5,"Train"
"576","2000-01-01",-73.34301,40.90177,"2000-01-01","/home/ecologia/Documents/Lorena/capas/WorldClim_1970-2020_monthly_recortado/2000-01",30037003,91,3.20000004768372,-4.90000009536743,"Train"
"577","2000-01-01",-72.3019,41.32559,"2000-01-01","/home/ecologia/Documents/Lorena/capas/WorldClim_1970-2020_monthly_recortado/2000-01",29479239,107,2.79999995231628,-6.59999990463257,"Train"
"578","2000-01-01",-90.18642,30.007418,"2000-01-01","/home/ecologia/Documents/Lorena/capas/WorldClim_1970-2020_monthly_recortado/2000-01",44343194,138,17.2000007629395,5.80000019073486,"Train"
"579","2000-01-01",-102.14066,32.028927,"2000-01-01","/home/ecologia/Documents/Lorena/capas/WorldClim_1970-2020_monthly_recortado/2000-01",41683583,13,14.1000003814697,-1.5,"Test"
"580","2000-01-01",-105.75843,23.53502,"2000-01-01","/home/ecologia/Documents/Lorena/capas/WorldClim_1970-2020_monthly_recortado/2000-01",52829989,43,25.7000007629395,9.5,"Train"
"581","2000-01-01",-82.49029,29.70658,"2000-01-01","/home/ecologia/Documents/Lorena/capas/WorldClim_1970-2020_monthly_recortado/2000-01",44737922,96,19.7000007629395,5.30000019073486,"Train"
"582","2000-01-01",-98.30226,29.927412,"2000-01-01","/home/ecologia/Documents/Lorena/capas/WorldClim_1970-2020_monthly_recortado/2000-01",44440671,47,15.1999998092651,2.5,"Train"
"583","2000-01-01",-95.49724,30.187708,"2000-01-01","/home/ecologia/Documents/Lorena/capas/WorldClim_1970-2020_monthly_recortado/2000-01",44101899,88,15.8000001907349,4.69999980926514,"Train"
"584","2000-01-01",-83.62551,33.553844,"2000-01-01","/home/ecologia/Documents/Lorena/capas/WorldClim_1970-2020_monthly_recortado/2000-01",39683967,123,11.8000001907349,0.300000011920929,"Train"
"585","2000-01-01",-97.63733,30.464483,"2000-01-01","/home/ecologia/Documents/Lorena/capas/WorldClim_1970-2020_monthly_recortado/2000-01",43740655,49,15.3999996185303,2.79999995231628,"Test"
"586","2000-01-01",-89.58801,35.254032,"2000-01-01","/home/ecologia/Documents/Lorena/capas/WorldClim_1970-2020_monthly_recortado/2000-01",37451696,103,8.10000038146973,-1.70000004768372,"Train"
"587","2000-01-01",-95.20101,29.52943,"2000-01-01","/home/ecologia/Documents/Lorena/capas/WorldClim_1970-2020_monthly_recortado/2000-01",44966115,97,16.3999996185303,6.40000009536743,"Test"
"588","2000-01-01",-92.07296,30.398859,"2000-01-01","/home/ecologia/Documents/Lorena/capas/WorldClim_1970-2020_monthly_recortado/2000-01",43828835,157,15.3999996185303,4.19999980926514,"Train"
"589","2000-01-01",-98.65639,29.685509,"2000-01-01","/home/ecologia/Documents/Lorena/capas/WorldClim_1970-2020_monthly_recortado/2000-01",44757860,44,15.3000001907349,2.29999995231628,"Train"
"590","2000-01-01",-84.22301,30.524298,"2000-01-01","/home/ecologia/Documents/Lorena/capas/WorldClim_1970-2020_monthly_recortado/2000-01",43665692,132,16.6000003814697,4.09999990463257,"Train"
"591","2000-01-01",-97.23452,29.030924,"2000-01-01","/home/ecologia/Documents/Lorena/capas/WorldClim_1970-2020_monthly_recortado/2000-01",45622211,58,17.3999996185303,5.19999980926514,"Train"
"592","2000-01-01",-97.65558,27.868368,"2000-01-01","/home/ecologia/Documents/Lorena/capas/WorldClim_1970-2020_monthly_recortado/2000-01",47142682,41,18.8999996185303,7.19999980926514,"Train"
"593","2000-01-01",-98.86908,29.497389,"2000-01-01","/home/ecologia/Documents/Lorena/capas/WorldClim_1970-2020_monthly_recortado/2000-01",45009431,38,16.2000007629395,2.90000009536743,"Train"
"594","2000-01-01",-81.185905,35.818417,"2000-01-01","/home/ecologia/Documents/Lorena/capas/WorldClim_1970-2020_monthly_recortado/2000-01",36708852,95,9.30000019073486,-2.90000009536743,"Train"
"595","2000-01-01",-104.92804,21.504225,"2000-01-01","/home/ecologia/Documents/Lorena/capas/WorldClim_1970-2020_monthly_recortado/2000-01",55499205,34,24.8999996185303,6.90000009536743,"Train"
"596","2000-01-01",-104.01634,20.725912,"2000-01-01","/home/ecologia/Documents/Lorena/capas/WorldClim_1970-2020_monthly_recortado/2000-01",56516642,20,25.7000007629395,6.19999980926514,"Train"
"597","2000-01-01",-96.4766,16.115896,"2000-01-01","/home/ecologia/Documents/Lorena/capas/WorldClim_1970-2020_monthly_recortado/2000-01",62577752,6,20,8.89999961853027,"Train"
"598","2000-01-01",-84.15406,36.07067,"2000-01-01","/home/ecologia/Documents/Lorena/capas/WorldClim_1970-2020_monthly_recortado/2000-01",36380326,95,7.80000019073486,-3.29999995231628,"Test"
"599","2000-01-01",-98.10703,29.697258,"2000-01-01","/home/ecologia/Documents/Lorena/capas/WorldClim_1970-2020_monthly_recortado/2000-01",44746987,49,16.1000003814697,3.29999995231628,"Train"
"600","2000-01-01",-124.45639,42.996426,"2000-01-01","/home/ecologia/Documents/Lorena/capas/WorldClim_1970-2020_monthly_recortado/2000-01",27285181,275,12.3000001907349,3.79999995231628,"Train"
"601","2000-01-01",-95.6743,30.1872,"2000-01-01","/home/ecologia/Documents/Lorena/capas/WorldClim_1970-2020_monthly_recortado/2000-01",44101878,84,15.1000003814697,3.90000009536743,"Train"
"602","2000-01-01",-97.89136,29.886284,"2000-01-01","/home/ecologia/Documents/Lorena/capas/WorldClim_1970-2020_monthly_recortado/2000-01",44495416,53,16.1000003814697,3,"Test"
"603","2000-01-01",-84.14733,30.151566,"2000-01-01","/home/ecologia/Documents/Lorena/capas/WorldClim_1970-2020_monthly_recortado/2000-01",44147017,123,16.8999996185303,5,"Train"
"604","2000-01-01",-98.77754,29.76334,"2000-01-01","/home/ecologia/Documents/Lorena/capas/WorldClim_1970-2020_monthly_recortado/2000-01",44659394,43,14.8999996185303,2.09999990463257,"Test"
"605","2000-01-01",-93.187,30.312,"2000-01-01","/home/ecologia/Documents/Lorena/capas/WorldClim_1970-2020_monthly_recortado/2000-01",43938091,130,15.3999996185303,4.90000009536743,"Train"
"606","2000-01-01",-76.259926,38.928696,"2000-01-01","/home/ecologia/Documents/Lorena/capas/WorldClim_1970-2020_monthly_recortado/2000-01",32629196,88,5.59999990463257,-3.29999995231628,"Train"
"607","2000-01-01",-96.82478,29.928944,"2000-01-01","/home/ecologia/Documents/Lorena/capas/WorldClim_1970-2020_monthly_recortado/2000-01",44440849,72,16.2000007629395,4.09999990463257,"Train"
"608","2000-01-01",-95.452034,29.765392,"2000-01-01","/home/ecologia/Documents/Lorena/capas/WorldClim_1970-2020_monthly_recortado/2000-01",44659793,89,16.5,6.19999980926514,"Test"
"609","2000-01-01",-75.98308,38.867783,"2000-01-01","/home/ecologia/Documents/Lorena/capas/WorldClim_1970-2020_monthly_recortado/2000-01",32705803,94,5.59999990463257,-3.79999995231628,"Train"
"610","2000-01-01",-96.96241,28.840752,"2000-01-01","/home/ecologia/Documents/Lorena/capas/WorldClim_1970-2020_monthly_recortado/2000-01",45873841,58,18.2000007629395,6.09999990463257,"Test"
"611","2000-01-01",-87.63755,30.371033,"2000-01-01","/home/ecologia/Documents/Lorena/capas/WorldClim_1970-2020_monthly_recortado/2000-01",43862184,138,16.3999996185303,5.40000009536743,"Test"
"612","2000-01-01",-122.17101,48.19666,"2000-01-01","/home/ecologia/Documents/Lorena/capas/WorldClim_1970-2020_monthly_recortado/2000-01",20459519,136,7.09999990463257,0.5,"Train"
"613","2000-01-01",-77.934975,34.2073,"2000-01-01","/home/ecologia/Documents/Lorena/capas/WorldClim_1970-2020_monthly_recortado/2000-01",38831408,109,13.3999996185303,1.70000004768372,"Train"
"614","2000-01-01",-90.19282,30.60375,"2000-01-01","/home/ecologia/Documents/Lorena/capas/WorldClim_1970-2020_monthly_recortado/2000-01",43555585,141,15.8000001907349,3.59999990463257,"Train"
"615","2000-01-01",-94.65752,29.817413,"2000-01-01","/home/ecologia/Documents/Lorena/capas/WorldClim_1970-2020_monthly_recortado/2000-01",44583316,107,15.8000001907349,5.69999980926514,"Test"
"616","2000-01-01",-96.24116,30.643415,"2000-01-01","/home/ecologia/Documents/Lorena/capas/WorldClim_1970-2020_monthly_recortado/2000-01",43500165,81,15.1000003814697,3.59999990463257,"Test"
"617","2000-01-01",-97.861404,28.042028,"2000-01-01","/home/ecologia/Documents/Lorena/capas/WorldClim_1970-2020_monthly_recortado/2000-01",46912938,40,18.2000007629395,6.69999980926514,"Train"
"618","2000-01-01",-97.04798,28.058716,"2000-01-01","/home/ecologia/Documents/Lorena/capas/WorldClim_1970-2020_monthly_recortado/2000-01",46891158,56,18,8.19999980926514,"Train"
"619","2000-01-01",-76.40889,44.247093,"2000-01-01","/home/ecologia/Documents/Lorena/capas/WorldClim_1970-2020_monthly_recortado/2000-01",25650096,80,-3.20000004768372,-12.6999998092651,"Train"
"620","2000-01-01",-95.54509,29.611189,"2000-01-01","/home/ecologia/Documents/Lorena/capas/WorldClim_1970-2020_monthly_recortado/2000-01",44856684,88,16.6000003814697,5.5,"Train"
"621","2000-01-01",-73.14851,43.05652,"2000-01-01","/home/ecologia/Documents/Lorena/capas/WorldClim_1970-2020_monthly_recortado/2000-01",27214765,72,-1.79999995231628,-12.5,"Test"
"622","2000-01-01",-95.24135,29.59794,"2000-01-01","/home/ecologia/Documents/Lorena/capas/WorldClim_1970-2020_monthly_recortado/2000-01",44878599,97,16.6000003814697,6.5,"Train"
"623","2000-01-01",-82.2274,27.8858,"2000-01-01","/home/ecologia/Documents/Lorena/capas/WorldClim_1970-2020_monthly_recortado/2000-01",47122655,62,22,9.69999980926514,"Train"
"624","2000-01-01",-127.480545,50.401314,"2000-01-01","/home/ecologia/Documents/Lorena/capas/WorldClim_1970-2020_monthly_recortado/2000-01",17560047,433,6.40000009536743,1.60000002384186,"Train"
"625","2000-01-01",-99.47244,22.480124,"2000-01-01","/home/ecologia/Documents/Lorena/capas/WorldClim_1970-2020_monthly_recortado/2000-01",54219997,17,22,8.19999980926514,"Train"
"626","2000-01-01",-75.93661,40.26611,"2000-01-01","/home/ecologia/Documents/Lorena/capas/WorldClim_1970-2020_monthly_recortado/2000-01",30878995,87,2.29999995231628,-6.5,"Train"
"627","2000-01-01",-109.11093,31.822342,"2000-01-01","/home/ecologia/Documents/Lorena/capas/WorldClim_1970-2020_monthly_recortado/2000-01",41956221,24,14.8000001907349,-2.29999995231628,"Train"
"628","2000-01-01",-79.06461,35.9536,"2000-01-01","/home/ecologia/Documents/Lorena/capas/WorldClim_1970-2020_monthly_recortado/2000-01",36534083,102,9.89999961853027,-1.89999997615814,"Test"
"629","2000-01-01",-111.02225,32.21879,"2000-01-01","/home/ecologia/Documents/Lorena/capas/WorldClim_1970-2020_monthly_recortado/2000-01",41430920,26,18.2999992370605,4.09999990463257,"Train"
"630","2000-01-01",-76.71246,39.484055,"2000-01-01","/home/ecologia/Documents/Lorena/capas/WorldClim_1970-2020_monthly_recortado/2000-01",31896229,85,3.59999990463257,-5.30000019073486,"Train"
"631","2000-01-01",-85.487755,31.225506,"2000-01-01","/home/ecologia/Documents/Lorena/capas/WorldClim_1970-2020_monthly_recortado/2000-01",42735725,113,14.8999996185303,3.5,"Train"
"632","2000-01-01",-86.51454,36.89867,"2000-01-01","/home/ecologia/Documents/Lorena/capas/WorldClim_1970-2020_monthly_recortado/2000-01",35297082,96,6,-4.30000019073486,"Train"
"633","2000-01-01",-104.71578,19.225016,"2000-01-01","/home/ecologia/Documents/Lorena/capas/WorldClim_1970-2020_monthly_recortado/2000-01",58485578,32,31.3999996185303,16.2999992370605,"Test"
"634","2000-01-01",-91.12255,30.372726,"2000-01-01","/home/ecologia/Documents/Lorena/capas/WorldClim_1970-2020_monthly_recortado/2000-01",43861766,146,16.1000003814697,4.69999980926514,"Train"
"635","2000-01-01",-75.10434,38.697903,"2000-01-01","/home/ecologia/Documents/Lorena/capas/WorldClim_1970-2020_monthly_recortado/2000-01",32935627,94,6,-2.59999990463257,"Train"
"636","2000-01-01",-87.43478,34.852463,"2000-01-01","/home/ecologia/Documents/Lorena/capas/WorldClim_1970-2020_monthly_recortado/2000-01",37977026,126,9.19999980926514,-1.70000004768372,"Train"
"637","2000-01-01",-89.70917,30.276112,"2000-01-01","/home/ecologia/Documents/Lorena/capas/WorldClim_1970-2020_monthly_recortado/2000-01",43982264,137,16.2999992370605,5,"Train"
"638","2000-01-01",-99.14721,18.878256,"2000-01-01","/home/ecologia/Documents/Lorena/capas/WorldClim_1970-2020_monthly_recortado/2000-01",58945684,11,27.3999996185303,11.1000003814697,"Train"
"639","2000-01-01",-81.14204,34.044758,"2000-01-01","/home/ecologia/Documents/Lorena/capas/WorldClim_1970-2020_monthly_recortado/2000-01",39038864,114,12.8000001907349,0.800000011920929,"Train"
"640","2000-01-01",-85.18432,41.11308,"2000-01-01","/home/ecologia/Documents/Lorena/capas/WorldClim_1970-2020_monthly_recortado/2000-01",29762107,48,-0.600000023841858,-9.30000019073486,"Test"
"641","2000-01-01",-92.02129,30.191015,"2000-01-01","/home/ecologia/Documents/Lorena/capas/WorldClim_1970-2020_monthly_recortado/2000-01",44102316,148,16.1000003814697,5,"Test"
"642","2000-01-01",-80.36222,25.682917,"2000-01-01","/home/ecologia/Documents/Lorena/capas/WorldClim_1970-2020_monthly_recortado/2000-01",50021714,54,24.6000003814697,15,"Train"
"643","2000-01-01",-97.00887,28.816101,"2000-01-01","/home/ecologia/Documents/Lorena/capas/WorldClim_1970-2020_monthly_recortado/2000-01",45906652,58,18.5,6.5,"Train"
"644","2000-01-01",-75.08998,40.106174,"2000-01-01","/home/ecologia/Documents/Lorena/capas/WorldClim_1970-2020_monthly_recortado/2000-01",31086938,90,3.90000009536743,-5.30000019073486,"Train"
"645","2000-01-01",-98.457245,29.480364,"2000-01-01","/home/ecologia/Documents/Lorena/capas/WorldClim_1970-2020_monthly_recortado/2000-01",45031359,43,16.5,4.30000019073486,"Train"
"646","2000-01-01",-70.60676,41.711967,"2000-01-01","/home/ecologia/Documents/Lorena/capas/WorldClim_1970-2020_monthly_recortado/2000-01",28976249,105,3,-5.90000009536743,"Train"
"647","2000-01-01",-111.04083,31.612831,"2000-01-01","/home/ecologia/Documents/Lorena/capas/WorldClim_1970-2020_monthly_recortado/2000-01",42229465,26,18.8999996185303,0.899999976158142,"Train"
"648","2000-01-01",-76.8201,37.24912,"2000-01-01","/home/ecologia/Documents/Lorena/capas/WorldClim_1970-2020_monthly_recortado/2000-01",34838807,99,8.60000038146973,-1.79999995231628,"Train"
"649","2000-01-01",-69.99095,41.750706,"2000-01-01","/home/ecologia/Documents/Lorena/capas/WorldClim_1970-2020_monthly_recortado/2000-01",28921628,94,3.09999990463257,-4.40000009536743,"Test"
"650","2000-01-01",-80.140175,41.882046,"2000-01-01","/home/ecologia/Documents/Lorena/capas/WorldClim_1970-2020_monthly_recortado/2000-01",28756325,66,-0.800000011920929,-8.89999961853027,"Train"
"651","2000-01-01",-82.86369,34.694767,"2000-01-01","/home/ecologia/Documents/Lorena/capas/WorldClim_1970-2020_monthly_recortado/2000-01",38185416,137,11.1000003814697,-0.5,"Test"
"652","2000-01-01",-86.4399,39.150505,"2000-01-01","/home/ecologia/Documents/Lorena/capas/WorldClim_1970-2020_monthly_recortado/2000-01",32332622,66,2.40000009536743,-7.09999990463257,"Train"
"653","2000-01-01",-79.105415,38.945595,"2000-01-01","/home/ecologia/Documents/Lorena/capas/WorldClim_1970-2020_monthly_recortado/2000-01",32606977,58,5.30000019073486,-6.09999990463257,"Train"
"654","2000-01-01",-103.6462,19.492445,"2000-01-01","/home/ecologia/Documents/Lorena/capas/WorldClim_1970-2020_monthly_recortado/2000-01",58135658,32,19.2000007629395,5,"Train"
"655","2000-01-01",-84.27328,33.765987,"2000-01-01","/home/ecologia/Documents/Lorena/capas/WorldClim_1970-2020_monthly_recortado/2000-01",39410415,129,10.8999996185303,0.5,"Train"
"656","2000-01-01",-104.097,30.61738,"2000-01-01","/home/ecologia/Documents/Lorena/capas/WorldClim_1970-2020_monthly_recortado/2000-01",43532039,12,12.5,-1.20000004768372,"Train"
"657","2000-01-01",-91.09223,30.446543,"2000-01-01","/home/ecologia/Documents/Lorena/capas/WorldClim_1970-2020_monthly_recortado/2000-01",43763318,149,16.2999992370605,4.59999990463257,"Test"
"658","2000-01-01",-82.32934,28.134918,"2000-01-01","/home/ecologia/Documents/Lorena/capas/WorldClim_1970-2020_monthly_recortado/2000-01",46794473,72,21.3999996185303,9.5,"Test"
"659","2000-01-01",-95.52867,30.033503,"2000-01-01","/home/ecologia/Documents/Lorena/capas/WorldClim_1970-2020_monthly_recortado/2000-01",44298797,86,16.2999992370605,4.90000009536743,"Train"
"660","2000-01-01",-120.669754,46.586414,"2000-01-01","/home/ecologia/Documents/Lorena/capas/WorldClim_1970-2020_monthly_recortado/2000-01",22570926,42,2.79999995231628,-5.69999980926514,"Train"
"661","2000-01-01",-76.824265,38.654343,"2000-01-01","/home/ecologia/Documents/Lorena/capas/WorldClim_1970-2020_monthly_recortado/2000-01",32990116,84,5.90000009536743,-3.90000009536743,"Train"
"662","2000-01-01",-90.21557,29.996136,"2000-01-01","/home/ecologia/Documents/Lorena/capas/WorldClim_1970-2020_monthly_recortado/2000-01",44354130,140,17.1000003814697,5.80000019073486,"Train"
"663","2000-01-01",-81.33726,28.708115,"2000-01-01","/home/ecologia/Documents/Lorena/capas/WorldClim_1970-2020_monthly_recortado/2000-01",46050740,61,21.3999996185303,8.60000038146973,"Test"
"664","2000-01-01",-80.002304,37.2527,"2000-01-01","/home/ecologia/Documents/Lorena/capas/WorldClim_1970-2020_monthly_recortado/2000-01",34827486,70,7.30000019073486,-3.59999990463257,"Train"
"665","2000-01-01",-98.38054,26.169096,"2000-01-01","/home/ecologia/Documents/Lorena/capas/WorldClim_1970-2020_monthly_recortado/2000-01",49374151,36,20.1000003814697,8.69999980926514,"Test"
"666","2000-01-01",-82.53445,29.678509,"2000-01-01","/home/ecologia/Documents/Lorena/capas/WorldClim_1970-2020_monthly_recortado/2000-01",44770733,95,19.6000003814697,5.30000019073486,"Train"
"667","2000-01-01",-72.37666,40.918602,"2000-01-01","/home/ecologia/Documents/Lorena/capas/WorldClim_1970-2020_monthly_recortado/2000-01",30015241,106,3.40000009536743,-5,"Train"
"668","2000-01-01",-100.1917,17.432505,"2000-01-01","/home/ecologia/Documents/Lorena/capas/WorldClim_1970-2020_monthly_recortado/2000-01",60848944,18,26.6000003814697,13.5,"Train"
"669","2000-01-01",-95.55594,29.926188,"2000-01-01","/home/ecologia/Documents/Lorena/capas/WorldClim_1970-2020_monthly_recortado/2000-01",44441001,86,16.5,5.09999990463257,"Train"
"670","2000-01-01",-84.16423,39.1782,"2000-01-01","/home/ecologia/Documents/Lorena/capas/WorldClim_1970-2020_monthly_recortado/2000-01",32300078,71,2.5,-6.80000019073486,"Test"
"671","2000-01-01",-98.134,26.297108,"2000-01-01","/home/ecologia/Documents/Lorena/capas/WorldClim_1970-2020_monthly_recortado/2000-01",49210095,35,20.5,9,"Train"
"672","2000-01-01",-87.17956,30.603868,"2000-01-01","/home/ecologia/Documents/Lorena/capas/WorldClim_1970-2020_monthly_recortado/2000-01",43555947,133,15.8000001907349,4.90000009536743,"Train"
"673","2000-01-01",-98.241066,29.612734,"2000-01-01","/home/ecologia/Documents/Lorena/capas/WorldClim_1970-2020_monthly_recortado/2000-01",44856361,48,16.1000003814697,3.40000009536743,"Train"
"674","2000-01-01",-83.99189,35.90849,"2000-01-01","/home/ecologia/Documents/Lorena/capas/WorldClim_1970-2020_monthly_recortado/2000-01",36588186,102,8.30000019073486,-2.79999995231628,"Train"
"675","2000-01-01",-105.00508,21.466572,"2000-01-01","/home/ecologia/Documents/Lorena/capas/WorldClim_1970-2020_monthly_recortado/2000-01",55553891,36,23.2999992370605,6.5,"Train"
"676","2000-01-01",-95.25487,29.54204,"2000-01-01","/home/ecologia/Documents/Lorena/capas/WorldClim_1970-2020_monthly_recortado/2000-01",44944231,96,16.2999992370605,6.19999980926514,"Train"
"677","2000-01-01",-90.062,30.437,"2000-01-01","/home/ecologia/Documents/Lorena/capas/WorldClim_1970-2020_monthly_recortado/2000-01",43774381,138,16.1000003814697,4.19999980926514,"Train"
"678","2000-01-01",-96.50542,16.17298,"2000-01-01","/home/ecologia/Documents/Lorena/capas/WorldClim_1970-2020_monthly_recortado/2000-01",62501176,6,21.3999996185303,9.69999980926514,"Train"
"679","2000-01-01",-95.049225,29.756033,"2000-01-01","/home/ecologia/Documents/Lorena/capas/WorldClim_1970-2020_monthly_recortado/2000-01",44670781,100,16.1000003814697,7,"Test"
"680","2000-01-01",-81.88052,28.560314,"2000-01-01","/home/ecologia/Documents/Lorena/capas/WorldClim_1970-2020_monthly_recortado/2000-01",46236638,72,21.2999992370605,8.39999961853027,"Test"
"681","2000-01-01",-117.88232,33.64628,"2000-01-01","/home/ecologia/Documents/Lorena/capas/WorldClim_1970-2020_monthly_recortado/2000-01",39559528,70,19,8,"Train"
"682","2000-01-01",-104.883255,21.533306,"2000-01-01","/home/ecologia/Documents/Lorena/capas/WorldClim_1970-2020_monthly_recortado/2000-01",55466394,31,28.2000007629395,8.80000019073486,"Train"
"683","2000-01-01",-86.629684,31.859772,"2000-01-01","/home/ecologia/Documents/Lorena/capas/WorldClim_1970-2020_monthly_recortado/2000-01",41904224,137,14.1000003814697,2.20000004768372,"Test"
"684","2000-01-01",-98.12378,30.364151,"2000-01-01","/home/ecologia/Documents/Lorena/capas/WorldClim_1970-2020_monthly_recortado/2000-01",43871865,43,15.1000003814697,2.20000004768372,"Train"
"685","2000-01-01",-86.04119,30.28668,"2000-01-01","/home/ecologia/Documents/Lorena/capas/WorldClim_1970-2020_monthly_recortado/2000-01",43971766,131,16.2999992370605,5.19999980926514,"Train"
"686","2000-01-01",-84.15835,35.895138,"2000-01-01","/home/ecologia/Documents/Lorena/capas/WorldClim_1970-2020_monthly_recortado/2000-01",36610044,102,8.10000038146973,-3,"Test"
"687","2000-01-01",-123.18551,39.179333,"2000-01-01","/home/ecologia/Documents/Lorena/capas/WorldClim_1970-2020_monthly_recortado/2000-01",32295395,210,13.6000003814697,2.09999990463257,"Train"
"688","2000-01-01",-90.19143,30.686852,"2000-01-01","/home/ecologia/Documents/Lorena/capas/WorldClim_1970-2020_monthly_recortado/2000-01",43446196,141,15.6999998092651,3.40000009536743,"Train"
"689","2000-01-01",-95.21735,29.532566,"2000-01-01","/home/ecologia/Documents/Lorena/capas/WorldClim_1970-2020_monthly_recortado/2000-01",44966113,97,16.3999996185303,6.30000019073486,"Train"
"690","2000-01-01",-97.83484,30.54024,"2000-01-01","/home/ecologia/Documents/Lorena/capas/WorldClim_1970-2020_monthly_recortado/2000-01",43642180,47,14.6999998092651,2.29999995231628,"Train"
"691","2000-01-01",-90.22777,29.96326,"2000-01-01","/home/ecologia/Documents/Lorena/capas/WorldClim_1970-2020_monthly_recortado/2000-01",44397884,141,16.7999992370605,5.80000019073486,"Train"
"692","2000-01-01",-85.06149,35.09009,"2000-01-01","/home/ecologia/Documents/Lorena/capas/WorldClim_1970-2020_monthly_recortado/2000-01",37671019,134,8.69999980926514,-2.09999990463257,"Train"
"693","2000-01-01",-90.0537,30.0075,"2000-01-01","/home/ecologia/Documents/Lorena/capas/WorldClim_1970-2020_monthly_recortado/2000-01",44343210,136,17.1000003814697,5.90000009536743,"Test"
"694","2000-01-01",-94.13129,33.67432,"2000-01-01","/home/ecologia/Documents/Lorena/capas/WorldClim_1970-2020_monthly_recortado/2000-01",39529561,76,11.3000001907349,-0.100000001490116,"Train"
"695","2000-01-01",-92.255165,34.782055,"2000-01-01","/home/ecologia/Documents/Lorena/capas/WorldClim_1970-2020_monthly_recortado/2000-01",38074899,88,10,-1,"Test"
"696","2000-01-01",-81.00636,35.56312,"2000-01-01","/home/ecologia/Documents/Lorena/capas/WorldClim_1970-2020_monthly_recortado/2000-01",37047983,98,9.80000019073486,-1.89999997615814,"Train"
"697","2000-01-01",-77.2653,38.90121,"2000-01-01","/home/ecologia/Documents/Lorena/capas/WorldClim_1970-2020_monthly_recortado/2000-01",32661893,75,5.69999980926514,-4.19999980926514,"Test"
"698","2000-01-01",-86.457405,30.406034,"2000-01-01","/home/ecologia/Documents/Lorena/capas/WorldClim_1970-2020_monthly_recortado/2000-01",43818570,131,16,5.59999990463257,"Train"
"699","2000-01-01",-108.26968,32.826607,"2000-01-01","/home/ecologia/Documents/Lorena/capas/WorldClim_1970-2020_monthly_recortado/2000-01",40632703,26,10.6000003814697,-5.30000019073486,"Train"
"700","2000-01-01",-104.15372,19.98511,"2000-01-01","/home/ecologia/Documents/Lorena/capas/WorldClim_1970-2020_monthly_recortado/2000-01",57490196,27,25,5.69999980926514,"Train"
"701","2000-01-01",-92.062,30.187,"2000-01-01","/home/ecologia/Documents/Lorena/capas/WorldClim_1970-2020_monthly_recortado/2000-01",44102311,146,16,5,"Train"
"702","2000-01-01",-106.1375,24.726667,"2000-01-01","/home/ecologia/Documents/Lorena/capas/WorldClim_1970-2020_monthly_recortado/2000-01",51265667,56,20.7999992370605,4.69999980926514,"Train"
"703","2000-01-01",-95.934746,29.671944,"2000-01-01","/home/ecologia/Documents/Lorena/capas/WorldClim_1970-2020_monthly_recortado/2000-01",44780064,77,16,4.09999990463257,"Train"
"704","2000-01-01",-72.44623,41.9854,"2000-01-01","/home/ecologia/Documents/Lorena/capas/WorldClim_1970-2020_monthly_recortado/2000-01",28615041,92,1.20000004768372,-9.60000038146973,"Train"
"705","2000-01-01",-91.13785,30.38633,"2000-01-01","/home/ecologia/Documents/Lorena/capas/WorldClim_1970-2020_monthly_recortado/2000-01",43839886,147,16.1000003814697,4.80000019073486,"Train"
"706","2000-01-01",-87.90331,30.584833,"2000-01-01","/home/ecologia/Documents/Lorena/capas/WorldClim_1970-2020_monthly_recortado/2000-01",43577738,147,15.6000003814697,4.90000009536743,"Test"
"707","2000-01-01",-91.15586,30.425304,"2000-01-01","/home/ecologia/Documents/Lorena/capas/WorldClim_1970-2020_monthly_recortado/2000-01",43785189,147,16.2000007629395,4.80000019073486,"Test"
"708","2000-01-01",-79.85652,36.10816,"2000-01-01","/home/ecologia/Documents/Lorena/capas/WorldClim_1970-2020_monthly_recortado/2000-01",36337086,87,8.89999961853027,-2.20000004768372,"Test"
"709","2000-01-01",-92.06842,30.4113,"2000-01-01","/home/ecologia/Documents/Lorena/capas/WorldClim_1970-2020_monthly_recortado/2000-01",43806957,158,15.3999996185303,4.19999980926514,"Train"
"710","2000-01-01",-90.33729,30.67939,"2000-01-01","/home/ecologia/Documents/Lorena/capas/WorldClim_1970-2020_monthly_recortado/2000-01",43457117,150,15.6999998092651,3.40000009536743,"Test"
"711","2000-01-01",-98.20188,26.28145,"2000-01-01","/home/ecologia/Documents/Lorena/capas/WorldClim_1970-2020_monthly_recortado/2000-01",49231965,34,20.7999992370605,9.19999980926514,"Train"
"712","2000-01-01",-86.27172,32.38555,"2000-01-01","/home/ecologia/Documents/Lorena/capas/WorldClim_1970-2020_monthly_recortado/2000-01",41215110,124,14,2.59999990463257,"Train"
"713","2000-01-01",-69.98149,41.767796,"2000-01-01","/home/ecologia/Documents/Lorena/capas/WorldClim_1970-2020_monthly_recortado/2000-01",28899751,94,3.20000004768372,-4.30000019073486,"Train"
"714","2000-01-01",-94.81933,29.911633,"2000-01-01","/home/ecologia/Documents/Lorena/capas/WorldClim_1970-2020_monthly_recortado/2000-01",44462967,109,16,5.59999990463257,"Test"
"715","2000-01-01",-79.57239,40.410683,"2000-01-01","/home/ecologia/Documents/Lorena/capas/WorldClim_1970-2020_monthly_recortado/2000-01",30681657,66,2,-7.80000019073486,"Train"
"716","2000-01-01",-97.03039,28.771835,"2000-01-01","/home/ecologia/Documents/Lorena/capas/WorldClim_1970-2020_monthly_recortado/2000-01",45961345,58,18.2999992370605,6.19999980926514,"Train"
"717","2000-01-01",-84.373764,29.893787,"2000-01-01","/home/ecologia/Documents/Lorena/capas/WorldClim_1970-2020_monthly_recortado/2000-01",44486099,116,16.7999992370605,6.40000009536743,"Test"
"718","2000-01-01",-77.39417,40.493134,"2000-01-01","/home/ecologia/Documents/Lorena/capas/WorldClim_1970-2020_monthly_recortado/2000-01",30572528,65,2.09999990463257,-7,"Test"
"719","2000-01-01",-95.16592,30.067652,"2000-01-01","/home/ecologia/Documents/Lorena/capas/WorldClim_1970-2020_monthly_recortado/2000-01",44255085,98,16.1000003814697,5.30000019073486,"Train"
"720","2000-01-01",-105.83631,23.509798,"2000-01-01","/home/ecologia/Documents/Lorena/capas/WorldClim_1970-2020_monthly_recortado/2000-01",52862797,67,21.2999992370605,3.79999995231628,"Test"
"721","2000-01-01",-78.79991,35.772114,"2000-01-01","/home/ecologia/Documents/Lorena/capas/WorldClim_1970-2020_monthly_recortado/2000-01",36774773,102,10.1000003814697,-1.29999995231628,"Test"
"722","2000-01-01",-82.27717,28.504663,"2000-01-01","/home/ecologia/Documents/Lorena/capas/WorldClim_1970-2020_monthly_recortado/2000-01",46313163,81,21.1000003814697,8.19999980926514,"Test"
"723","2000-01-01",-95.64205,30.11847,"2000-01-01","/home/ecologia/Documents/Lorena/capas/WorldClim_1970-2020_monthly_recortado/2000-01",44189393,84,15.5,4.19999980926514,"Train"
"724","2000-01-01",-103.015236,20.350824,"2000-01-01","/home/ecologia/Documents/Lorena/capas/WorldClim_1970-2020_monthly_recortado/2000-01",57009017,18,21,6.90000009536743,"Test"
"725","2000-01-01",-103.62318,19.504866,"2000-01-01","/home/ecologia/Documents/Lorena/capas/WorldClim_1970-2020_monthly_recortado/2000-01",58124722,43,15.3000001907349,2.59999990463257,"Test"
"726","2000-01-01",-95.54472,29.688362,"2000-01-01","/home/ecologia/Documents/Lorena/capas/WorldClim_1970-2020_monthly_recortado/2000-01",44758233,87,17,6,"Train"
"727","2000-01-01",-89.95022,29.951365,"2000-01-01","/home/ecologia/Documents/Lorena/capas/WorldClim_1970-2020_monthly_recortado/2000-01",44408856,134,16.6000003814697,6.19999980926514,"Test"
"728","2000-01-01",-95.50973,30.19069,"2000-01-01","/home/ecologia/Documents/Lorena/capas/WorldClim_1970-2020_monthly_recortado/2000-01",44101897,87,15.6999998092651,4.5,"Train"
"729","2000-01-01",-110.23222,31.436808,"2000-01-01","/home/ecologia/Documents/Lorena/capas/WorldClim_1970-2020_monthly_recortado/2000-01",42459281,30,16,0.600000023841858,"Train"
"730","2000-01-01",-98.564186,29.590078,"2000-01-01","/home/ecologia/Documents/Lorena/capas/WorldClim_1970-2020_monthly_recortado/2000-01",44889139,43,16,3.70000004768372,"Train"
"731","2000-01-01",-97.7522,30.57218,"2000-01-01","/home/ecologia/Documents/Lorena/capas/WorldClim_1970-2020_monthly_recortado/2000-01",43598434,49,14.6000003814697,2.20000004768372,"Train"
"732","2000-01-01",-90.687,29.562,"2000-01-01","/home/ecologia/Documents/Lorena/capas/WorldClim_1970-2020_monthly_recortado/2000-01",44922901,137,17.2000007629395,6.40000009536743,"Test"
"733","2000-01-01",-85.23633,31.18298,"2000-01-01","/home/ecologia/Documents/Lorena/capas/WorldClim_1970-2020_monthly_recortado/2000-01",42801389,138,15.1999998092651,3.29999995231628,"Test"
"734","2000-01-01",-96.77365,17.056887,"2000-01-01","/home/ecologia/Documents/Lorena/capas/WorldClim_1970-2020_monthly_recortado/2000-01",61341610,3,27.8999996185303,9.5,"Train"
"735","2000-01-01",-82.669716,28.240582,"2000-01-01","/home/ecologia/Documents/Lorena/capas/WorldClim_1970-2020_monthly_recortado/2000-01",46663164,81,21.3999996185303,9.30000019073486,"Train"
"736","2000-01-01",-77.91926,34.243763,"2000-01-01","/home/ecologia/Documents/Lorena/capas/WorldClim_1970-2020_monthly_recortado/2000-01",38776715,107,13.6000003814697,1.79999995231628,"Train"
"737","2000-01-01",-87.90046,30.569723,"2000-01-01","/home/ecologia/Documents/Lorena/capas/WorldClim_1970-2020_monthly_recortado/2000-01",43599616,147,15.6000003814697,5,"Train"
"738","2000-01-01",-74.97639,39.26407,"2000-01-01","/home/ecologia/Documents/Lorena/capas/WorldClim_1970-2020_monthly_recortado/2000-01",32191790,87,5.40000009536743,-3.90000009536743,"Train"
"739","2000-01-01",-95.21489,29.553915,"2000-01-01","/home/ecologia/Documents/Lorena/capas/WorldClim_1970-2020_monthly_recortado/2000-01",44933297,97,16.3999996185303,6.40000009536743,"Train"
"740","2000-01-01",-121.76851,36.805573,"2000-01-01","/home/ecologia/Documents/Lorena/capas/WorldClim_1970-2020_monthly_recortado/2000-01",35413180,113,15.3999996185303,5.19999980926514,"Train"
"741","2000-01-01",-82.34586,27.428547,"2000-01-01","/home/ecologia/Documents/Lorena/capas/WorldClim_1970-2020_monthly_recortado/2000-01",47724286,60,22.7999992370605,9.69999980926514,"Test"
"742","2000-01-01",-84.99159,29.71929,"2000-01-01","/home/ecologia/Documents/Lorena/capas/WorldClim_1970-2020_monthly_recortado/2000-01",44715744,125,16.7999992370605,7.09999990463257,"Train"
"743","2000-01-01",-84.21746,30.43406,"2000-01-01","/home/ecologia/Documents/Lorena/capas/WorldClim_1970-2020_monthly_recortado/2000-01",43775082,133,16.8999996185303,4.19999980926514,"Train"
"744","2000-01-01",-97.83382,30.307482,"2000-01-01","/home/ecologia/Documents/Lorena/capas/WorldClim_1970-2020_monthly_recortado/2000-01",43948472,47,14.6000003814697,3.20000004768372,"Train"
"745","2000-01-01",-88.94742,30.393164,"2000-01-01","/home/ecologia/Documents/Lorena/capas/WorldClim_1970-2020_monthly_recortado/2000-01",43829210,136,15.6000003814697,5.90000009536743,"Train"
"746","2000-01-01",-110.05859,31.925224,"2000-01-01","/home/ecologia/Documents/Lorena/capas/WorldClim_1970-2020_monthly_recortado/2000-01",41813900,28,15.3999996185303,-0.200000002980232,"Test"
"747","2000-01-01",-83.89454,34.36779,"2000-01-01","/home/ecologia/Documents/Lorena/capas/WorldClim_1970-2020_monthly_recortado/2000-01",38611913,154,9.80000019073486,-1.10000002384186,"Train"
"748","2000-01-01",-104.32931,19.632914,"2000-01-01","/home/ecologia/Documents/Lorena/capas/WorldClim_1970-2020_monthly_recortado/2000-01",57960552,40,22.2000007629395,6.90000009536743,"Train"
"749","2000-01-01",-94.20768,30.265888,"2000-01-01","/home/ecologia/Documents/Lorena/capas/WorldClim_1970-2020_monthly_recortado/2000-01",44003603,120,15.6000003814697,4.5,"Train"
"750","2000-01-01",-75.12507,40.06224,"2000-01-01","/home/ecologia/Documents/Lorena/capas/WorldClim_1970-2020_monthly_recortado/2000-01",31141628,90,4,-5.09999990463257,"Train"
"751","2000-01-01",-98.510925,29.53582,"2000-01-01","/home/ecologia/Documents/Lorena/capas/WorldClim_1970-2020_monthly_recortado/2000-01",44954779,43,16.3999996185303,4.09999990463257,"Train"
"752","2000-01-01",-96.745605,17.225414,"2000-01-01","/home/ecologia/Documents/Lorena/capas/WorldClim_1970-2020_monthly_recortado/2000-01",61111894,5,21.5,7.69999980926514,"Test"
"753","2000-01-01",-78.93098,36.021595,"2000-01-01","/home/ecologia/Documents/Lorena/capas/WorldClim_1970-2020_monthly_recortado/2000-01",36446587,100,9.80000019073486,-2,"Train"
"754","2000-01-01",-95.31535,29.556648,"2000-01-01","/home/ecologia/Documents/Lorena/capas/WorldClim_1970-2020_monthly_recortado/2000-01",44933285,95,16.2999992370605,6,"Train"
"755","2000-01-01",-95.5603,29.982555,"2000-01-01","/home/ecologia/Documents/Lorena/capas/WorldClim_1970-2020_monthly_recortado/2000-01",44375366,86,16.2999992370605,5.19999980926514,"Train"
"756","2000-01-01",-76.12377,36.891827,"2000-01-01","/home/ecologia/Documents/Lorena/capas/WorldClim_1970-2020_monthly_recortado/2000-01",35298329,100,9.39999961853027,0.200000002980232,"Test"
"757","2000-01-01",-82.605515,29.824883,"2000-01-01","/home/ecologia/Documents/Lorena/capas/WorldClim_1970-2020_monthly_recortado/2000-01",44584762,93,19.5,4.90000009536743,"Train"
"758","2000-01-01",-82.40485,34.92412,"2000-01-01","/home/ecologia/Documents/Lorena/capas/WorldClim_1970-2020_monthly_recortado/2000-01",37890118,132,9.80000019073486,-1.5,"Train"
"759","2000-01-01",-98.18204,18.90226,"2000-01-01","/home/ecologia/Documents/Lorena/capas/WorldClim_1970-2020_monthly_recortado/2000-01",58912983,7,23.2000007629395,5.19999980926514,"Train"
"760","2000-01-01",-95.51399,30.220785,"2000-01-01","/home/ecologia/Documents/Lorena/capas/WorldClim_1970-2020_monthly_recortado/2000-01",44058141,88,15.6000003814697,4.40000009536743,"Train"
"761","2000-01-01",-87.91225,30.437761,"2000-01-01","/home/ecologia/Documents/Lorena/capas/WorldClim_1970-2020_monthly_recortado/2000-01",43774639,139,15.6999998092651,5.80000019073486,"Train"
"762","2000-01-01",-81.04231,35.927155,"2000-01-01","/home/ecologia/Documents/Lorena/capas/WorldClim_1970-2020_monthly_recortado/2000-01",36566662,95,8.80000019073486,-3.5,"Train"
"763","2000-01-01",-100.010445,29.537424,"2000-01-01","/home/ecologia/Documents/Lorena/capas/WorldClim_1970-2020_monthly_recortado/2000-01",44954599,26,16.2000007629395,2.09999990463257,"Test"
"764","2000-01-01",-103.13346,20.081661,"2000-01-01","/home/ecologia/Documents/Lorena/capas/WorldClim_1970-2020_monthly_recortado/2000-01",57369989,22,22.5,5.69999980926514,"Train"
"765","2000-01-01",-95.55836,29.127493,"2000-01-01","/home/ecologia/Documents/Lorena/capas/WorldClim_1970-2020_monthly_recortado/2000-01",45491144,100,16.5,6.19999980926514,"Train"
"766","2000-01-01",-104.50034,23.977568,"2000-01-01","/home/ecologia/Documents/Lorena/capas/WorldClim_1970-2020_monthly_recortado/2000-01",52250373,17,20.7999992370605,1.29999995231628,"Train"
"767","2000-01-01",-93.42143,30.86129,"2000-01-01","/home/ecologia/Documents/Lorena/capas/WorldClim_1970-2020_monthly_recortado/2000-01",43216089,125,14.8999996185303,3.20000004768372,"Test"
"768","2000-01-01",-82.45804,29.664486,"2000-01-01","/home/ecologia/Documents/Lorena/capas/WorldClim_1970-2020_monthly_recortado/2000-01",44792621,94,19.5,5.59999990463257,"Train"
"769","2000-01-01",-72.72065,40.973244,"2000-01-01","/home/ecologia/Documents/Lorena/capas/WorldClim_1970-2020_monthly_recortado/2000-01",29949566,99,3.29999995231628,-5,"Test"
"770","2000-01-01",-103.622,19.52151,"2000-01-01","/home/ecologia/Documents/Lorena/capas/WorldClim_1970-2020_monthly_recortado/2000-01",58102844,41,14.5,1.79999995231628,"Train"
"771","2000-01-01",-104.851944,20.760988,"2000-01-01","/home/ecologia/Documents/Lorena/capas/WorldClim_1970-2020_monthly_recortado/2000-01",56472785,30,23.5,6.09999990463257,"Train"
"772","2000-01-01",-95.56682,29.740564,"2000-01-01","/home/ecologia/Documents/Lorena/capas/WorldClim_1970-2020_monthly_recortado/2000-01",44692596,86,16.7000007629395,5.90000009536743,"Train"
"773","2000-01-01",-95.54902,29.97402,"2000-01-01","/home/ecologia/Documents/Lorena/capas/WorldClim_1970-2020_monthly_recortado/2000-01",44386307,86,16.3999996185303,5.19999980926514,"Test"
"774","2000-01-01",-95.95103,29.78603,"2000-01-01","/home/ecologia/Documents/Lorena/capas/WorldClim_1970-2020_monthly_recortado/2000-01",44626916,77,15.6999998092651,4.09999990463257,"Test"
"775","2000-01-01",-97.75976,30.413092,"2000-01-01","/home/ecologia/Documents/Lorena/capas/WorldClim_1970-2020_monthly_recortado/2000-01",43806274,47,15,3.20000004768372,"Train"
"776","2000-01-01",-85.40832,31.225916,"2000-01-01","/home/ecologia/Documents/Lorena/capas/WorldClim_1970-2020_monthly_recortado/2000-01",42735735,122,15.1000003814697,3.5,"Train"
"777","2000-01-01",-97.971436,28.24454,"2000-01-01","/home/ecologia/Documents/Lorena/capas/WorldClim_1970-2020_monthly_recortado/2000-01",46650389,41,18.3999996185303,5.80000019073486,"Train"
"778","2000-01-01",-87.682076,30.40002,"2000-01-01","/home/ecologia/Documents/Lorena/capas/WorldClim_1970-2020_monthly_recortado/2000-01",43818423,138,16.3999996185303,5.09999990463257,"Train"
"779","2000-01-01",-79.74582,36.173878,"2000-01-01","/home/ecologia/Documents/Lorena/capas/WorldClim_1970-2020_monthly_recortado/2000-01",36249587,89,8.60000038146973,-2.40000009536743,"Train"
"780","2000-01-01",-84.989716,30.575306,"2000-01-01","/home/ecologia/Documents/Lorena/capas/WorldClim_1970-2020_monthly_recortado/2000-01",43589027,130,16.3999996185303,4,"Train"
"781","2000-01-01",-97.78469,31.149738,"2000-01-01","/home/ecologia/Documents/Lorena/capas/WorldClim_1970-2020_monthly_recortado/2000-01",42843639,37,14.3000001907349,1.5,"Train"
"782","2000-01-01",-98.13514,26.0813,"2000-01-01","/home/ecologia/Documents/Lorena/capas/WorldClim_1970-2020_monthly_recortado/2000-01",49494509,39,19.8999996185303,8.60000038146973,"Train"
"783","2000-01-01",-84.14302,33.8901,"2000-01-01","/home/ecologia/Documents/Lorena/capas/WorldClim_1970-2020_monthly_recortado/2000-01",39246345,135,10.8000001907349,0.300000011920929,"Train"
"784","2000-01-01",-95.30371,29.716274,"2000-01-01","/home/ecologia/Documents/Lorena/capas/WorldClim_1970-2020_monthly_recortado/2000-01",44725445,94,16.8999996185303,6.59999990463257,"Train"
"785","2000-01-01",-88.81835,33.45042,"2000-01-01","/home/ecologia/Documents/Lorena/capas/WorldClim_1970-2020_monthly_recortado/2000-01",39814612,137,11.3000001907349,-0.100000001490116,"Train"
"786","2000-01-01",-75.560715,39.163116,"2000-01-01","/home/ecologia/Documents/Lorena/capas/WorldClim_1970-2020_monthly_recortado/2000-01",32322988,93,5.40000009536743,-3.90000009536743,"Train"
"787","2000-01-01",-95.604225,29.365292,"2000-01-01","/home/ecologia/Documents/Lorena/capas/WorldClim_1970-2020_monthly_recortado/2000-01",45184847,90,16.1000003814697,5.40000009536743,"Train"
"788","2000-01-01",-98.11821,26.182182,"2000-01-01","/home/ecologia/Documents/Lorena/capas/WorldClim_1970-2020_monthly_recortado/2000-01",49363243,36,20.2999992370605,8.89999961853027,"Train"
"789","2000-01-01",-84.19196,35.899776,"2000-01-01","/home/ecologia/Documents/Lorena/capas/WorldClim_1970-2020_monthly_recortado/2000-01",36610040,103,7.80000019073486,-3.20000004768372,"Test"
"790","2000-01-01",-97.747375,30.327175,"2000-01-01","/home/ecologia/Documents/Lorena/capas/WorldClim_1970-2020_monthly_recortado/2000-01",43915666,46,15.3000001907349,3.79999995231628,"Test"
"791","2000-01-01",-97.50844,35.70006,"2000-01-01","/home/ecologia/Documents/Lorena/capas/WorldClim_1970-2020_monthly_recortado/2000-01",36860039,31,8.39999961853027,-3.70000004768372,"Train"
"792","2000-01-01",-98.48419,29.633158,"2000-01-01","/home/ecologia/Documents/Lorena/capas/WorldClim_1970-2020_monthly_recortado/2000-01",44834453,45,15.8000001907349,3.59999990463257,"Train"
"793","2000-01-01",-103.83099,19.302832,"2000-01-01","/home/ecologia/Documents/Lorena/capas/WorldClim_1970-2020_monthly_recortado/2000-01",58387233,24,32,15.3000001907349,"Test"
"794","2000-01-01",-88.64047,33.484627,"2000-01-01","/home/ecologia/Documents/Lorena/capas/WorldClim_1970-2020_monthly_recortado/2000-01",39770878,137,11.1000003814697,-0.200000002980232,"Train"
"795","2000-01-01",-97.235886,32.581287,"2000-01-01","/home/ecologia/Documents/Lorena/capas/WorldClim_1970-2020_monthly_recortado/2000-01",40962197,45,13,0.800000011920929,"Train"
"796","2000-01-01",-98.7199,29.446466,"2000-01-01","/home/ecologia/Documents/Lorena/capas/WorldClim_1970-2020_monthly_recortado/2000-01",45075083,40,16.3999996185303,3.5,"Train"
"797","2000-01-01",-103.62222,19.624115,"2000-01-01","/home/ecologia/Documents/Lorena/capas/WorldClim_1970-2020_monthly_recortado/2000-01",57971576,37,15.3000001907349,2.90000009536743,"Train"
"798","2000-01-01",-84.57017,33.83879,"2000-01-01","/home/ecologia/Documents/Lorena/capas/WorldClim_1970-2020_monthly_recortado/2000-01",39311928,126,10.6000003814697,0,"Test"
"799","2000-01-01",-95.07702,29.33536,"2000-01-01","/home/ecologia/Documents/Lorena/capas/WorldClim_1970-2020_monthly_recortado/2000-01",45217727,98,16.2000007629395,6.69999980926514,"Test"
"800","2000-01-01",-90.187,30.437,"2000-01-01","/home/ecologia/Documents/Lorena/capas/WorldClim_1970-2020_monthly_recortado/2000-01",43774366,142,16,4.30000019073486,"Test"
"801","2000-01-01",-95.23633,29.395435,"2000-01-01","/home/ecologia/Documents/Lorena/capas/WorldClim_1970-2020_monthly_recortado/2000-01",45141135,97,16.3999996185303,6.30000019073486,"Test"
"802","2000-01-01",-97.85608,27.51591,"2000-01-01","/home/ecologia/Documents/Lorena/capas/WorldClim_1970-2020_monthly_recortado/2000-01",47613035,35,19.1000003814697,7.59999990463257,"Test"
"803","2000-01-01",-96.90444,28.771923,"2000-01-01","/home/ecologia/Documents/Lorena/capas/WorldClim_1970-2020_monthly_recortado/2000-01",45961360,60,18.2999992370605,6,"Test"
"804","2000-01-01",-85.16809,41.15297,"2000-01-01","/home/ecologia/Documents/Lorena/capas/WorldClim_1970-2020_monthly_recortado/2000-01",29707414,47,-0.800000011920929,-9.39999961853027,"Train"
"805","2000-01-01",-92.44647,34.800125,"2000-01-01","/home/ecologia/Documents/Lorena/capas/WorldClim_1970-2020_monthly_recortado/2000-01",38042059,84,9.89999961853027,-1.20000004768372,"Test"
"806","2000-01-01",-84.21712,33.8545,"2000-01-01","/home/ecologia/Documents/Lorena/capas/WorldClim_1970-2020_monthly_recortado/2000-01",39290092,132,10.6999998092651,0.300000011920929,"Train"
"807","2000-01-01",-97.81306,30.446224,"2000-01-01","/home/ecologia/Documents/Lorena/capas/WorldClim_1970-2020_monthly_recortado/2000-01",43762512,47,14.6000003814697,2.79999995231628,"Test"
"808","2000-01-01",-82.98523,40.17717,"2000-01-01","/home/ecologia/Documents/Lorena/capas/WorldClim_1970-2020_monthly_recortado/2000-01",30987539,58,1.10000002384186,-7.90000009536743,"Train"
"809","2000-01-01",-90.01252,35.12721,"2000-01-01","/home/ecologia/Documents/Lorena/capas/WorldClim_1970-2020_monthly_recortado/2000-01",37615730,102,8.60000038146973,-0.899999976158142,"Train"
"810","2000-01-01",-98.021515,30.418333,"2000-01-01","/home/ecologia/Documents/Lorena/capas/WorldClim_1970-2020_monthly_recortado/2000-01",43795304,44,14.6000003814697,2.59999990463257,"Test"
"811","2000-01-01",-81.47544,30.00032,"2000-01-01","/home/ecologia/Documents/Lorena/capas/WorldClim_1970-2020_monthly_recortado/2000-01",44344239,83,18.6000003814697,7,"Train"
"812","2000-01-01",-105.28689,21.536392,"2000-01-01","/home/ecologia/Documents/Lorena/capas/WorldClim_1970-2020_monthly_recortado/2000-01",55455406,27,28.2000007629395,15.8999996185303,"Train"
"813","2000-01-01",-90.144455,30.008593,"2000-01-01","/home/ecologia/Documents/Lorena/capas/WorldClim_1970-2020_monthly_recortado/2000-01",44332260,137,17.1000003814697,5.90000009536743,"Test"
"814","2000-01-01",-105.19465,21.486897,"2000-01-01","/home/ecologia/Documents/Lorena/capas/WorldClim_1970-2020_monthly_recortado/2000-01",55521051,28,28.2000007629395,15.8000001907349,"Train"
"815","2000-01-01",-95.60096,29.75977,"2000-01-01","/home/ecologia/Documents/Lorena/capas/WorldClim_1970-2020_monthly_recortado/2000-01",44659775,85,16.5,5.59999990463257,"Train"
"816","2000-01-01",-86.72365,33.384644,"2000-01-01","/home/ecologia/Documents/Lorena/capas/WorldClim_1970-2020_monthly_recortado/2000-01",39902376,144,11.6000003814697,0,"Train"
"817","2000-01-01",-97.88411,30.47996,"2000-01-01","/home/ecologia/Documents/Lorena/capas/WorldClim_1970-2020_monthly_recortado/2000-01",43718747,46,14.3000001907349,2.5,"Train"
"818","2000-01-01",-105.43854,20.867153,"2000-01-01","/home/ecologia/Documents/Lorena/capas/WorldClim_1970-2020_monthly_recortado/2000-01",56330508,21,27.6000003814697,14.8999996185303,"Train"
"819","2000-01-01",-98.173256,30.439356,"2000-01-01","/home/ecologia/Documents/Lorena/capas/WorldClim_1970-2020_monthly_recortado/2000-01",43773408,43,15.1000003814697,2,"Train"
"820","2000-01-01",-87.93104,30.67502,"2000-01-01","/home/ecologia/Documents/Lorena/capas/WorldClim_1970-2020_monthly_recortado/2000-01",43457406,143,15.6000003814697,5.19999980926514,"Train"
"821","2000-01-01",-104.72311,21.1969,"2000-01-01","/home/ecologia/Documents/Lorena/capas/WorldClim_1970-2020_monthly_recortado/2000-01",55903973,30,25.6000003814697,6.19999980926514,"Test"
"822","2000-01-01",-91.119865,30.383364,"2000-01-01","/home/ecologia/Documents/Lorena/capas/WorldClim_1970-2020_monthly_recortado/2000-01",43839888,147,16.2000007629395,4.80000019073486,"Train"
"823","2000-01-01",-89.6965,30.522482,"2000-01-01","/home/ecologia/Documents/Lorena/capas/WorldClim_1970-2020_monthly_recortado/2000-01",43665035,134,16,4,"Train"
"824","2000-01-01",-89.361374,30.401491,"2000-01-01","/home/ecologia/Documents/Lorena/capas/WorldClim_1970-2020_monthly_recortado/2000-01",43818221,152,15.6999998092651,4.59999990463257,"Test"
"825","2000-01-01",-86.66305,30.4099,"2000-01-01","/home/ecologia/Documents/Lorena/capas/WorldClim_1970-2020_monthly_recortado/2000-01",43807606,131,16,5.69999980926514,"Train"
"826","2000-01-01",-97.70373,30.66097,"2000-01-01","/home/ecologia/Documents/Lorena/capas/WorldClim_1970-2020_monthly_recortado/2000-01",43478111,49,14.3999996185303,2.29999995231628,"Train"
"827","2000-01-01",-94.45118,32.040386,"2000-01-01","/home/ecologia/Documents/Lorena/capas/WorldClim_1970-2020_monthly_recortado/2000-01",41673566,102,13.3000001907349,1.60000002384186,"Test"
"828","2000-01-01",-95.62953,29.558914,"2000-01-01","/home/ecologia/Documents/Lorena/capas/WorldClim_1970-2020_monthly_recortado/2000-01",44922308,85,16.1000003814697,5.19999980926514,"Test"
"829","2000-01-01",-106.457275,31.85061,"2000-01-01","/home/ecologia/Documents/Lorena/capas/WorldClim_1970-2020_monthly_recortado/2000-01",41912784,11,13.5,-0.899999976158142,"Test"
"830","2000-01-01",-91.044106,30.048212,"2000-01-01","/home/ecologia/Documents/Lorena/capas/WorldClim_1970-2020_monthly_recortado/2000-01",44288396,144,16.3999996185303,4.90000009536743,"Train"
"831","2000-01-01",-90.08817,30.417814,"2000-01-01","/home/ecologia/Documents/Lorena/capas/WorldClim_1970-2020_monthly_recortado/2000-01",43796256,140,16.2000007629395,4.40000009536743,"Train"
"832","2000-01-01",-74.97543,39.24992,"2000-01-01","/home/ecologia/Documents/Lorena/capas/WorldClim_1970-2020_monthly_recortado/2000-01",32213668,87,5.40000009536743,-3.79999995231628,"Test"
"833","2000-01-01",-72.21667,40.94466,"2000-01-01","/home/ecologia/Documents/Lorena/capas/WorldClim_1970-2020_monthly_recortado/2000-01",29982443,108,3.29999995231628,-5.19999980926514,"Train"
"834","2000-01-01",-93.312,30.812,"2000-01-01","/home/ecologia/Documents/Lorena/capas/WorldClim_1970-2020_monthly_recortado/2000-01",43281736,129,15,3.29999995231628,"Train"
"835","2000-01-01",-95.60314,29.746527,"2000-01-01","/home/ecologia/Documents/Lorena/capas/WorldClim_1970-2020_monthly_recortado/2000-01",44681653,85,16.6000003814697,5.69999980926514,"Train"
"836","2000-01-01",-98.00087,29.53573,"2000-01-01","/home/ecologia/Documents/Lorena/capas/WorldClim_1970-2020_monthly_recortado/2000-01",44954840,51,16.3999996185303,3.70000004768372,"Train"
"837","2000-01-01",-82.51549,40.75836,"2000-01-01","/home/ecologia/Documents/Lorena/capas/WorldClim_1970-2020_monthly_recortado/2000-01",30221866,57,0.300000011920929,-8.60000038146973,"Train"
"838","2000-01-01",-95.183426,29.527971,"2000-01-01","/home/ecologia/Documents/Lorena/capas/WorldClim_1970-2020_monthly_recortado/2000-01",44966117,97,16.3999996185303,6.5,"Train"
"839","2000-01-01",-90.3638,29.9749,"2000-01-01","/home/ecologia/Documents/Lorena/capas/WorldClim_1970-2020_monthly_recortado/2000-01",44386929,137,16.5,5.90000009536743,"Train"
"840","2000-01-01",-95.75083,30.20941,"2000-01-01","/home/ecologia/Documents/Lorena/capas/WorldClim_1970-2020_monthly_recortado/2000-01",44069051,83,14.8999996185303,3.70000004768372,"Train"
"841","2000-01-01",-82.481735,35.34243,"2000-01-01","/home/ecologia/Documents/Lorena/capas/WorldClim_1970-2020_monthly_recortado/2000-01",37332220,121,8.30000019073486,-3.40000009536743,"Train"
"842","2000-01-01",-97.21904,28.08616,"2000-01-01","/home/ecologia/Documents/Lorena/capas/WorldClim_1970-2020_monthly_recortado/2000-01",46858320,53,18.6000003814697,7.40000009536743,"Train"
"843","2000-01-01",-106.40733,23.190666,"2000-01-01","/home/ecologia/Documents/Lorena/capas/WorldClim_1970-2020_monthly_recortado/2000-01",53289350,24,26.3999996185303,13.8999996185303,"Test"
"844","2000-01-01",-84.93945,34.37061,"2000-01-01","/home/ecologia/Documents/Lorena/capas/WorldClim_1970-2020_monthly_recortado/2000-01",38611788,130,9.80000019073486,-1.20000004768372,"Train"
"845","2000-01-01",-111.00375,31.56968,"2000-01-01","/home/ecologia/Documents/Lorena/capas/WorldClim_1970-2020_monthly_recortado/2000-01",42284164,28,18.7000007629395,0.800000011920929,"Train"
"846","2000-01-01",-96.917854,31.18106,"2000-01-01","/home/ecologia/Documents/Lorena/capas/WorldClim_1970-2020_monthly_recortado/2000-01",42799987,55,14.6999998092651,2.70000004768372,"Train"
"847","2000-01-01",-90.11896,30.017828,"2000-01-01","/home/ecologia/Documents/Lorena/capas/WorldClim_1970-2020_monthly_recortado/2000-01",44321324,137,16.8999996185303,5.90000009536743,"Train"
"848","2000-01-01",-101.88747,33.56338,"2000-01-01","/home/ecologia/Documents/Lorena/capas/WorldClim_1970-2020_monthly_recortado/2000-01",39670837,11,11.6000003814697,-2.79999995231628,"Test"
"849","2000-01-01",-84.104744,34.01724,"2000-01-01","/home/ecologia/Documents/Lorena/capas/WorldClim_1970-2020_monthly_recortado/2000-01",39071326,140,10.3999996185303,-0.200000002980232,"Train"
"850","2000-01-01",-103.707054,19.851925,"2000-01-01","/home/ecologia/Documents/Lorena/capas/WorldClim_1970-2020_monthly_recortado/2000-01",57665274,24,19.8999996185303,4.09999990463257,"Train"
"851","2000-01-01",-89.37771,30.387676,"2000-01-01","/home/ecologia/Documents/Lorena/capas/WorldClim_1970-2020_monthly_recortado/2000-01",43840097,155,15.6999998092651,4.69999980926514,"Train"
"852","2000-01-01",-82.39823,29.725832,"2000-01-01","/home/ecologia/Documents/Lorena/capas/WorldClim_1970-2020_monthly_recortado/2000-01",44705116,93,19.2000007629395,5.40000009536743,"Test"
"853","2000-01-01",-98.43532,29.579817,"2000-01-01","/home/ecologia/Documents/Lorena/capas/WorldClim_1970-2020_monthly_recortado/2000-01",44900093,44,16.2999992370605,3.79999995231628,"Train"
"854","2000-01-01",-103.500435,20.597157,"2000-01-01","/home/ecologia/Documents/Lorena/capas/WorldClim_1970-2020_monthly_recortado/2000-01",56691727,20,21,5.19999980926514,"Train"
"855","2000-01-01",-99.30755,18.937698,"2000-01-01","/home/ecologia/Documents/Lorena/capas/WorldClim_1970-2020_monthly_recortado/2000-01",58869092,13,24.5,9.19999980926514,"Train"
"856","2000-01-01",-70.60981,41.552456,"2000-01-01","/home/ecologia/Documents/Lorena/capas/WorldClim_1970-2020_monthly_recortado/2000-01",29184089,102,3.20000004768372,-5.5,"Test"
"857","2000-01-01",-122.1517,37.641933,"2000-01-01","/home/ecologia/Documents/Lorena/capas/WorldClim_1970-2020_monthly_recortado/2000-01",34308295,89,13.5,5.69999980926514,"Train"
"858","2000-01-01",-99.75335,29.427582,"2000-01-01","/home/ecologia/Documents/Lorena/capas/WorldClim_1970-2020_monthly_recortado/2000-01",45096837,27,16.6000003814697,2.70000004768372,"Train"
"859","2000-01-01",-87.249985,33.427883,"2000-01-01","/home/ecologia/Documents/Lorena/capas/WorldClim_1970-2020_monthly_recortado/2000-01",39847618,144,11.1000003814697,-0.300000011920929,"Train"
"860","2000-01-01",-97.169136,26.111942,"2000-01-01","/home/ecologia/Documents/Lorena/capas/WorldClim_1970-2020_monthly_recortado/2000-01",49450869,49,17.8999996185303,11.3999996185303,"Train"
"861","2000-01-01",-97.50087,30.08712,"2000-01-01","/home/ecologia/Documents/Lorena/capas/WorldClim_1970-2020_monthly_recortado/2000-01",44232926,54,15.3000001907349,3.20000004768372,"Test"
"862","2000-01-01",-97.86667,28.126635,"2000-01-01","/home/ecologia/Documents/Lorena/capas/WorldClim_1970-2020_monthly_recortado/2000-01",46803547,41,17.7999992370605,6.80000019073486,"Train"
"863","2000-01-01",-75.21613,40.339546,"2000-01-01","/home/ecologia/Documents/Lorena/capas/WorldClim_1970-2020_monthly_recortado/2000-01",30780631,90,2.40000009536743,-6.90000009536743,"Train"
"864","2000-01-01",-82.56143,40.747368,"2000-01-01","/home/ecologia/Documents/Lorena/capas/WorldClim_1970-2020_monthly_recortado/2000-01",30243738,57,-0.100000001490116,-8.80000019073486,"Train"
"865","2000-01-01",-97.694,30.222101,"2000-01-01","/home/ecologia/Documents/Lorena/capas/WorldClim_1970-2020_monthly_recortado/2000-01",44057879,48,15.6000003814697,3.5,"Test"
"866","2000-01-01",-87.767845,30.53094,"2000-01-01","/home/ecologia/Documents/Lorena/capas/WorldClim_1970-2020_monthly_recortado/2000-01",43654327,144,16.2000007629395,4.5,"Train"
"867","2000-01-01",-93.84577,30.02081,"2000-01-01","/home/ecologia/Documents/Lorena/capas/WorldClim_1970-2020_monthly_recortado/2000-01",44320877,128,15.6999998092651,5.69999980926514,"Train"
"868","2000-01-01",-81.636856,30.450413,"2000-01-01","/home/ecologia/Documents/Lorena/capas/WorldClim_1970-2020_monthly_recortado/2000-01",43753514,93,17.5,6.69999980926514,"Train"
"869","2000-01-01",-77.72366,39.438393,"2000-01-01","/home/ecologia/Documents/Lorena/capas/WorldClim_1970-2020_monthly_recortado/2000-01",31961742,68,4.19999980926514,-5.59999990463257,"Train"
"870","2000-01-01",-74.85376,39.14311,"2000-01-01","/home/ecologia/Documents/Lorena/capas/WorldClim_1970-2020_monthly_recortado/2000-01",32344951,88,5.5,-3.5,"Train"
"871","2000-01-01",-72.66209,40.91706,"2000-01-01","/home/ecologia/Documents/Lorena/capas/WorldClim_1970-2020_monthly_recortado/2000-01",30015207,97,3.5,-4.90000009536743,"Test"
"872","2000-01-01",-94.86832,32.363724,"2000-01-01","/home/ecologia/Documents/Lorena/capas/WorldClim_1970-2020_monthly_recortado/2000-01",41246895,87,13,1.29999995231628,"Train"
"873","2000-01-01",-85.05166,35.02769,"2000-01-01","/home/ecologia/Documents/Lorena/capas/WorldClim_1970-2020_monthly_recortado/2000-01",37747593,136,8.69999980926514,-2,"Train"
"874","2000-01-01",-98.53817,29.598295,"2000-01-01","/home/ecologia/Documents/Lorena/capas/WorldClim_1970-2020_monthly_recortado/2000-01",44878203,44,15.8999996185303,3.70000004768372,"Train"
"875","2000-01-01",-98.753746,29.827806,"2000-01-01","/home/ecologia/Documents/Lorena/capas/WorldClim_1970-2020_monthly_recortado/2000-01",44571885,43,15.1999998092651,1.79999995231628,"Test"
"876","2000-01-01",-104.137566,19.80746,"2000-01-01","/home/ecologia/Documents/Lorena/capas/WorldClim_1970-2020_monthly_recortado/2000-01",57730856,21,29.7000007629395,9.80000019073486,"Train"
"877","2000-01-01",-92.04483,30.157967,"2000-01-01","/home/ecologia/Documents/Lorena/capas/WorldClim_1970-2020_monthly_recortado/2000-01",44146069,145,15.8999996185303,4.90000009536743,"Train"
"878","2000-01-01",-90.117195,30.4558,"2000-01-01","/home/ecologia/Documents/Lorena/capas/WorldClim_1970-2020_monthly_recortado/2000-01",43752496,140,16,4.40000009536743,"Train"
"879","2000-01-01",-77.45589,39.487286,"2000-01-01","/home/ecologia/Documents/Lorena/capas/WorldClim_1970-2020_monthly_recortado/2000-01",31896140,68,4.09999990463257,-5.30000019073486,"Train"
"880","2000-01-01",-90.9223,30.335217,"2000-01-01","/home/ecologia/Documents/Lorena/capas/WorldClim_1970-2020_monthly_recortado/2000-01",43905546,144,16,4.5,"Train"
"881","2000-01-01",-81.121284,34.03808,"2000-01-01","/home/ecologia/Documents/Lorena/capas/WorldClim_1970-2020_monthly_recortado/2000-01",39049806,115,12.8000001907349,0.899999976158142,"Train"
"882","2000-01-01",-85.13789,34.94232,"2000-01-01","/home/ecologia/Documents/Lorena/capas/WorldClim_1970-2020_monthly_recortado/2000-01",37856973,138,8.80000019073486,-2,"Train"
"883","2000-01-01",-95.63538,29.941175,"2000-01-01","/home/ecologia/Documents/Lorena/capas/WorldClim_1970-2020_monthly_recortado/2000-01",44430052,85,16.2000007629395,4.80000019073486,"Test"
"884","2000-01-01",-82.588005,36.392303,"2000-01-01","/home/ecologia/Documents/Lorena/capas/WorldClim_1970-2020_monthly_recortado/2000-01",35953893,90,6.59999990463257,-4.5,"Test"
"885","2000-01-01",-95.52908,30.217596,"2000-01-01","/home/ecologia/Documents/Lorena/capas/WorldClim_1970-2020_monthly_recortado/2000-01",44058139,88,15.5,4.19999980926514,"Train"
"886","2000-01-01",-109.13673,31.911852,"2000-01-01","/home/ecologia/Documents/Lorena/capas/WorldClim_1970-2020_monthly_recortado/2000-01",41835889,27,13.8999996185303,-2.5,"Train"
"887","2000-01-01",-76.61158,40.391197,"2000-01-01","/home/ecologia/Documents/Lorena/capas/WorldClim_1970-2020_monthly_recortado/2000-01",30714829,74,2.40000009536743,-6.80000019073486,"Test"
"888","2000-01-01",-80.319145,35.251137,"2000-01-01","/home/ecologia/Documents/Lorena/capas/WorldClim_1970-2020_monthly_recortado/2000-01",37452808,105,10.3999996185303,-1.39999997615814,"Test"
"889","2000-01-01",-94.95785,30.295654,"2000-01-01","/home/ecologia/Documents/Lorena/capas/WorldClim_1970-2020_monthly_recortado/2000-01",43959757,108,15.8000001907349,3.90000009536743,"Train"
"890","2000-01-01",-96.97626,28.149769,"2000-01-01","/home/ecologia/Documents/Lorena/capas/WorldClim_1970-2020_monthly_recortado/2000-01",46781776,60,17.7000007629395,8.19999980926514,"Test"
"891","2000-01-01",-86.47001,31.418898,"2000-01-01","/home/ecologia/Documents/Lorena/capas/WorldClim_1970-2020_monthly_recortado/2000-01",42484010,133,14.8000001907349,2.59999990463257,"Test"
"892","2000-01-01",-94.16457,30.145681,"2000-01-01","/home/ecologia/Documents/Lorena/capas/WorldClim_1970-2020_monthly_recortado/2000-01",44156754,122,16.3999996185303,5.40000009536743,"Train"
"893","2000-01-01",-105.34069,20.346558,"2000-01-01","/home/ecologia/Documents/Lorena/capas/WorldClim_1970-2020_monthly_recortado/2000-01",57019677,22,27.8999996185303,9.39999961853027,"Train"
"894","2000-01-01",-71.80896,41.706432,"2000-01-01","/home/ecologia/Documents/Lorena/capas/WorldClim_1970-2020_monthly_recortado/2000-01",28987043,107,1.60000002384186,-8.69999980926514,"Test"
"895","2000-01-01",-94.65701,29.807127,"2000-01-01","/home/ecologia/Documents/Lorena/capas/WorldClim_1970-2020_monthly_recortado/2000-01",44605194,106,15.6999998092651,5.90000009536743,"Train"
"896","2000-01-01",-94.75634,30.067966,"2000-01-01","/home/ecologia/Documents/Lorena/capas/WorldClim_1970-2020_monthly_recortado/2000-01",44255134,116,16.1000003814697,5,"Train"
"897","2000-01-01",-84.327095,33.96248,"2000-01-01","/home/ecologia/Documents/Lorena/capas/WorldClim_1970-2020_monthly_recortado/2000-01",39147872,130,10.5,0.200000002980232,"Train"
"898","2000-01-01",-81.0228,31.914867,"2000-01-01","/home/ecologia/Documents/Lorena/capas/WorldClim_1970-2020_monthly_recortado/2000-01",41839263,98,15.1999998092651,4.59999990463257,"Train"
"899","2000-01-01",-95.91108,30.466133,"2000-01-01","/home/ecologia/Documents/Lorena/capas/WorldClim_1970-2020_monthly_recortado/2000-01",43740862,86,15.1000003814697,3.59999990463257,"Train"
"900","2000-01-01",-98.499695,29.310596,"2000-01-01","/home/ecologia/Documents/Lorena/capas/WorldClim_1970-2020_monthly_recortado/2000-01",45250134,41,16.7000007629395,4.19999980926514,"Train"
"901","2000-01-01",-81.07367,31.999063,"2000-01-01","/home/ecologia/Documents/Lorena/capas/WorldClim_1970-2020_monthly_recortado/2000-01",41729867,97,15.8999996185303,4.19999980926514,"Test"
"902","2000-01-01",-95.320984,30.013517,"2000-01-01","/home/ecologia/Documents/Lorena/capas/WorldClim_1970-2020_monthly_recortado/2000-01",44331639,89,16.2000007629395,5.19999980926514,"Train"
"903","2000-01-01",-88.33739,37.01827,"2000-01-01","/home/ecologia/Documents/Lorena/capas/WorldClim_1970-2020_monthly_recortado/2000-01",35132778,89,6.19999980926514,-3.79999995231628,"Test"
"904","2000-01-01",-97.206245,31.55147,"2000-01-01","/home/ecologia/Documents/Lorena/capas/WorldClim_1970-2020_monthly_recortado/2000-01",42307698,48,13.6000003814697,2.20000004768372,"Train"
"905","2000-01-01",-96.41958,17.267906,"2000-01-01","/home/ecologia/Documents/Lorena/capas/WorldClim_1970-2020_monthly_recortado/2000-01",61057238,15,17,6.40000009536743,"Train"
"906","2000-01-01",-82.34081,33.61933,"2000-01-01","/home/ecologia/Documents/Lorena/capas/WorldClim_1970-2020_monthly_recortado/2000-01",39596610,122,12.5,0,"Train"
"907","2000-01-01",-90.3388,29.8968,"2000-01-01","/home/ecologia/Documents/Lorena/capas/WorldClim_1970-2020_monthly_recortado/2000-01",44485383,134,16.5,6,"Train"
"908","2000-01-01",-96.72197,17.065542,"2000-01-01","/home/ecologia/Documents/Lorena/capas/WorldClim_1970-2020_monthly_recortado/2000-01",61330677,3,28.7000007629395,9.80000019073486,"Test"
"909","2000-01-01",-98.12449,29.70302,"2000-01-01","/home/ecologia/Documents/Lorena/capas/WorldClim_1970-2020_monthly_recortado/2000-01",44736046,48,15.8999996185303,3.29999995231628,"Test"
"910","2000-01-01",-105.257095,21.560616,"2000-01-01","/home/ecologia/Documents/Lorena/capas/WorldClim_1970-2020_monthly_recortado/2000-01",55422593,29,28.5,15.6999998092651,"Train"
"911","2000-01-01",-81.36984,28.583755,"2000-01-01","/home/ecologia/Documents/Lorena/capas/WorldClim_1970-2020_monthly_recortado/2000-01",46203882,60,21.3999996185303,9.19999980926514,"Test"
"912","2000-01-01",-90.196884,38.624966,"2000-01-01","/home/ecologia/Documents/Lorena/capas/WorldClim_1970-2020_monthly_recortado/2000-01",33032267,51,3.40000009536743,-6.40000009536743,"Train"
"913","2000-01-01",-77.67005,34.370167,"2000-01-01","/home/ecologia/Documents/Lorena/capas/WorldClim_1970-2020_monthly_recortado/2000-01",38612660,109,13,1.60000002384186,"Train"
"914","2000-01-01",-84.2632,30.423576,"2000-01-01","/home/ecologia/Documents/Lorena/capas/WorldClim_1970-2020_monthly_recortado/2000-01",43796955,133,17,4.30000019073486,"Train"
"915","2000-01-01",-100.155914,19.224733,"2000-01-01","/home/ecologia/Documents/Lorena/capas/WorldClim_1970-2020_monthly_recortado/2000-01",58497064,21,23.3999996185303,7.5,"Train"
"916","2000-01-01",-99.230316,19.012949,"2000-01-01","/home/ecologia/Documents/Lorena/capas/WorldClim_1970-2020_monthly_recortado/2000-01",58770650,16,20.2000007629395,5.09999990463257,"Test"
"917","2000-01-01",-117.24899,32.717346,"2000-01-01","/home/ecologia/Documents/Lorena/capas/WorldClim_1970-2020_monthly_recortado/2000-01",40773833,60,17.2000007629395,8.89999961853027,"Train"
"918","2000-01-01",-90.30005,38.609966,"2000-01-01","/home/ecologia/Documents/Lorena/capas/WorldClim_1970-2020_monthly_recortado/2000-01",33043193,51,3.70000004768372,-6.19999980926514,"Train"
"919","2000-01-01",-106.322014,23.450083,"2000-01-01","/home/ecologia/Documents/Lorena/capas/WorldClim_1970-2020_monthly_recortado/2000-01",52939312,34,28.3999996185303,12.5,"Train"
"920","2000-01-01",-116.4732,49.02454,"2000-01-01","/home/ecologia/Documents/Lorena/capas/WorldClim_1970-2020_monthly_recortado/2000-01",19377242,66,-0.100000001490116,-7,"Train"
"921","2000-01-01",-81.04628,31.932306,"2000-01-01","/home/ecologia/Documents/Lorena/capas/WorldClim_1970-2020_monthly_recortado/2000-01",41817382,98,15.1000003814697,4.5,"Test"
"922","2000-01-01",-95.76943,29.757044,"2000-01-01","/home/ecologia/Documents/Lorena/capas/WorldClim_1970-2020_monthly_recortado/2000-01",44670694,81,16.2999992370605,4.90000009536743,"Test"
"923","2000-01-01",-93.94818,29.698408,"2000-01-01","/home/ecologia/Documents/Lorena/capas/WorldClim_1970-2020_monthly_recortado/2000-01",44747486,121,15.3000001907349,6.09999990463257,"Test"
"924","2000-01-01",-95.67818,29.842007,"2000-01-01","/home/ecologia/Documents/Lorena/capas/WorldClim_1970-2020_monthly_recortado/2000-01",44550376,84,16.2999992370605,4.69999980926514,"Train"
"925","2000-01-01",-82.311226,29.62872,"2000-01-01","/home/ecologia/Documents/Lorena/capas/WorldClim_1970-2020_monthly_recortado/2000-01",44836394,88,19.5,5.80000019073486,"Test"
"926","2000-01-01",-87.88839,30.573864,"2000-01-01","/home/ecologia/Documents/Lorena/capas/WorldClim_1970-2020_monthly_recortado/2000-01",43599618,147,15.6000003814697,4.90000009536743,"Test"
"927","2000-01-01",-97.9098,30.22189,"2000-01-01","/home/ecologia/Documents/Lorena/capas/WorldClim_1970-2020_monthly_recortado/2000-01",44057853,48,14.8000001907349,2.79999995231628,"Train"
"928","2000-01-01",-75.61786,40.2061,"2000-01-01","/home/ecologia/Documents/Lorena/capas/WorldClim_1970-2020_monthly_recortado/2000-01",30955606,87,3.09999990463257,-6.30000019073486,"Train"
"929","2000-01-01",-98.367645,29.917597,"2000-01-01","/home/ecologia/Documents/Lorena/capas/WorldClim_1970-2020_monthly_recortado/2000-01",44451602,47,15.1999998092651,2.29999995231628,"Train"
"930","2000-01-01",-124.39952,42.429016,"2000-01-01","/home/ecologia/Documents/Lorena/capas/WorldClim_1970-2020_monthly_recortado/2000-01",28029040,304,12,4.19999980926514,"Train"
"931","2000-01-01",-97.70043,30.393753,"2000-01-01","/home/ecologia/Documents/Lorena/capas/WorldClim_1970-2020_monthly_recortado/2000-01",43828159,48,15.3000001907349,3.40000009536743,"Train"
"932","2000-01-01",-75.62817,39.74752,"2000-01-01","/home/ecologia/Documents/Lorena/capas/WorldClim_1970-2020_monthly_recortado/2000-01",31557250,93,4.09999990463257,-4.69999980926514,"Train"
"933","2000-01-01",-94.65176,38.98285,"2000-01-01","/home/ecologia/Documents/Lorena/capas/WorldClim_1970-2020_monthly_recortado/2000-01",32561355,31,2.90000009536743,-7.40000009536743,"Test"
"934","2000-01-01",-104.860695,21.47533,"2000-01-01","/home/ecologia/Documents/Lorena/capas/WorldClim_1970-2020_monthly_recortado/2000-01",55532030,31,28.2999992370605,8.19999980926514,"Train"
"935","2000-01-01",-76.18213,40.17202,"2000-01-01","/home/ecologia/Documents/Lorena/capas/WorldClim_1970-2020_monthly_recortado/2000-01",30999295,80,2.5,-6.30000019073486,"Train"
"936","2000-01-01",-103.48907,20.696865,"2000-01-01","/home/ecologia/Documents/Lorena/capas/WorldClim_1970-2020_monthly_recortado/2000-01",56560461,20,23.2000007629395,5.59999990463257,"Train"
"937","2000-01-01",-90.06293,30.367826,"2000-01-01","/home/ecologia/Documents/Lorena/capas/WorldClim_1970-2020_monthly_recortado/2000-01",43861893,138,16.2000007629395,4.5,"Train"
"938","2000-01-01",-99.198044,19.110851,"2000-01-01","/home/ecologia/Documents/Lorena/capas/WorldClim_1970-2020_monthly_recortado/2000-01",58639386,18,18.1000003814697,1.89999997615814,"Train"
"939","2000-01-01",-104.19978,19.564753,"2000-01-01","/home/ecologia/Documents/Lorena/capas/WorldClim_1970-2020_monthly_recortado/2000-01",58048080,36,17.3999996185303,4.5,"Test"
"940","2000-01-01",-91.13408,30.40024,"2000-01-01","/home/ecologia/Documents/Lorena/capas/WorldClim_1970-2020_monthly_recortado/2000-01",43818008,148,16.2000007629395,4.80000019073486,"Train"
"941","2000-01-01",-82.13929,26.988386,"2000-01-01","/home/ecologia/Documents/Lorena/capas/WorldClim_1970-2020_monthly_recortado/2000-01",48304078,54,23,10.8999996185303,"Train"
"942","2000-01-01",-84.357834,29.907146,"2000-01-01","/home/ecologia/Documents/Lorena/capas/WorldClim_1970-2020_monthly_recortado/2000-01",44475162,116,16.7999992370605,6.30000019073486,"Train"
"943","2000-01-01",-86.609924,30.46177,"2000-01-01","/home/ecologia/Documents/Lorena/capas/WorldClim_1970-2020_monthly_recortado/2000-01",43741978,129,15.8999996185303,5,"Train"
"944","2000-01-01",-82.454666,28.17491,"2000-01-01","/home/ecologia/Documents/Lorena/capas/WorldClim_1970-2020_monthly_recortado/2000-01",46750702,78,21.2000007629395,9.5,"Test"
"945","2000-01-01",-86.39939,39.70425,"2000-01-01","/home/ecologia/Documents/Lorena/capas/WorldClim_1970-2020_monthly_recortado/2000-01",31610653,59,1,-8.10000038146973,"Test"
"946","2000-01-01",-104.82003,20.747692,"2000-01-01","/home/ecologia/Documents/Lorena/capas/WorldClim_1970-2020_monthly_recortado/2000-01",56494667,38,20.5,3.70000004768372,"Train"
"947","2000-01-01",-98.08641,30.675264,"2000-01-01","/home/ecologia/Documents/Lorena/capas/WorldClim_1970-2020_monthly_recortado/2000-01",43456187,43,14.5,1.39999997615814,"Train"
"948","2000-01-01",-85.29118,35.07005,"2000-01-01","/home/ecologia/Documents/Lorena/capas/WorldClim_1970-2020_monthly_recortado/2000-01",37692870,136,9.19999980926514,-1.5,"Train"
"949","2000-01-01",-95.63397,29.578327,"2000-01-01","/home/ecologia/Documents/Lorena/capas/WorldClim_1970-2020_monthly_recortado/2000-01",44900429,85,16.2000007629395,5.19999980926514,"Train"
"950","2000-01-01",-103.99195,30.61531,"2000-01-01","/home/ecologia/Documents/Lorena/capas/WorldClim_1970-2020_monthly_recortado/2000-01",43542990,11,14.3000001907349,-1.39999997615814,"Test"
"951","2000-01-01",-89.66689,37.376568,"2000-01-01","/home/ecologia/Documents/Lorena/capas/WorldClim_1970-2020_monthly_recortado/2000-01",34662241,73,4.59999990463257,-5.5,"Train"
"952","2000-01-01",-89.687,30.312,"2000-01-01","/home/ecologia/Documents/Lorena/capas/WorldClim_1970-2020_monthly_recortado/2000-01",43938511,139,15.8999996185303,5.09999990463257,"Train"
"953","2000-01-01",-98.433556,29.694942,"2000-01-01","/home/ecologia/Documents/Lorena/capas/WorldClim_1970-2020_monthly_recortado/2000-01",44746947,48,15.1999998092651,2.70000004768372,"Train"
"954","2000-01-01",-97.84373,28.763031,"2000-01-01","/home/ecologia/Documents/Lorena/capas/WorldClim_1970-2020_monthly_recortado/2000-01",45972186,48,18.1000003814697,5.30000019073486,"Test"
"955","2000-01-01",-98.40895,29.944307,"2000-01-01","/home/ecologia/Documents/Lorena/capas/WorldClim_1970-2020_monthly_recortado/2000-01",44418780,47,15.1000003814697,2.09999990463257,"Test"
"956","2000-01-01",-97.80919,30.688284,"2000-01-01","/home/ecologia/Documents/Lorena/capas/WorldClim_1970-2020_monthly_recortado/2000-01",43445281,48,14.6000003814697,1.89999997615814,"Test"
"957","2000-01-01",-84.22424,30.534613,"2000-01-01","/home/ecologia/Documents/Lorena/capas/WorldClim_1970-2020_monthly_recortado/2000-01",43643814,129,16.7000007629395,4.09999990463257,"Test"
"958","2000-01-01",-87.46858,34.889793,"2000-01-01","/home/ecologia/Documents/Lorena/capas/WorldClim_1970-2020_monthly_recortado/2000-01",37933266,126,8.89999961853027,-2.09999990463257,"Train"
"959","2000-01-01",-84.47774,37.98868,"2000-01-01","/home/ecologia/Documents/Lorena/capas/WorldClim_1970-2020_monthly_recortado/2000-01",33864317,78,4.69999980926514,-5,"Train"
"960","2000-01-01",-84.12896,37.967636,"2000-01-01","/home/ecologia/Documents/Lorena/capas/WorldClim_1970-2020_monthly_recortado/2000-01",33886237,77,4.59999990463257,-5.5,"Train"
"961","2000-01-01",-103.81706,19.539137,"2000-01-01","/home/ecologia/Documents/Lorena/capas/WorldClim_1970-2020_monthly_recortado/2000-01",58080942,31,30.3999996185303,9.89999961853027,"Train"
"962","2000-01-01",-98.27294,26.278534,"2000-01-01","/home/ecologia/Documents/Lorena/capas/WorldClim_1970-2020_monthly_recortado/2000-01",49231957,34,20.5,8.89999961853027,"Test"
"963","2000-01-01",-100.26712,19.588179,"2000-01-01","/home/ecologia/Documents/Lorena/capas/WorldClim_1970-2020_monthly_recortado/2000-01",58015734,25,15.3000001907349,0.699999988079071,"Train"
"964","2000-01-01",-74.955086,38.933826,"2000-01-01","/home/ecologia/Documents/Lorena/capas/WorldClim_1970-2020_monthly_recortado/2000-01",32618414,90,5.69999980926514,-2.79999995231628,"Train"
"965","2000-01-01",-97.60099,26.15575,"2000-01-01","/home/ecologia/Documents/Lorena/capas/WorldClim_1970-2020_monthly_recortado/2000-01",49396122,41,20.2000007629395,9.30000019073486,"Train"
"966","2000-01-01",-103.33197,20.295507,"2000-01-01","/home/ecologia/Documents/Lorena/capas/WorldClim_1970-2020_monthly_recortado/2000-01",57085552,20,21.7000007629395,8,"Train"
"967","2000-01-01",-103.54038,19.53381,"2000-01-01","/home/ecologia/Documents/Lorena/capas/WorldClim_1970-2020_monthly_recortado/2000-01",58080976,35,20,5.5,"Test"
"968","2000-01-01",-97.62575,26.151999,"2000-01-01","/home/ecologia/Documents/Lorena/capas/WorldClim_1970-2020_monthly_recortado/2000-01",49396119,41,20.2000007629395,9.30000019073486,"Test"
"969","2000-01-01",-100.5558,17.498045,"2000-01-01","/home/ecologia/Documents/Lorena/capas/WorldClim_1970-2020_monthly_recortado/2000-01",60761389,18,29.7000007629395,16,"Test"
"970","2000-01-01",-90.97558,30.357933,"2000-01-01","/home/ecologia/Documents/Lorena/capas/WorldClim_1970-2020_monthly_recortado/2000-01",43883661,146,16.2000007629395,4.5,"Train"
"971","2000-01-01",-80.53805,34.307224,"2000-01-01","/home/ecologia/Documents/Lorena/capas/WorldClim_1970-2020_monthly_recortado/2000-01",38699828,113,11.8999996185303,-0.300000011920929,"Test"
"972","2000-01-01",-103.725586,19.251707,"2000-01-01","/home/ecologia/Documents/Lorena/capas/WorldClim_1970-2020_monthly_recortado/2000-01",58452879,24,32.7000007629395,15.6999998092651,"Train"
"973","2000-01-01",-84.20153,33.868526,"2000-01-01","/home/ecologia/Documents/Lorena/capas/WorldClim_1970-2020_monthly_recortado/2000-01",39268216,133,10.6999998092651,0.300000011920929,"Test"
"974","2000-01-01",-90.08889,32.4309,"2000-01-01","/home/ecologia/Documents/Lorena/capas/WorldClim_1970-2020_monthly_recortado/2000-01",41159957,141,12.8999996185303,1.5,"Train"
"975","2000-01-01",-98.76762,29.971872,"2000-01-01","/home/ecologia/Documents/Lorena/capas/WorldClim_1970-2020_monthly_recortado/2000-01",44385920,41,15.6000003814697,1.29999995231628,"Train"
"976","2000-01-01",-99.77,17.635,"2000-01-01","/home/ecologia/Documents/Lorena/capas/WorldClim_1970-2020_monthly_recortado/2000-01",60575520,15,26.1000003814697,12.3000001907349,"Train"
"977","2000-01-01",-85.17926,30.763746,"2000-01-01","/home/ecologia/Documents/Lorena/capas/WorldClim_1970-2020_monthly_recortado/2000-01",43348346,129,15.8999996185303,3.79999995231628,"Train"
"978","2000-01-01",-103.504074,20.57479,"2000-01-01","/home/ecologia/Documents/Lorena/capas/WorldClim_1970-2020_monthly_recortado/2000-01",56724544,20,22.7000007629395,5.5,"Train"
"979","2000-01-01",-95.59872,30.385828,"2000-01-01","/home/ecologia/Documents/Lorena/capas/WorldClim_1970-2020_monthly_recortado/2000-01",43839351,88,15,4.80000019073486,"Test"
"980","2000-01-01",-89.7434,30.32682,"2000-01-01","/home/ecologia/Documents/Lorena/capas/WorldClim_1970-2020_monthly_recortado/2000-01",43916626,136,16.1000003814697,4.69999980926514,"Test"
"981","2000-01-01",-104.50993,21.125498,"2000-01-01","/home/ecologia/Documents/Lorena/capas/WorldClim_1970-2020_monthly_recortado/2000-01",55991510,35,21.2999992370605,4.30000019073486,"Train"
"982","2000-01-01",-91.15246,30.409237,"2000-01-01","/home/ecologia/Documents/Lorena/capas/WorldClim_1970-2020_monthly_recortado/2000-01",43807067,145,16.1000003814697,4.80000019073486,"Train"
"983","2000-01-01",-88.23111,30.656403,"2000-01-01","/home/ecologia/Documents/Lorena/capas/WorldClim_1970-2020_monthly_recortado/2000-01",43490187,146,15.8999996185303,4.30000019073486,"Test"
"984","2000-01-01",-99.466866,27.59932,"2000-01-01","/home/ecologia/Documents/Lorena/capas/WorldClim_1970-2020_monthly_recortado/2000-01",47503451,21,19.2999992370605,6.40000009536743,"Test"
"985","2000-01-01",-96.64605,28.97856,"2000-01-01","/home/ecologia/Documents/Lorena/capas/WorldClim_1970-2020_monthly_recortado/2000-01",45687916,69,17.6000003814697,5.5,"Test"
"986","2000-01-01",-90.8168,29.6704,"2000-01-01","/home/ecologia/Documents/Lorena/capas/WorldClim_1970-2020_monthly_recortado/2000-01",44780678,143,16.5,6.09999990463257,"Test"
"987","2000-01-01",-103.323296,20.310537,"2000-01-01","/home/ecologia/Documents/Lorena/capas/WorldClim_1970-2020_monthly_recortado/2000-01",57063675,21,20.1000003814697,6.59999990463257,"Train"
"988","2000-01-01",-105.27205,20.359667,"2000-01-01","/home/ecologia/Documents/Lorena/capas/WorldClim_1970-2020_monthly_recortado/2000-01",56997807,24,25.3999996185303,8.19999980926514,"Test"
"989","2000-01-01",-104.1414,19.5321,"2000-01-01","/home/ecologia/Documents/Lorena/capas/WorldClim_1970-2020_monthly_recortado/2000-01",58091843,46,21.2999992370605,6,"Train"
"990","2000-01-01",-111.02582,27.96341,"2000-01-01","/home/ecologia/Documents/Lorena/capas/WorldClim_1970-2020_monthly_recortado/2000-01",47020748,18,24.2999992370605,11.1999998092651,"Test"
"991","2000-01-01",-101.32957,21.26106,"2000-01-01","/home/ecologia/Documents/Lorena/capas/WorldClim_1970-2020_monthly_recortado/2000-01",55816868,16,21.2999992370605,3.70000004768372,"Train"
"992","2000-01-01",-91.01402,30.447544,"2000-01-01","/home/ecologia/Documents/Lorena/capas/WorldClim_1970-2020_monthly_recortado/2000-01",43763328,149,16.2000007629395,4.40000009536743,"Train"
"993","2000-01-01",-97.69378,26.220526,"2000-01-01","/home/ecologia/Documents/Lorena/capas/WorldClim_1970-2020_monthly_recortado/2000-01",49308599,41,20.2999992370605,9.19999980926514,"Train"
"994","2000-01-01",-95.62306,29.62984,"2000-01-01","/home/ecologia/Documents/Lorena/capas/WorldClim_1970-2020_monthly_recortado/2000-01",44834797,85,16.6000003814697,5.59999990463257,"Train"
"995","2000-01-01",-97.59258,27.833384,"2000-01-01","/home/ecologia/Documents/Lorena/capas/WorldClim_1970-2020_monthly_recortado/2000-01",47186445,42,18.8999996185303,7.5,"Test"
"996","2000-01-01",-86.5128,36.914524,"2000-01-01","/home/ecologia/Documents/Lorena/capas/WorldClim_1970-2020_monthly_recortado/2000-01",35275204,96,6,-4.30000019073486,"Train"
"997","2000-01-01",-98.972946,19.573496,"2000-01-01","/home/ecologia/Documents/Lorena/capas/WorldClim_1970-2020_monthly_recortado/2000-01",58037768,8,23.7999992370605,2.79999995231628,"Train"
"998","2000-01-01",-84.24631,34.171974,"2000-01-01","/home/ecologia/Documents/Lorena/capas/WorldClim_1970-2020_monthly_recortado/2000-01",38874407,143,9.69999980926514,-0.800000011920929,"Train"
"999","2000-01-01",-95.19117,30.083466,"2000-01-01","/home/ecologia/Documents/Lorena/capas/WorldClim_1970-2020_monthly_recortado/2000-01",44233204,97,16,5.09999990463257,"Train"
"1000","2000-01-01",-95.61161,30.218136,"2000-01-01","/home/ecologia/Documents/Lorena/capas/WorldClim_1970-2020_monthly_recortado/2000-01",44058129,86,15.1000003814697,3.90000009536743,"Train"
"1001","2000-01-01",-97.99088,26.15955,"2000-01-01","/home/ecologia/Documents/Lorena/capas/WorldClim_1970-2020_monthly_recortado/2000-01",49385137,37,20.6000003814697,9.39999961853027,"Train"
"1002","2000-01-01",-102.46366,21.870117,"2000-01-01","/home/ecologia/Documents/Lorena/capas/WorldClim_1970-2020_monthly_recortado/2000-01",55018185,18,21.7000007629395,3,"Train"
"1003","2000-01-01",-79.149345,38.18891,"2000-01-01","/home/ecologia/Documents/Lorena/capas/WorldClim_1970-2020_monthly_recortado/2000-01",33602421,70,5.59999990463257,-5.80000019073486,"Train"
"1004","2000-01-01",-97.03722,28.04583,"2000-01-01","/home/ecologia/Documents/Lorena/capas/WorldClim_1970-2020_monthly_recortado/2000-01",46913037,56,17.8999996185303,8.30000019073486,"Train"
"1005","2000-01-01",-103.6131,19.57449,"2000-01-01","/home/ecologia/Documents/Lorena/capas/WorldClim_1970-2020_monthly_recortado/2000-01",58037211,46,11.8000001907349,-0.300000011920929,"Train"
"1006","2000-01-01",-98.08195,29.98184,"2000-01-01","/home/ecologia/Documents/Lorena/capas/WorldClim_1970-2020_monthly_recortado/2000-01",44375064,50,15.1000003814697,2.90000009536743,"Train"
"1007","2000-01-01",-100.7274,20.91783,"2000-01-01","/home/ecologia/Documents/Lorena/capas/WorldClim_1970-2020_monthly_recortado/2000-01",56265439,15,21.2999992370605,4.09999990463257,"Train"
"1008","2000-01-01",-95.72443,30.16172,"2000-01-01","/home/ecologia/Documents/Lorena/capas/WorldClim_1970-2020_monthly_recortado/2000-01",44134689,83,15,3.90000009536743,"Train"
"1009","2000-01-01",-84.25303,38.20978,"2000-01-01","/home/ecologia/Documents/Lorena/capas/WorldClim_1970-2020_monthly_recortado/2000-01",33568991,74,4.19999980926514,-5.90000009536743,"Train"
"1010","2000-01-01",-98.32517,26.26735,"2000-01-01","/home/ecologia/Documents/Lorena/capas/WorldClim_1970-2020_monthly_recortado/2000-01",49242889,34,20.3999996185303,8.80000019073486,"Train"
"1011","2000-01-01",-79.32863,35.16627,"2000-01-01","/home/ecologia/Documents/Lorena/capas/WorldClim_1970-2020_monthly_recortado/2000-01",37573256,101,10.8000001907349,-0.699999988079071,"Train"
"1012","2000-01-01",-119.6612,34.44562,"2000-01-01","/home/ecologia/Documents/Lorena/capas/WorldClim_1970-2020_monthly_recortado/2000-01",38509170,96,18,5.69999980926514,"Train"
"1013","2000-01-01",-98.40909,29.55621,"2000-01-01","/home/ecologia/Documents/Lorena/capas/WorldClim_1970-2020_monthly_recortado/2000-01",44932913,44,16.3999996185303,4,"Train"
"1014","2000-01-01",-98.5657,29.49396,"2000-01-01","/home/ecologia/Documents/Lorena/capas/WorldClim_1970-2020_monthly_recortado/2000-01",45009468,42,16.7999992370605,4.30000019073486,"Train"
"1015","2000-01-01",-152.3929,57.79225,"2000-01-01","/home/ecologia/Documents/Lorena/capas/WorldClim_1970-2020_monthly_recortado/2000-01",NA,NA,NA,NA,"Train"
"1016","2000-01-01",-97.79112,30.29991,"2000-01-01","/home/ecologia/Documents/Lorena/capas/WorldClim_1970-2020_monthly_recortado/2000-01",43959417,46,15,3.79999995231628,"Test"
"1017","2000-01-01",-98.49072,29.42512,"2000-01-01","/home/ecologia/Documents/Lorena/capas/WorldClim_1970-2020_monthly_recortado/2000-01",45096989,42,17,4.69999980926514,"Train"
"1018","2000-01-01",-87.57477,34.82608,"2000-01-01","/home/ecologia/Documents/Lorena/capas/WorldClim_1970-2020_monthly_recortado/2000-01",38009827,125,9.5,-1.20000004768372,"Test"
"1019","2000-01-01",-87.09668,30.67041,"2000-01-01","/home/ecologia/Documents/Lorena/capas/WorldClim_1970-2020_monthly_recortado/2000-01",43468445,131,15.6999998092651,4.40000009536743,"Train"
"1020","2000-01-01",-109.272,31.9994,"2000-01-01","/home/ecologia/Documents/Lorena/capas/WorldClim_1970-2020_monthly_recortado/2000-01",41726483,34,12.1000003814697,-2.70000004768372,"Train"
"1021","2000-01-01",-92.04369,30.38571,"2000-01-01","/home/ecologia/Documents/Lorena/capas/WorldClim_1970-2020_monthly_recortado/2000-01",43839777,157,15.5,4.19999980926514,"Train"
"1022","2000-01-01",-77.2278,38.70432,"2000-01-01","/home/ecologia/Documents/Lorena/capas/WorldClim_1970-2020_monthly_recortado/2000-01",32924433,76,6.19999980926514,-3.90000009536743,"Train"
"1023","2000-01-01",-80.23916,26.11568,"2000-01-01","/home/ecologia/Documents/Lorena/capas/WorldClim_1970-2020_monthly_recortado/2000-01",49452901,72,24.2999992370605,14.6000003814697,"Test"
"1024","2000-01-01",-87.45842,30.38367,"2000-01-01","/home/ecologia/Documents/Lorena/capas/WorldClim_1970-2020_monthly_recortado/2000-01",43840327,138,16.1000003814697,5.5,"Train"
"1025","2000-01-01",-99.0522,18.96957,"2000-01-01","/home/ecologia/Documents/Lorena/capas/WorldClim_1970-2020_monthly_recortado/2000-01",58825366,11,25.2000007629395,10,"Train"
"1026","2000-01-01",-76.52403,38.22369,"2000-01-01","/home/ecologia/Documents/Lorena/capas/WorldClim_1970-2020_monthly_recortado/2000-01",33558980,88,7,-2.90000009536743,"Train"
"1027","2000-01-01",-87.55581,37.97474,"2000-01-01","/home/ecologia/Documents/Lorena/capas/WorldClim_1970-2020_monthly_recortado/2000-01",33885826,75,4.59999990463257,-4.59999990463257,"Train"
"1028","2000-01-01",-88.54224,30.4148,"2000-01-01","/home/ecologia/Documents/Lorena/capas/WorldClim_1970-2020_monthly_recortado/2000-01",43807380,148,15.5,5.80000019073486,"Train"
"1029","2000-01-01",-95.6393,30.09293,"2000-01-01","/home/ecologia/Documents/Lorena/capas/WorldClim_1970-2020_monthly_recortado/2000-01",44222211,84,15.5,4.19999980926514,"Train"
"1030","2000-01-01",-99.51125,18.90452,"2000-01-01","/home/ecologia/Documents/Lorena/capas/WorldClim_1970-2020_monthly_recortado/2000-01",58912823,12,24.2999992370605,8.89999961853027,"Train"
"1031","2000-01-01",-98.19587,26.18961,"2000-01-01","/home/ecologia/Documents/Lorena/capas/WorldClim_1970-2020_monthly_recortado/2000-01",49352295,35,20.7000007629395,9.19999980926514,"Train"
"1032","2000-01-01",-103.2328,20.69166,"2000-01-01","/home/ecologia/Documents/Lorena/capas/WorldClim_1970-2020_monthly_recortado/2000-01",56571431,16,26.2000007629395,6.90000009536743,"Train"
"1033","2000-01-01",-91.07574,29.71155,"2000-01-01","/home/ecologia/Documents/Lorena/capas/WorldClim_1970-2020_monthly_recortado/2000-01",44725952,133,16.1000003814697,6.5,"Test"
"1034","2000-01-01",-103.7185,19.37186,"2000-01-01","/home/ecologia/Documents/Lorena/capas/WorldClim_1970-2020_monthly_recortado/2000-01",58299734,29,29.2000007629395,10.6000003814697,"Train"
"1035","2000-01-01",-95.56302,29.88772,"2000-01-01","/home/ecologia/Documents/Lorena/capas/WorldClim_1970-2020_monthly_recortado/2000-01",44495695,86,16.6000003814697,5.19999980926514,"Train"
"1036","2000-01-01",-94.11275,30.10185,"2000-01-01","/home/ecologia/Documents/Lorena/capas/WorldClim_1970-2020_monthly_recortado/2000-01",44211455,123,16.6000003814697,5.59999990463257,"Train"
"1037","2000-01-01",-98.78037,29.8194,"2000-01-01","/home/ecologia/Documents/Lorena/capas/WorldClim_1970-2020_monthly_recortado/2000-01",44582821,43,15.1000003814697,1.89999997615814,"Train"
"1038","2000-01-01",-96.27137,30.65906,"2000-01-01","/home/ecologia/Documents/Lorena/capas/WorldClim_1970-2020_monthly_recortado/2000-01",43478283,81,15.1999998092651,3.59999990463257,"Train"
"1039","2000-01-01",-79.77284,32.87097,"2000-01-01","/home/ecologia/Documents/Lorena/capas/WorldClim_1970-2020_monthly_recortado/2000-01",40581428,99,14.3000001907349,3.59999990463257,"Train"
"1040","2000-01-01",-90.86282,30.30278,"2000-01-01","/home/ecologia/Documents/Lorena/capas/WorldClim_1970-2020_monthly_recortado/2000-01",43949309,142,16.1000003814697,4.59999990463257,"Train"
"1041","2000-01-01",-122.2643,37.89378,"2000-01-01","/home/ecologia/Documents/Lorena/capas/WorldClim_1970-2020_monthly_recortado/2000-01",33980112,169,13.1000003814697,5,"Train"
"1042","2000-01-01",-98.63285,30.28805,"2000-01-01","/home/ecologia/Documents/Lorena/capas/WorldClim_1970-2020_monthly_recortado/2000-01",43970255,40,15.3999996185303,1.5,"Test"
"1043","2000-01-01",-123.475,49.43851,"2000-01-01","/home/ecologia/Documents/Lorena/capas/WorldClim_1970-2020_monthly_recortado/2000-01",18829452,NA,NA,NA,"Test"
"1044","2000-01-01",-85.14448,30.80212,"2000-01-01","/home/ecologia/Documents/Lorena/capas/WorldClim_1970-2020_monthly_recortado/2000-01",43293655,132,16,3.70000004768372,"Train"
"1045","2000-01-01",-94.09364,30.05065,"2000-01-01","/home/ecologia/Documents/Lorena/capas/WorldClim_1970-2020_monthly_recortado/2000-01",44277091,123,16.5,5.59999990463257,"Train"
"1046","2000-01-01",-97.14721,32.8555,"2000-01-01","/home/ecologia/Documents/Lorena/capas/WorldClim_1970-2020_monthly_recortado/2000-01",40601221,47,12.8999996185303,0.899999976158142,"Train"
"1047","2000-01-01",-105.3026,20.71006,"2000-01-01","/home/ecologia/Documents/Lorena/capas/WorldClim_1970-2020_monthly_recortado/2000-01",56538365,25,28.6000003814697,15.5,"Train"
"1048","2000-01-01",-83.16341,41.61406,"2000-01-01","/home/ecologia/Documents/Lorena/capas/WorldClim_1970-2020_monthly_recortado/2000-01",29106010,43,-0.5,-8.39999961853027,"Train"
"1049","2000-01-01",-97.39089,26.34994,"2000-01-01","/home/ecologia/Documents/Lorena/capas/WorldClim_1970-2020_monthly_recortado/2000-01",49144551,45,18.8999996185303,9.89999961853027,"Test"
"1050","2000-01-01",-80.28821,36.10279,"2000-01-01","/home/ecologia/Documents/Lorena/capas/WorldClim_1970-2020_monthly_recortado/2000-01",36337034,88,9,-2.5,"Train"
"1051","2000-01-01",-84.41393,34.14091,"2000-01-01","/home/ecologia/Documents/Lorena/capas/WorldClim_1970-2020_monthly_recortado/2000-01",38918143,137,9.80000019073486,-0.600000023841858,"Train"
"1052","2000-01-01",-84.51777,39.00943,"2000-01-01","/home/ecologia/Documents/Lorena/capas/WorldClim_1970-2020_monthly_recortado/2000-01",32518815,71,3.20000004768372,-6.5,"Train"
"1053","2000-01-01",-97.56601,30.98396,"2000-01-01","/home/ecologia/Documents/Lorena/capas/WorldClim_1970-2020_monthly_recortado/2000-01",43051507,46,14.1999998092651,2.09999990463257,"Test"
"1054","2000-01-01",-91.34386,38.51838,"2000-01-01","/home/ecologia/Documents/Lorena/capas/WorldClim_1970-2020_monthly_recortado/2000-01",33163397,45,3.90000009536743,-7.19999980926514,"Test"
"1055","2000-01-01",-103.8849,19.42381,"2000-01-01","/home/ecologia/Documents/Lorena/capas/WorldClim_1970-2020_monthly_recortado/2000-01",58234080,30,19.8999996185303,6,"Train"
"1056","2000-01-01",-72.4196,41.98149,"2000-01-01","/home/ecologia/Documents/Lorena/capas/WorldClim_1970-2020_monthly_recortado/2000-01",28625983,95,0.899999976158142,-9.69999980926514,"Train"
"1057","2000-01-01",-75.54393,35.25837,"2000-01-01","/home/ecologia/Documents/Lorena/capas/WorldClim_1970-2020_monthly_recortado/2000-01",37442442,138,12.3000001907349,4.09999990463257,"Test"
"1058","2000-01-01",-97.71477,30.72142,"2000-01-01","/home/ecologia/Documents/Lorena/capas/WorldClim_1970-2020_monthly_recortado/2000-01",43401537,49,14.5,2.20000004768372,"Test"
"1059","2000-01-01",-91.7653,30.0359,"2000-01-01","/home/ecologia/Documents/Lorena/capas/WorldClim_1970-2020_monthly_recortado/2000-01",44299249,125,16.1000003814697,5.09999990463257,"Train"
"1060","2000-01-01",-89.36523,30.381,"2000-01-01","/home/ecologia/Documents/Lorena/capas/WorldClim_1970-2020_monthly_recortado/2000-01",43851038,156,15.6000003814697,4.90000009536743,"Test"
"1061","2000-01-01",-98.20662,29.27134,"2000-01-01","/home/ecologia/Documents/Lorena/capas/WorldClim_1970-2020_monthly_recortado/2000-01",45304864,46,16.7000007629395,4.09999990463257,"Train"
"1062","2000-01-01",-84.61218,37.17211,"2000-01-01","/home/ecologia/Documents/Lorena/capas/WorldClim_1970-2020_monthly_recortado/2000-01",34936323,96,5.80000019073486,-4.40000009536743,"Test"
"1063","2000-01-01",-80.84075,35.1784,"2000-01-01","/home/ecologia/Documents/Lorena/capas/WorldClim_1970-2020_monthly_recortado/2000-01",37551197,105,10.6000003814697,-0.699999988079071,"Test"
"1064","2000-01-01",-95.82734,29.81396,"2000-01-01","/home/ecologia/Documents/Lorena/capas/WorldClim_1970-2020_monthly_recortado/2000-01",44594114,79,15.8000001907349,4.30000019073486,"Train"
"1065","2000-01-01",-84.25375,31.61503,"2000-01-01","/home/ecologia/Documents/Lorena/capas/WorldClim_1970-2020_monthly_recortado/2000-01",42232679,140,15.1999998092651,2.79999995231628,"Train"
"1066","2000-01-01",-79.82992,34.20499,"2000-01-01","/home/ecologia/Documents/Lorena/capas/WorldClim_1970-2020_monthly_recortado/2000-01",38831181,106,12.8000001907349,0.600000023841858,"Train"
"1067","2000-01-01",-74.77997,40.32914,"2000-01-01","/home/ecologia/Documents/Lorena/capas/WorldClim_1970-2020_monthly_recortado/2000-01",30791622,95,3.5,-6.19999980926514,"Train"
"1068","2000-01-01",-95.11407,30.06999,"2000-01-01","/home/ecologia/Documents/Lorena/capas/WorldClim_1970-2020_monthly_recortado/2000-01",44255091,100,15.6000003814697,5.09999990463257,"Test"
"1069","2000-01-01",-99.14032,30.04741,"2000-01-01","/home/ecologia/Documents/Lorena/capas/WorldClim_1970-2020_monthly_recortado/2000-01",44287425,34,15.3000001907349,0.699999988079071,"Test"
"1070","2000-01-01",-98.97806,18.94821,"2000-01-01","/home/ecologia/Documents/Lorena/capas/WorldClim_1970-2020_monthly_recortado/2000-01",58858192,10,26.2000007629395,10.1000003814697,"Train"
"1071","2000-01-01",-84.62147,30.40714,"2000-01-01","/home/ecologia/Documents/Lorena/capas/WorldClim_1970-2020_monthly_recortado/2000-01",43818790,131,16.5,4.59999990463257,"Train"
"1072","2000-01-01",-98.67708,29.69222,"2000-01-01","/home/ecologia/Documents/Lorena/capas/WorldClim_1970-2020_monthly_recortado/2000-01",44746918,44,15.3000001907349,2.29999995231628,"Train"
"1073","2000-01-01",-82.37897,28.84879,"2000-01-01","/home/ecologia/Documents/Lorena/capas/WorldClim_1970-2020_monthly_recortado/2000-01",45864652,90,20.6000003814697,7.30000019073486,"Train"
"1074","2000-01-01",-96.15163,28.8423,"2000-01-01","/home/ecologia/Documents/Lorena/capas/WorldClim_1970-2020_monthly_recortado/2000-01",45862999,85,17.2000007629395,6.5,"Train"
"1075","2000-01-01",-98.1895,29.33788,"2000-01-01","/home/ecologia/Documents/Lorena/capas/WorldClim_1970-2020_monthly_recortado/2000-01",45217354,47,16.6000003814697,4,"Test"
"1076","2000-01-01",-77.38938,37.41612,"2000-01-01","/home/ecologia/Documents/Lorena/capas/WorldClim_1970-2020_monthly_recortado/2000-01",34619959,93,8.5,-2.70000004768372,"Test"
"1077","2000-01-01",-97.25851,29.47724,"2000-01-01","/home/ecologia/Documents/Lorena/capas/WorldClim_1970-2020_monthly_recortado/2000-01",45031502,62,16.3999996185303,4.40000009536743,"Train"
"1078","2000-01-01",-82.30957,27.95074,"2000-01-01","/home/ecologia/Documents/Lorena/capas/WorldClim_1970-2020_monthly_recortado/2000-01",47035133,64,21.7999992370605,9.89999961853027,"Test"
"1079","2000-01-01",-80.76312,35.15955,"2000-01-01","/home/ecologia/Documents/Lorena/capas/WorldClim_1970-2020_monthly_recortado/2000-01",37573084,106,10.6000003814697,-0.800000011920929,"Test"
"1080","2000-01-01",-77.89214,39.91641,"2000-01-01","/home/ecologia/Documents/Lorena/capas/WorldClim_1970-2020_monthly_recortado/2000-01",31338198,65,3.09999990463257,-6.19999980926514,"Train"
"1081","2000-01-01",-119.5278,34.40704,"2000-01-01","/home/ecologia/Documents/Lorena/capas/WorldClim_1970-2020_monthly_recortado/2000-01",38563881,89,18.1000003814697,6.30000019073486,"Test"
"1082","2000-01-01",-97.52961,31.09509,"2000-01-01","/home/ecologia/Documents/Lorena/capas/WorldClim_1970-2020_monthly_recortado/2000-01",42909304,45,14.1999998092651,2.09999990463257,"Train"
"1083","2000-01-01",-75.6819,35.907,"2000-01-01","/home/ecologia/Documents/Lorena/capas/WorldClim_1970-2020_monthly_recortado/2000-01",36600123,112,10.8000001907349,2,"Test"
"1084","2000-01-01",-104.5684,23.95779,"2000-01-01","/home/ecologia/Documents/Lorena/capas/WorldClim_1970-2020_monthly_recortado/2000-01",52283182,19,20.7999992370605,1.39999997615814,"Test"
"1085","2000-01-01",-95.62784,29.13953,"2000-01-01","/home/ecologia/Documents/Lorena/capas/WorldClim_1970-2020_monthly_recortado/2000-01",45480197,96,16.5,6.09999990463257,"Train"
"1086","2000-01-01",-97.47623,35.73525,"2000-01-01","/home/ecologia/Documents/Lorena/capas/WorldClim_1970-2020_monthly_recortado/2000-01",36816287,31,8.39999961853027,-3.70000004768372,"Test"
"1087","2000-01-01",-85.69595,38.117,"2000-01-01","/home/ecologia/Documents/Lorena/capas/WorldClim_1970-2020_monthly_recortado/2000-01",33689147,82,5.19999980926514,-4.5,"Train"
"1088","2000-01-01",-90.687,29.687,"2000-01-01","/home/ecologia/Documents/Lorena/capas/WorldClim_1970-2020_monthly_recortado/2000-01",44758816,140,17,5.80000019073486,"Test"
"1089","2000-01-01",-78.64395,41.95586,"2000-01-01","/home/ecologia/Documents/Lorena/capas/WorldClim_1970-2020_monthly_recortado/2000-01",28658053,70,-0.899999976158142,-10.6999998092651,"Train"
"1090","2000-01-01",-96.43347,17.29431,"2000-01-01","/home/ecologia/Documents/Lorena/capas/WorldClim_1970-2020_monthly_recortado/2000-01",61024419,19,20.2000007629395,7.19999980926514,"Train"
"1091","2000-01-01",-105.3907,20.26254,"2000-01-01","/home/ecologia/Documents/Lorena/capas/WorldClim_1970-2020_monthly_recortado/2000-01",57129061,24,29,13,"Train"
"1092","2000-01-01",-110.7606,31.53901,"2000-01-01","/home/ecologia/Documents/Lorena/capas/WorldClim_1970-2020_monthly_recortado/2000-01",42327949,31,17.2999992370605,0.699999988079071,"Train"
"1093","2000-01-01",-96.0115,28.98322,"2000-01-01","/home/ecologia/Documents/Lorena/capas/WorldClim_1970-2020_monthly_recortado/2000-01",45687992,85,17.2000007629395,6.19999980926514,"Train"
"1094","2000-01-01",-81.51955,33.92302,"2000-01-01","/home/ecologia/Documents/Lorena/capas/WorldClim_1970-2020_monthly_recortado/2000-01",39202904,120,12,-0.100000001490116,"Train"
"1095","2000-01-01",-73.15675,41.2665,"2000-01-01","/home/ecologia/Documents/Lorena/capas/WorldClim_1970-2020_monthly_recortado/2000-01",29566649,98,2.29999995231628,-6.80000019073486,"Test"
"1096","2000-01-01",-96.35679,30.00837,"2000-01-01","/home/ecologia/Documents/Lorena/capas/WorldClim_1970-2020_monthly_recortado/2000-01",44331515,80,16,3.70000004768372,"Train"
"1097","2000-01-01",-103.0427,19.92335,"2000-01-01","/home/ecologia/Documents/Lorena/capas/WorldClim_1970-2020_monthly_recortado/2000-01",57577841,24,21.2999992370605,4.90000009536743,"Train"
"1098","2000-01-01",-88.79335,32.43414,"2000-01-01","/home/ecologia/Documents/Lorena/capas/WorldClim_1970-2020_monthly_recortado/2000-01",41149173,140,13,0.699999988079071,"Train"
"1099","2000-01-01",-97.6985,30.31273,"2000-01-01","/home/ecologia/Documents/Lorena/capas/WorldClim_1970-2020_monthly_recortado/2000-01",43937550,47,15.8000001907349,3.79999995231628,"Train"
"1100","2000-01-01",-80.32679,35.27185,"2000-01-01","/home/ecologia/Documents/Lorena/capas/WorldClim_1970-2020_monthly_recortado/2000-01",37430929,104,10.3999996185303,-1.5,"Train"
"1101","2000-01-01",-94.39441,30.13012,"2000-01-01","/home/ecologia/Documents/Lorena/capas/WorldClim_1970-2020_monthly_recortado/2000-01",44178604,118,15.8000001907349,4.90000009536743,"Train"
"1102","2000-01-01",-96.30094,30.7751,"2000-01-01","/home/ecologia/Documents/Lorena/capas/WorldClim_1970-2020_monthly_recortado/2000-01",43325133,78,15.1999998092651,3.5,"Train"
"1103","2000-01-01",-109.1159,31.89816,"2000-01-01","/home/ecologia/Documents/Lorena/capas/WorldClim_1970-2020_monthly_recortado/2000-01",41857770,26,14.6999998092651,-2.29999995231628,"Train"
"1104","2000-01-01",-106.222,23.23756,"2000-01-01","/home/ecologia/Documents/Lorena/capas/WorldClim_1970-2020_monthly_recortado/2000-01",53223738,25,28.7000007629395,12.5,"Train"
"1105","2000-01-01",-117.2408,32.74835,"2000-01-01","/home/ecologia/Documents/Lorena/capas/WorldClim_1970-2020_monthly_recortado/2000-01",40741017,58,17.8999996185303,9.10000038146973,"Train"
"1106","2000-01-01",-82.05417,33.53851,"2000-01-01","/home/ecologia/Documents/Lorena/capas/WorldClim_1970-2020_monthly_recortado/2000-01",39706034,115,13.5,0.600000023841858,"Test"
"1107","2000-01-01",-82.25791,27.9459,"2000-01-01","/home/ecologia/Documents/Lorena/capas/WorldClim_1970-2020_monthly_recortado/2000-01",47046079,63,21.8999996185303,9.80000019073486,"Train"
"1108","2000-01-01",-98.51337,29.50222,"2000-01-01","/home/ecologia/Documents/Lorena/capas/WorldClim_1970-2020_monthly_recortado/2000-01",44998535,42,16.7999992370605,4.40000009536743,"Train"
"1109","2000-01-01",-87.87363,30.52002,"2000-01-01","/home/ecologia/Documents/Lorena/capas/WorldClim_1970-2020_monthly_recortado/2000-01",43665254,148,15.8000001907349,5,"Train"
"1110","2000-01-01",-106.7194,32.31676,"2000-01-01","/home/ecologia/Documents/Lorena/capas/WorldClim_1970-2020_monthly_recortado/2000-01",41300168,14,13.8999996185303,-2.59999990463257,"Train"
"1111","2000-01-01",-84.13268,34.09404,"2000-01-01","/home/ecologia/Documents/Lorena/capas/WorldClim_1970-2020_monthly_recortado/2000-01",38972872,142,10.1000003814697,-0.5,"Train"
"1112","2000-01-01",-98.63631,29.87406,"2000-01-01","/home/ecologia/Documents/Lorena/capas/WorldClim_1970-2020_monthly_recortado/2000-01",44517204,44,15.1999998092651,1.70000004768372,"Train"
"1113","2000-01-01",-78.36702,38.08834,"2000-01-01","/home/ecologia/Documents/Lorena/capas/WorldClim_1970-2020_monthly_recortado/2000-01",33733782,83,6.69999980926514,-4.40000009536743,"Test"
"1114","2000-01-01",-95.75598,30.01311,"2000-01-01","/home/ecologia/Documents/Lorena/capas/WorldClim_1970-2020_monthly_recortado/2000-01",44331587,82,15.6000003814697,3.90000009536743,"Train"
"1115","2000-01-01",-76.75827,37.24153,"2000-01-01","/home/ecologia/Documents/Lorena/capas/WorldClim_1970-2020_monthly_recortado/2000-01",34849754,100,8.69999980926514,-1.70000004768372,"Test"
"1116","2000-01-01",-91.04095,30.28101,"2000-01-01","/home/ecologia/Documents/Lorena/capas/WorldClim_1970-2020_monthly_recortado/2000-01",43982105,147,15.8000001907349,5,"Train"
"1117","2000-01-01",-72.20964,41.29793,"2000-01-01","/home/ecologia/Documents/Lorena/capas/WorldClim_1970-2020_monthly_recortado/2000-01",29523006,107,3.20000004768372,-6.30000019073486,"Test"
"1118","2000-01-01",-98.22127,29.99001,"2000-01-01","/home/ecologia/Documents/Lorena/capas/WorldClim_1970-2020_monthly_recortado/2000-01",44364108,48,15.1000003814697,2.29999995231628,"Train"
"1119","2000-01-01",-98.08012,30.20397,"2000-01-01","/home/ecologia/Documents/Lorena/capas/WorldClim_1970-2020_monthly_recortado/2000-01",44079711,47,14.8000001907349,2.29999995231628,"Train"
"1120","2000-01-01",-85.93299,36.97377,"2000-01-01","/home/ecologia/Documents/Lorena/capas/WorldClim_1970-2020_monthly_recortado/2000-01",35198701,96,6.30000019073486,-3.90000009536743,"Train"
"1121","2000-01-01",-95.76313,29.73867,"2000-01-01","/home/ecologia/Documents/Lorena/capas/WorldClim_1970-2020_monthly_recortado/2000-01",44692573,81,16.2999992370605,4.90000009536743,"Train"
"1122","2000-01-01",-105.8389,23.64047,"2000-01-01","/home/ecologia/Documents/Lorena/capas/WorldClim_1970-2020_monthly_recortado/2000-01",52698712,66,18.7999992370605,0.699999988079071,"Train"
"1123","2000-01-01",-98.35322,29.92295,"2000-01-01","/home/ecologia/Documents/Lorena/capas/WorldClim_1970-2020_monthly_recortado/2000-01",44451604,47,15.1000003814697,2.29999995231628,"Train"
"1124","2000-01-01",-106.31,31.6409,"2000-01-01","/home/ecologia/Documents/Lorena/capas/WorldClim_1970-2020_monthly_recortado/2000-01",42197215,9,14.1999998092651,-1.79999995231628,"Train"
"1125","2000-01-01",-95.3115,30.1247,"2000-01-01","/home/ecologia/Documents/Lorena/capas/WorldClim_1970-2020_monthly_recortado/2000-01",44189433,92,15.6999998092651,4.69999980926514,"Train"
"1126","2000-01-01",-85.54376,38.03038,"2000-01-01","/home/ecologia/Documents/Lorena/capas/WorldClim_1970-2020_monthly_recortado/2000-01",33809494,83,5.09999990463257,-4.69999980926514,"Train"
"1127","2000-01-01",-95.16349,29.9622,"2000-01-01","/home/ecologia/Documents/Lorena/capas/WorldClim_1970-2020_monthly_recortado/2000-01",44397292,97,15.8999996185303,6,"Test"
"1128","2000-01-01",-80.82783,28.52529,"2000-01-01","/home/ecologia/Documents/Lorena/capas/WorldClim_1970-2020_monthly_recortado/2000-01",46280520,62,21.7000007629395,9,"Train"
"1129","2000-01-01",-103.7891,19.89827,"2000-01-01","/home/ecologia/Documents/Lorena/capas/WorldClim_1970-2020_monthly_recortado/2000-01",57610569,23,21.7000007629395,4,"Train"
"1130","2000-01-01",-91.20515,30.37806,"2000-01-01","/home/ecologia/Documents/Lorena/capas/WorldClim_1970-2020_monthly_recortado/2000-01",43850817,145,15.6000003814697,4.59999990463257,"Train"
"1131","2000-01-01",-82.0078,33.47429,"2000-01-01","/home/ecologia/Documents/Lorena/capas/WorldClim_1970-2020_monthly_recortado/2000-01",39793552,112,14,0.800000011920929,"Test"
"1132","2000-01-01",-79.91314,32.74211,"2000-01-01","/home/ecologia/Documents/Lorena/capas/WorldClim_1970-2020_monthly_recortado/2000-01",40745496,97,14.3000001907349,4,"Train"
"1133","2000-01-01",-96.29131,30.54536,"2000-01-01","/home/ecologia/Documents/Lorena/capas/WorldClim_1970-2020_monthly_recortado/2000-01",43631427,82,15,3.40000009536743,"Train"
"1134","2000-01-01",-89.65462,37.37306,"2000-01-01","/home/ecologia/Documents/Lorena/capas/WorldClim_1970-2020_monthly_recortado/2000-01",34673182,73,4.5,-5.5,"Test"
"1135","2000-01-01",-70.70558,42.0918,"2000-01-01","/home/ecologia/Documents/Lorena/capas/WorldClim_1970-2020_monthly_recortado/2000-01",28473043,109,2.79999995231628,-6.59999990463257,"Test"
"1136","2000-01-01",-97.38052,32.64232,"2000-01-01","/home/ecologia/Documents/Lorena/capas/WorldClim_1970-2020_monthly_recortado/2000-01",40874668,44,13.1999998092651,0.699999988079071,"Test"
"1137","2000-01-01",-96.54703,29.70296,"2000-01-01","/home/ecologia/Documents/Lorena/capas/WorldClim_1970-2020_monthly_recortado/2000-01",44736235,80,16.5,3.5,"Train"
"1138","2000-01-01",-103.6059,19.6685,"2000-01-01","/home/ecologia/Documents/Lorena/capas/WorldClim_1970-2020_monthly_recortado/2000-01",57905944,30,19.1000003814697,4.80000019073486,"Train"
"1139","2000-01-01",-95.0553,29.5742,"2000-01-01","/home/ecologia/Documents/Lorena/capas/WorldClim_1970-2020_monthly_recortado/2000-01",44911438,98,16.2000007629395,7.19999980926514,"Train"
"1140","2000-01-01",-80.32179,36.10025,"2000-01-01","/home/ecologia/Documents/Lorena/capas/WorldClim_1970-2020_monthly_recortado/2000-01",36337030,88,9,-2.5,"Train"
"1141","2000-01-01",-97.76311,31.10605,"2000-01-01","/home/ecologia/Documents/Lorena/capas/WorldClim_1970-2020_monthly_recortado/2000-01",42898337,37,14.6999998092651,1.60000002384186,"Train"
"1142","2000-01-01",-98.21097,26.22586,"2000-01-01","/home/ecologia/Documents/Lorena/capas/WorldClim_1970-2020_monthly_recortado/2000-01",49297598,34,20.7999992370605,9.30000019073486,"Train"
"1143","2000-01-01",-103.2656,19.96233,"2000-01-01","/home/ecologia/Documents/Lorena/capas/WorldClim_1970-2020_monthly_recortado/2000-01",57523120,26,20.7999992370605,4.69999980926514,"Train"
"1144","2000-01-01",-88.06332,30.66656,"2000-01-01","/home/ecologia/Documents/Lorena/capas/WorldClim_1970-2020_monthly_recortado/2000-01",43479268,142,16.2000007629395,4.40000009536743,"Test"
"1145","2000-01-01",-98.43887,29.50539,"2000-01-01","/home/ecologia/Documents/Lorena/capas/WorldClim_1970-2020_monthly_recortado/2000-01",44998544,43,16.3999996185303,4.19999980926514,"Train"
"1146","2000-01-01",-85.12887,41.13065,"2000-01-01","/home/ecologia/Documents/Lorena/capas/WorldClim_1970-2020_monthly_recortado/2000-01",29740236,47,-0.400000005960464,-9.10000038146973,"Train"
"1147","2000-01-01",-96.76272,17.15983,"2000-01-01","/home/ecologia/Documents/Lorena/capas/WorldClim_1970-2020_monthly_recortado/2000-01",61199404,3,28,9.30000019073486,"Test"
"1148","2000-01-01",-84.11122,42.62794,"2000-01-01","/home/ecologia/Documents/Lorena/capas/WorldClim_1970-2020_monthly_recortado/2000-01",27771338,38,-1.79999995231628,-10,"Train"
"1149","2000-01-01",-97.74711,30.22964,"2000-01-01","/home/ecologia/Documents/Lorena/capas/WorldClim_1970-2020_monthly_recortado/2000-01",44046934,47,15.6000003814697,3.70000004768372,"Train"
"1150","2000-01-01",-102.3009,19.78841,"2000-01-01","/home/ecologia/Documents/Lorena/capas/WorldClim_1970-2020_monthly_recortado/2000-01",57752954,23,19.7000007629395,3.29999995231628,"Test"
"1151","2000-01-01",-90.55179,30.0538,"2000-01-01","/home/ecologia/Documents/Lorena/capas/WorldClim_1970-2020_monthly_recortado/2000-01",44277516,137,16.3999996185303,5.09999990463257,"Train"
"1152","2000-01-01",-101.5733,19.62351,"2000-01-01","/home/ecologia/Documents/Lorena/capas/WorldClim_1970-2020_monthly_recortado/2000-01",57971822,18,22.1000003814697,3.70000004768372,"Test"
"1153","2000-01-01",-85.01245,35.49397,"2000-01-01","/home/ecologia/Documents/Lorena/capas/WorldClim_1970-2020_monthly_recortado/2000-01",37135014,126,8.19999980926514,-2.40000009536743,"Train"
"1154","2000-01-01",-90.81039,29.74211,"2000-01-01","/home/ecologia/Documents/Lorena/capas/WorldClim_1970-2020_monthly_recortado/2000-01",44682228,147,16.8999996185303,5.5,"Train"
"1155","2000-01-01",-97.06033,28.00956,"2000-01-01","/home/ecologia/Documents/Lorena/capas/WorldClim_1970-2020_monthly_recortado/2000-01",46956790,55,18,8.19999980926514,"Train"
"1156","2000-01-01",-99.99203,25.93408,"2000-01-01","/home/ecologia/Documents/Lorena/capas/WorldClim_1970-2020_monthly_recortado/2000-01",49680249,28,21.6000003814697,7,"Train"
"1157","2000-01-01",-82.45005,29.05345,"2000-01-01","/home/ecologia/Documents/Lorena/capas/WorldClim_1970-2020_monthly_recortado/2000-01",45591168,91,20.2999992370605,6.90000009536743,"Train"
"1158","2000-01-01",-96.38868,30.15529,"2000-01-01","/home/ecologia/Documents/Lorena/capas/WorldClim_1970-2020_monthly_recortado/2000-01",44145548,82,15.6999998092651,3.70000004768372,"Train"
"1159","2000-01-01",-74.16929,40.53263,"2000-01-01","/home/ecologia/Documents/Lorena/capas/WorldClim_1970-2020_monthly_recortado/2000-01",30529159,97,3.5,-5.30000019073486,"Train"
"1160","2000-01-01",-75.07312,39.80488,"2000-01-01","/home/ecologia/Documents/Lorena/capas/WorldClim_1970-2020_monthly_recortado/2000-01",31480744,91,4.69999980926514,-4.5,"Train"
"1161","2000-01-01",-90.4752,30.0696,"2000-01-01","/home/ecologia/Documents/Lorena/capas/WorldClim_1970-2020_monthly_recortado/2000-01",44255647,139,16.6000003814697,5.19999980926514,"Test"
"1162","2000-01-01",-91.26666,30.46788,"2000-01-01","/home/ecologia/Documents/Lorena/capas/WorldClim_1970-2020_monthly_recortado/2000-01",43730481,148,15.6000003814697,4.09999990463257,"Train"
"1163","2000-01-01",-96.52947,17.4028,"2000-01-01","/home/ecologia/Documents/Lorena/capas/WorldClim_1970-2020_monthly_recortado/2000-01",60882201,18,19.7999992370605,7.5,"Train"
"1164","2000-01-01",-84.59914,33.89269,"2000-01-01","/home/ecologia/Documents/Lorena/capas/WorldClim_1970-2020_monthly_recortado/2000-01",39235352,126,10.3999996185303,-0.100000001490116,"Train"
"1165","2000-01-01",-84.72246,34.18905,"2000-01-01","/home/ecologia/Documents/Lorena/capas/WorldClim_1970-2020_monthly_recortado/2000-01",38852472,130,9.80000019073486,-0.5,"Train"
"1166","2000-01-01",-97.50237,28.9098,"2000-01-01","/home/ecologia/Documents/Lorena/capas/WorldClim_1970-2020_monthly_recortado/2000-01",45775325,54,17.7999992370605,5.40000009536743,"Train"
"1167","2000-01-01",-89.89455,30.27026,"2000-01-01","/home/ecologia/Documents/Lorena/capas/WorldClim_1970-2020_monthly_recortado/2000-01",43993181,134,16,4.80000019073486,"Test"
"1168","2000-01-01",-105.2277,21.5844,"2000-01-01","/home/ecologia/Documents/Lorena/capas/WorldClim_1970-2020_monthly_recortado/2000-01",55389779,32,28.5,14.8000001907349,"Train"
"1169","2000-01-01",-110.2392,31.39045,"2000-01-01","/home/ecologia/Documents/Lorena/capas/WorldClim_1970-2020_monthly_recortado/2000-01",42524914,38,15.1000003814697,0.5,"Train"
"1170","2000-01-01",-77.1124,35.10331,"2000-01-01","/home/ecologia/Documents/Lorena/capas/WorldClim_1970-2020_monthly_recortado/2000-01",37650095,115,12.1000003814697,0.699999988079071,"Test"
"1171","2000-01-01",-107.7394,27.02805,"2000-01-01","/home/ecologia/Documents/Lorena/capas/WorldClim_1970-2020_monthly_recortado/2000-01",48246311,42,25.2999992370605,8.5,"Test"
"1172","2000-01-01",-103.687,20.03134,"2000-01-01","/home/ecologia/Documents/Lorena/capas/WorldClim_1970-2020_monthly_recortado/2000-01",57435557,26,17.1000003814697,3.09999990463257,"Train"
"1173","2000-01-01",-79.39194,35.17397,"2000-01-01","/home/ecologia/Documents/Lorena/capas/WorldClim_1970-2020_monthly_recortado/2000-01",37562309,101,10.6999998092651,-0.699999988079071,"Train"
"1174","2000-01-01",-82.34744,40.63938,"2000-01-01","/home/ecologia/Documents/Lorena/capas/WorldClim_1970-2020_monthly_recortado/2000-01",30385971,58,0.400000005960464,-8.60000038146973,"Train"
"1175","2000-01-01",-97.39474,32.69304,"2000-01-01","/home/ecologia/Documents/Lorena/capas/WorldClim_1970-2020_monthly_recortado/2000-01",40809032,45,13.1999998092651,0.899999976158142,"Train"
"1176","2000-01-01",-95.50696,30.17114,"2000-01-01","/home/ecologia/Documents/Lorena/capas/WorldClim_1970-2020_monthly_recortado/2000-01",44123776,87,15.6999998092651,4.5,"Train"
"1177","2000-01-01",-84.67976,33.97894,"2000-01-01","/home/ecologia/Documents/Lorena/capas/WorldClim_1970-2020_monthly_recortado/2000-01",39125952,130,10.1999998092651,-0.5,"Test"
"1178","2000-01-01",-92.99878,34.67199,"2000-01-01","/home/ecologia/Documents/Lorena/capas/WorldClim_1970-2020_monthly_recortado/2000-01",38217017,82,9.5,-2,"Train"
"1179","2000-01-01",-82.52778,29.92826,"2000-01-01","/home/ecologia/Documents/Lorena/capas/WorldClim_1970-2020_monthly_recortado/2000-01",44442564,96,19.2999992370605,4.80000019073486,"Train"
"1180","2000-01-01",-82.44233,29.07647,"2000-01-01","/home/ecologia/Documents/Lorena/capas/WorldClim_1970-2020_monthly_recortado/2000-01",45558352,91,20.2000007629395,6.80000019073486,"Train"
"1181","2000-01-01",-95.17765,32.21135,"2000-01-01","/home/ecologia/Documents/Lorena/capas/WorldClim_1970-2020_monthly_recortado/2000-01",41443760,83,13.3000001907349,1.70000004768372,"Train"
"1182","2000-01-01",-82.24236,27.8786,"2000-01-01","/home/ecologia/Documents/Lorena/capas/WorldClim_1970-2020_monthly_recortado/2000-01",47133592,63,21.8999996185303,9.69999980926514,"Test"
"1183","2000-01-01",-98.61595,29.60715,"2000-01-01","/home/ecologia/Documents/Lorena/capas/WorldClim_1970-2020_monthly_recortado/2000-01",44867255,44,16,3.5,"Train"
"1184","2000-01-01",-99.1155,26.51462,"2000-01-01","/home/ecologia/Documents/Lorena/capas/WorldClim_1970-2020_monthly_recortado/2000-01",48925564,20,20.1000003814697,7.30000019073486,"Train"
"1185","2000-01-01",-86.8689,35.92506,"2000-01-01","/home/ecologia/Documents/Lorena/capas/WorldClim_1970-2020_monthly_recortado/2000-01",36565963,103,7.90000009536743,-3.29999995231628,"Test"
"1186","2000-01-01",-91.83104,29.98393,"2000-01-01","/home/ecologia/Documents/Lorena/capas/WorldClim_1970-2020_monthly_recortado/2000-01",44364875,122,16.2000007629395,5.19999980926514,"Train"
"1187","2000-01-01",-87.90964,30.61023,"2000-01-01","/home/ecologia/Documents/Lorena/capas/WorldClim_1970-2020_monthly_recortado/2000-01",43544920,147,15.6000003814697,5.30000019073486,"Test"
"1188","2000-01-01",-85.85397,35.97233,"2000-01-01","/home/ecologia/Documents/Lorena/capas/WorldClim_1970-2020_monthly_recortado/2000-01",36511390,117,7.40000009536743,-3.29999995231628,"Train"
"1189","2000-01-01",-94.11758,30.1269,"2000-01-01","/home/ecologia/Documents/Lorena/capas/WorldClim_1970-2020_monthly_recortado/2000-01",44178637,122,16.3999996185303,5.5,"Test"
"1190","2000-01-01",-95.22086,30.06179,"2000-01-01","/home/ecologia/Documents/Lorena/capas/WorldClim_1970-2020_monthly_recortado/2000-01",44266017,95,16.2000007629395,5.30000019073486,"Test"
"1191","2000-01-01",-97.38835,28.65489,"2000-01-01","/home/ecologia/Documents/Lorena/capas/WorldClim_1970-2020_monthly_recortado/2000-01",46114448,53,18.7000007629395,6.19999980926514,"Train"
"1192","2000-01-01",-92.061,30.312,"2000-01-01","/home/ecologia/Documents/Lorena/capas/WorldClim_1970-2020_monthly_recortado/2000-01",43938226,152,15.6000003814697,4.30000019073486,"Train"
"1193","2000-01-01",-84.34413,33.98188,"2000-01-01","/home/ecologia/Documents/Lorena/capas/WorldClim_1970-2020_monthly_recortado/2000-01",39125992,130,10.3999996185303,0.200000002980232,"Train"
"1194","2000-01-01",-92.24931,34.79819,"2000-01-01","/home/ecologia/Documents/Lorena/capas/WorldClim_1970-2020_monthly_recortado/2000-01",38053022,89,9.89999961853027,-1,"Train"
"1195","2000-01-01",-94.19285,30.19078,"2000-01-01","/home/ecologia/Documents/Lorena/capas/WorldClim_1970-2020_monthly_recortado/2000-01",44102055,121,15.8000001907349,4.90000009536743,"Train"
"1196","2000-01-01",-76.17137,39.6029,"2000-01-01","/home/ecologia/Documents/Lorena/capas/WorldClim_1970-2020_monthly_recortado/2000-01",31743148,83,3.90000009536743,-4.69999980926514,"Train"
"1197","2000-01-01",-77.01407,39.06612,"2000-01-01","/home/ecologia/Documents/Lorena/capas/WorldClim_1970-2020_monthly_recortado/2000-01",32454082,82,5.30000019073486,-4.40000009536743,"Train"
"1198","2000-01-01",-98.64272,29.74287,"2000-01-01","/home/ecologia/Documents/Lorena/capas/WorldClim_1970-2020_monthly_recortado/2000-01",44681288,45,15.3000001907349,2,"Train"
"1199","2000-01-01",-97.66417,26.18574,"2000-01-01","/home/ecologia/Documents/Lorena/capas/WorldClim_1970-2020_monthly_recortado/2000-01",49352359,41,20.2999992370605,9.30000019073486,"Test"
"1200","2000-01-01",-103.678,19.47639,"2000-01-01","/home/ecologia/Documents/Lorena/capas/WorldClim_1970-2020_monthly_recortado/2000-01",58157532,35,24,7.09999990463257,"Train"
"1201","2000-01-01",-90.70839,29.74701,"2000-01-01","/home/ecologia/Documents/Lorena/capas/WorldClim_1970-2020_monthly_recortado/2000-01",44682240,146,16.7000007629395,5.90000009536743,"Train"
"1202","2000-01-01",-97.05228,28.02991,"2000-01-01","/home/ecologia/Documents/Lorena/capas/WorldClim_1970-2020_monthly_recortado/2000-01",46934913,56,17.8999996185303,8.19999980926514,"Train"
"1203","2000-01-01",-122.408,49.04561,"2000-01-01","/home/ecologia/Documents/Lorena/capas/WorldClim_1970-2020_monthly_recortado/2000-01",19343713,205,5.5,-0.600000023841858,"Test"
"1204","2000-01-01",-106.4963,31.81748,"2000-01-01","/home/ecologia/Documents/Lorena/capas/WorldClim_1970-2020_monthly_recortado/2000-01",41956535,13,13,-1.10000002384186,"Train"
"1205","2000-01-01",-105.2926,20.4654,"2000-01-01","/home/ecologia/Documents/Lorena/capas/WorldClim_1970-2020_monthly_recortado/2000-01",56866536,22,27.6000003814697,11.3999996185303,"Train"
"1206","2000-01-01",-91.01453,30.10087,"2000-01-01","/home/ecologia/Documents/Lorena/capas/WorldClim_1970-2020_monthly_recortado/2000-01",44211827,142,16.2000007629395,4.90000009536743,"Train"
"1207","2000-01-01",-98.25301,29.97018,"2000-01-01","/home/ecologia/Documents/Lorena/capas/WorldClim_1970-2020_monthly_recortado/2000-01",44385982,48,15.1000003814697,2.40000009536743,"Test"
"1208","2000-01-01",-98.27789,26.19552,"2000-01-01","/home/ecologia/Documents/Lorena/capas/WorldClim_1970-2020_monthly_recortado/2000-01",49341346,34,20.6000003814697,9.19999980926514,"Test"
"1209","2000-01-01",-104.412,23.45919,"2000-01-01","/home/ecologia/Documents/Lorena/capas/WorldClim_1970-2020_monthly_recortado/2000-01",52928602,17,24.2000007629395,5.5,"Train"
"1210","2000-01-01",-97.84459,30.07605,"2000-01-01","/home/ecologia/Documents/Lorena/capas/WorldClim_1970-2020_monthly_recortado/2000-01",44243824,50,15.5,2.90000009536743,"Test"
"1211","2000-01-01",-97.69101,26.19703,"2000-01-01","/home/ecologia/Documents/Lorena/capas/WorldClim_1970-2020_monthly_recortado/2000-01",49341417,41,20.2999992370605,9.30000019073486,"Train"
"1212","2000-01-01",-97.88727,30.0255,"2000-01-01","/home/ecologia/Documents/Lorena/capas/WorldClim_1970-2020_monthly_recortado/2000-01",44309453,51,15.5,3,"Train"
"1213","2000-01-01",-98.47641,29.5943,"2000-01-01","/home/ecologia/Documents/Lorena/capas/WorldClim_1970-2020_monthly_recortado/2000-01",44878210,44,16.1000003814697,3.90000009536743,"Train"
"1214","2000-01-01",-84.97707,34.91688,"2000-01-01","/home/ecologia/Documents/Lorena/capas/WorldClim_1970-2020_monthly_recortado/2000-01",37889809,137,8.69999980926514,-2.09999990463257,"Test"
"1215","2000-01-01",-84.43704,34.14194,"2000-01-01","/home/ecologia/Documents/Lorena/capas/WorldClim_1970-2020_monthly_recortado/2000-01",38907201,137,9.80000019073486,-0.600000023841858,"Test"
"1216","2000-01-01",-71.97384,41.35909,"2000-01-01","/home/ecologia/Documents/Lorena/capas/WorldClim_1970-2020_monthly_recortado/2000-01",29435523,106,2.90000009536743,-6.80000019073486,"Train"
"1217","2000-01-01",-81.97178,40.75338,"2000-01-01","/home/ecologia/Documents/Lorena/capas/WorldClim_1970-2020_monthly_recortado/2000-01",30232870,58,0.600000023841858,-8.30000019073486,"Train"
"1218","2000-01-01",-87.16317,30.35848,"2000-01-01","/home/ecologia/Documents/Lorena/capas/WorldClim_1970-2020_monthly_recortado/2000-01",43873180,130,15.8000001907349,6.69999980926514,"Train"
"1219","2000-01-01",-104.9852,21.5057,"2000-01-01","/home/ecologia/Documents/Lorena/capas/WorldClim_1970-2020_monthly_recortado/2000-01",55499198,36,23.2000007629395,6.40000009536743,"Test"
"1220","2000-01-01",-89.34908,30.30222,"2000-01-01","/home/ecologia/Documents/Lorena/capas/WorldClim_1970-2020_monthly_recortado/2000-01",43949491,160,15.3999996185303,5.40000009536743,"Test"
"1221","2000-01-01",-88.14554,30.62383,"2000-01-01","/home/ecologia/Documents/Lorena/capas/WorldClim_1970-2020_monthly_recortado/2000-01",43533953,145,16,4.69999980926514,"Train"
"1222","2000-01-01",-90.07184,30.00921,"2000-01-01","/home/ecologia/Documents/Lorena/capas/WorldClim_1970-2020_monthly_recortado/2000-01",44332269,136,17,5.90000009536743,"Train"
"1223","2000-01-01",-98.25117,29.60871,"2000-01-01","/home/ecologia/Documents/Lorena/capas/WorldClim_1970-2020_monthly_recortado/2000-01",44856359,48,16,3.40000009536743,"Train"
"1224","2000-01-01",-83.7067,33.84602,"2000-01-01","/home/ecologia/Documents/Lorena/capas/WorldClim_1970-2020_monthly_recortado/2000-01",39301093,130,11,0,"Train"
"1225","2000-01-01",-91.94973,30.29176,"2000-01-01","/home/ecologia/Documents/Lorena/capas/WorldClim_1970-2020_monthly_recortado/2000-01",43960118,153,15.6000003814697,4.59999990463257,"Train"
"1226","2000-01-01",-72.46265,41.98412,"2000-01-01","/home/ecologia/Documents/Lorena/capas/WorldClim_1970-2020_monthly_recortado/2000-01",28615039,91,1.29999995231628,-9.60000038146973,"Train"
"1227","2000-01-01",-91.0469,30.4575,"2000-01-01","/home/ecologia/Documents/Lorena/capas/WorldClim_1970-2020_monthly_recortado/2000-01",43752385,148,16.2000007629395,4.40000009536743,"Train"
"1228","2000-01-01",-104.9489,21.51277,"2000-01-01","/home/ecologia/Documents/Lorena/capas/WorldClim_1970-2020_monthly_recortado/2000-01",55488264,33,25.5,8.10000038146973,"Train"
"1229","2000-01-01",-105.3234,20.74555,"2000-01-01","/home/ecologia/Documents/Lorena/capas/WorldClim_1970-2020_monthly_recortado/2000-01",56494607,26,28.7999992370605,15.1000003814697,"Train"
"1230","2000-01-01",-93.77702,32.30752,"2000-01-01","/home/ecologia/Documents/Lorena/capas/WorldClim_1970-2020_monthly_recortado/2000-01",41323599,112,12.8999996185303,1.20000004768372,"Test"
"1231","2000-01-01",-94.39178,29.56146,"2000-01-01","/home/ecologia/Documents/Lorena/capas/WorldClim_1970-2020_monthly_recortado/2000-01",44922456,108,15.3000001907349,6.30000019073486,"Train"
"1232","2000-01-01",-97.77072,26.78765,"2000-01-01","/home/ecologia/Documents/Lorena/capas/WorldClim_1970-2020_monthly_recortado/2000-01",48564738,37,19.6000003814697,8.10000038146973,"Train"
"1233","2000-01-01",-104.6939,24.0225,"2000-01-01","/home/ecologia/Documents/Lorena/capas/WorldClim_1970-2020_monthly_recortado/2000-01",52195655,20,20.7000007629395,2.29999995231628,"Train"
"1234","2000-01-01",-87.49432,30.94177,"2000-01-01","/home/ecologia/Documents/Lorena/capas/WorldClim_1970-2020_monthly_recortado/2000-01",43107410,141,15.3999996185303,3.40000009536743,"Train"
"1235","2000-01-01",-81.75503,40.78224,"2000-01-01","/home/ecologia/Documents/Lorena/capas/WorldClim_1970-2020_monthly_recortado/2000-01",30200079,58,0.200000002980232,-8.39999961853027,"Train"
"1236","2000-01-01",-104.7302,21.21567,"2000-01-01","/home/ecologia/Documents/Lorena/capas/WorldClim_1970-2020_monthly_recortado/2000-01",55882094,30,25.7999992370605,6.5,"Test"
"1237","2000-01-01",-100.2972,19.67624,"2000-01-01","/home/ecologia/Documents/Lorena/capas/WorldClim_1970-2020_monthly_recortado/2000-01",57895402,27,13.8999996185303,1.20000004768372,"Train"
"1238","2000-01-01",-97.88712,30.2345,"2000-01-01","/home/ecologia/Documents/Lorena/capas/WorldClim_1970-2020_monthly_recortado/2000-01",44035978,48,14.8000001907349,3,"Train"
"1239","2000-01-01",-86.48215,30.5169,"2000-01-01","/home/ecologia/Documents/Lorena/capas/WorldClim_1970-2020_monthly_recortado/2000-01",43665421,133,15.8999996185303,4.69999980926514,"Test"
"1240","2000-01-01",-96.49434,17.07938,"2000-01-01","/home/ecologia/Documents/Lorena/capas/WorldClim_1970-2020_monthly_recortado/2000-01",61308826,5,19,7.40000009536743,"Train"
"1241","2000-01-01",-104.7312,20.62975,"2000-01-01","/home/ecologia/Documents/Lorena/capas/WorldClim_1970-2020_monthly_recortado/2000-01",56647824,36,19.6000003814697,2.70000004768372,"Train"
"1242","2000-01-01",-98.42263,29.72324,"2000-01-01","/home/ecologia/Documents/Lorena/capas/WorldClim_1970-2020_monthly_recortado/2000-01",44714132,47,15.1999998092651,2.70000004768372,"Train"
"1243","2000-01-01",-101.5092,19.43672,"2000-01-01","/home/ecologia/Documents/Lorena/capas/WorldClim_1970-2020_monthly_recortado/2000-01",58212487,28,16.8999996185303,2.29999995231628,"Train"
"1244","2000-01-01",-98.38127,32.98009,"2000-01-01","/home/ecologia/Documents/Lorena/capas/WorldClim_1970-2020_monthly_recortado/2000-01",40436988,37,12.1999998092651,-1.20000004768372,"Train"
"1245","2000-01-01",-72.33855,41.31894,"2000-01-01","/home/ecologia/Documents/Lorena/capas/WorldClim_1970-2020_monthly_recortado/2000-01",29490174,106,2.90000009536743,-6.5,"Test"
"1246","2000-01-01",-90.10916,29.92266,"2000-01-01","/home/ecologia/Documents/Lorena/capas/WorldClim_1970-2020_monthly_recortado/2000-01",44452593,137,17.2000007629395,6.09999990463257,"Train"
"1247","2000-01-01",-91.06916,30.38177,"2000-01-01","/home/ecologia/Documents/Lorena/capas/WorldClim_1970-2020_monthly_recortado/2000-01",43850833,147,16.3999996185303,4.69999980926514,"Test"
"1248","2000-01-01",-97.40687,27.65253,"2000-01-01","/home/ecologia/Documents/Lorena/capas/WorldClim_1970-2020_monthly_recortado/2000-01",47427126,44,18.7000007629395,8.30000019073486,"Test"
"1249","2000-01-01",-83.29469,30.8675,"2000-01-01","/home/ecologia/Documents/Lorena/capas/WorldClim_1970-2020_monthly_recortado/2000-01",43206365,98,16.5,4.19999980926514,"Train"
"1250","2000-01-01",-91.93436,30.40574,"2000-01-01","/home/ecologia/Documents/Lorena/capas/WorldClim_1970-2020_monthly_recortado/2000-01",43817912,155,15.3000001907349,4.40000009536743,"Train"
"1251","2000-01-01",-98.74432,29.47347,"2000-01-01","/home/ecologia/Documents/Lorena/capas/WorldClim_1970-2020_monthly_recortado/2000-01",45042263,40,16.1000003814697,3.29999995231628,"Train"
"1252","2000-01-01",-98.14643,29.32672,"2000-01-01","/home/ecologia/Documents/Lorena/capas/WorldClim_1970-2020_monthly_recortado/2000-01",45228298,48,16.6000003814697,4,"Test"
"1253","2000-01-01",-89.35126,36.0275,"2000-01-01","/home/ecologia/Documents/Lorena/capas/WorldClim_1970-2020_monthly_recortado/2000-01",36434397,90,6.59999990463257,-2.70000004768372,"Test"
"1254","2000-01-01",-91.14082,30.43331,"2000-01-01","/home/ecologia/Documents/Lorena/capas/WorldClim_1970-2020_monthly_recortado/2000-01",43785191,148,16.2000007629395,4.80000019073486,"Train"
"1255","2000-01-01",-80.76708,35.34528,"2000-01-01","/home/ecologia/Documents/Lorena/capas/WorldClim_1970-2020_monthly_recortado/2000-01",37332425,101,10.3000001907349,-1.29999995231628,"Test"
"1256","2000-01-01",-95.23654,29.54348,"2000-01-01","/home/ecologia/Documents/Lorena/capas/WorldClim_1970-2020_monthly_recortado/2000-01",44944233,96,16.3999996185303,6.30000019073486,"Train"
"1257","2000-01-01",-85.02611,39.32579,"2000-01-01","/home/ecologia/Documents/Lorena/capas/WorldClim_1970-2020_monthly_recortado/2000-01",32103072,70,2.20000004768372,-7.19999980926514,"Train"
"1258","2000-01-01",-97.84273,30.43688,"2000-01-01","/home/ecologia/Documents/Lorena/capas/WorldClim_1970-2020_monthly_recortado/2000-01",43773447,47,14.3000001907349,2.70000004768372,"Train"
"1259","2000-01-01",-97.79411,33.05687,"2000-01-01","/home/ecologia/Documents/Lorena/capas/WorldClim_1970-2020_monthly_recortado/2000-01",40338607,40,12.6000003814697,-0.400000005960464,"Train"
"1260","2000-01-01",-77.81153,39.43328,"2000-01-01","/home/ecologia/Documents/Lorena/capas/WorldClim_1970-2020_monthly_recortado/2000-01",31972670,67,4.09999990463257,-5.80000019073486,"Train"
"1261","2000-01-01",-86.40039,39.15296,"2000-01-01","/home/ecologia/Documents/Lorena/capas/WorldClim_1970-2020_monthly_recortado/2000-01",32332626,66,2.5,-7,"Test"
"1262","2000-01-01",-103.7399,19.32321,"2000-01-01","/home/ecologia/Documents/Lorena/capas/WorldClim_1970-2020_monthly_recortado/2000-01",58365366,28,31.7000007629395,14.3999996185303,"Test"
"1263","2000-01-01",-90.8702,30.2908,"2000-01-01","/home/ecologia/Documents/Lorena/capas/WorldClim_1970-2020_monthly_recortado/2000-01",43971186,145,16.2000007629395,4.5,"Test"
"1264","2000-01-01",-96.10296,30.11383,"2000-01-01","/home/ecologia/Documents/Lorena/capas/WorldClim_1970-2020_monthly_recortado/2000-01",44200277,79,15.3000001907349,3.5,"Train"
"1265","2000-01-01",-81.46535,40.7826,"2000-01-01","/home/ecologia/Documents/Lorena/capas/WorldClim_1970-2020_monthly_recortado/2000-01",30200114,57,0.899999976158142,-7.90000009536743,"Test"
"1266","2000-01-01",-82.60222,28.46949,"2000-01-01","/home/ecologia/Documents/Lorena/capas/WorldClim_1970-2020_monthly_recortado/2000-01",46356880,84,21.2999992370605,8.19999980926514,"Train"
"1267","2000-01-01",-87.90487,30.51537,"2000-01-01","/home/ecologia/Documents/Lorena/capas/WorldClim_1970-2020_monthly_recortado/2000-01",43676189,144,15.6000003814697,5.30000019073486,"Train"
"1268","2000-01-01",-91.062,29.937,"2000-01-01","/home/ecologia/Documents/Lorena/capas/WorldClim_1970-2020_monthly_recortado/2000-01",44430601,140,16.2000007629395,5.19999980926514,"Train"
"1269","2000-01-01",-105.195,20.52114,"2000-01-01","/home/ecologia/Documents/Lorena/capas/WorldClim_1970-2020_monthly_recortado/2000-01",56789975,25,25.2000007629395,8.60000038146973,"Train"
"1270","2000-01-01",-94.66348,31.58268,"2000-01-01","/home/ecologia/Documents/Lorena/capas/WorldClim_1970-2020_monthly_recortado/2000-01",42275186,102,14.1000003814697,2.20000004768372,"Train"
"1271","2000-01-01",-99.05284,19.5932,"2000-01-01","/home/ecologia/Documents/Lorena/capas/WorldClim_1970-2020_monthly_recortado/2000-01",58004941,8,22.1000003814697,3.5,"Train"
"1272","2000-01-01",-84.6425,38.8003,"2000-01-01","/home/ecologia/Documents/Lorena/capas/WorldClim_1970-2020_monthly_recortado/2000-01",32792275,73,3.40000009536743,-6.30000019073486,"Train"
"1273","2000-01-01",-97.58186,31.04707,"2000-01-01","/home/ecologia/Documents/Lorena/capas/WorldClim_1970-2020_monthly_recortado/2000-01",42974932,45,14.1999998092651,2.20000004768372,"Test"
"1274","2000-01-01",-94.9743,29.75864,"2000-01-01","/home/ecologia/Documents/Lorena/capas/WorldClim_1970-2020_monthly_recortado/2000-01",44659851,102,16.7000007629395,6.19999980926514,"Train"
"1275","2000-01-01",-105.04,21.53,"2000-01-01","/home/ecologia/Documents/Lorena/capas/WorldClim_1970-2020_monthly_recortado/2000-01",55466375,35,26,9.19999980926514,"Train"
"1276","2000-01-01",-115.9833,30.45,"2000-01-01","/home/ecologia/Documents/Lorena/capas/WorldClim_1970-2020_monthly_recortado/2000-01",43749393,38,18.7000007629395,6.59999990463257,"Train"
"1277","2000-01-01",-105.9383,23.56167,"2000-01-01","/home/ecologia/Documents/Lorena/capas/WorldClim_1970-2020_monthly_recortado/2000-01",52797151,40,26.5,11,"Test"
"1278","2000-01-01",-105.8967,23.3,"2000-01-01","/home/ecologia/Documents/Lorena/capas/WorldClim_1970-2020_monthly_recortado/2000-01",53136265,40,27.6000003814697,11.8999996185303,"Train"
"1279","2000-01-01",-95.38425,29.04968,"2000-01-01","/home/ecologia/Documents/Lorena/capas/WorldClim_1970-2020_monthly_recortado/2000-01",45600555,103,17.2000007629395,7.19999980926514,"Train"
"1280","2000-01-01",-82.60904,29.64244,"2000-01-01","/home/ecologia/Documents/Lorena/capas/WorldClim_1970-2020_monthly_recortado/2000-01",44814480,98,19.8999996185303,5.19999980926514,"Test"
"1281","2000-01-01",-99.20651,19.03348,"2000-01-01","/home/ecologia/Documents/Lorena/capas/WorldClim_1970-2020_monthly_recortado/2000-01",58737836,21,19.2999992370605,4.09999990463257,"Train"
"1282","2000-01-01",-91.23283,30.29109,"2000-01-01","/home/ecologia/Documents/Lorena/capas/WorldClim_1970-2020_monthly_recortado/2000-01",43971143,147,15.6000003814697,4.80000019073486,"Test"
"1283","2000-01-01",-82.79041,35.18937,"2000-01-01","/home/ecologia/Documents/Lorena/capas/WorldClim_1970-2020_monthly_recortado/2000-01",37540024,141,8.60000038146973,-3.59999990463257,"Test"
"1284","2000-01-01",-97.45727,26.32623,"2000-01-01","/home/ecologia/Documents/Lorena/capas/WorldClim_1970-2020_monthly_recortado/2000-01",49166421,44,19.3999996185303,9.5,"Train"
"1285","2000-01-01",-97.0697,28.03744,"2000-01-01","/home/ecologia/Documents/Lorena/capas/WorldClim_1970-2020_monthly_recortado/2000-01",46923972,56,17.8999996185303,8.30000019073486,"Test"
"1286","2000-01-01",-95.02223,29.15791,"2000-01-01","/home/ecologia/Documents/Lorena/capas/WorldClim_1970-2020_monthly_recortado/2000-01",45458392,99,15.1999998092651,8.39999961853027,"Train"
"1287","2000-01-01",-98.29769,29.28956,"2000-01-01","/home/ecologia/Documents/Lorena/capas/WorldClim_1970-2020_monthly_recortado/2000-01",45282975,44,16.8999996185303,5.19999980926514,"Test"
"1288","2000-01-01",-90.2029,29.95149,"2000-01-01","/home/ecologia/Documents/Lorena/capas/WorldClim_1970-2020_monthly_recortado/2000-01",44408826,142,16.8999996185303,5.80000019073486,"Train"
"1289","2000-01-01",-99.78888,29.23587,"2000-01-01","/home/ecologia/Documents/Lorena/capas/WorldClim_1970-2020_monthly_recortado/2000-01",45348430,26,17.7000007629395,3.40000009536743,"Train"
"1290","2000-01-01",-93.38495,29.98683,"2000-01-01","/home/ecologia/Documents/Lorena/capas/WorldClim_1970-2020_monthly_recortado/2000-01",44364688,123,15.3999996185303,6,"Train"
"1291","2000-01-01",-99.10797,29.97368,"2000-01-01","/home/ecologia/Documents/Lorena/capas/WorldClim_1970-2020_monthly_recortado/2000-01",44385880,35,15.6999998092651,0.5,"Train"
"1292","2000-01-01",-81.60537,30.09104,"2000-01-01","/home/ecologia/Documents/Lorena/capas/WorldClim_1970-2020_monthly_recortado/2000-01",44234834,86,18,7,"Test"
"1293","2000-01-01",-88.12898,30.70093,"2000-01-01","/home/ecologia/Documents/Lorena/capas/WorldClim_1970-2020_monthly_recortado/2000-01",43424565,141,16.2000007629395,4.59999990463257,"Test"
"1294","2000-01-01",-110.9048,32.2193,"2000-01-01","/home/ecologia/Documents/Lorena/capas/WorldClim_1970-2020_monthly_recortado/2000-01",41430934,27,18.6000003814697,4.30000019073486,"Test"
"1295","2000-01-01",-97.75973,30.37846,"2000-01-01","/home/ecologia/Documents/Lorena/capas/WorldClim_1970-2020_monthly_recortado/2000-01",43850030,47,14.8000001907349,3.40000009536743,"Train"
"1296","2000-01-01",-96.51975,17.02965,"2000-01-01","/home/ecologia/Documents/Lorena/capas/WorldClim_1970-2020_monthly_recortado/2000-01",61374457,2,26.6000003814697,9.19999980926514,"Train"
"1297","2000-01-01",-98.49773,29.68561,"2000-01-01","/home/ecologia/Documents/Lorena/capas/WorldClim_1970-2020_monthly_recortado/2000-01",44757879,47,15.1000003814697,2.59999990463257,"Test"
"1298","2000-01-01",-96.4501,16.95828,"2000-01-01","/home/ecologia/Documents/Lorena/capas/WorldClim_1970-2020_monthly_recortado/2000-01",61472916,3,28.2999992370605,9.60000038146973,"Test"
"1299","2000-01-01",-84.26854,34.1475,"2000-01-01","/home/ecologia/Documents/Lorena/capas/WorldClim_1970-2020_monthly_recortado/2000-01",38907221,141,9.80000019073486,-0.600000023841858,"Train"
"1300","2000-01-01",-85.61868,30.24427,"2000-01-01","/home/ecologia/Documents/Lorena/capas/WorldClim_1970-2020_monthly_recortado/2000-01",44026511,125,16.7000007629395,5,"Test"
"1301","2000-01-01",-95.42646,29.05269,"2000-01-01","/home/ecologia/Documents/Lorena/capas/WorldClim_1970-2020_monthly_recortado/2000-01",45589611,104,17,7,"Train"
"1302","2000-01-01",-96.60691,17.18434,"2000-01-01","/home/ecologia/Documents/Lorena/capas/WorldClim_1970-2020_monthly_recortado/2000-01",61166606,13,15.6999998092651,5.69999980926514,"Test"
"1303","2000-01-01",-95.097,29.59863,"2000-01-01","/home/ecologia/Documents/Lorena/capas/WorldClim_1970-2020_monthly_recortado/2000-01",44878616,98,16.6000003814697,7,"Train"
"1304","2000-01-01",-103.9518,19.42265,"2000-01-01","/home/ecologia/Documents/Lorena/capas/WorldClim_1970-2020_monthly_recortado/2000-01",58234072,38,21.7999992370605,5.69999980926514,"Train"
"1305","2000-01-01",-92.46349,31.29236,"2000-01-01","/home/ecologia/Documents/Lorena/capas/WorldClim_1970-2020_monthly_recortado/2000-01",42647376,149,15.1000003814697,3.40000009536743,"Train"
"1306","2000-01-01",-71.69378,41.66592,"2000-01-01","/home/ecologia/Documents/Lorena/capas/WorldClim_1970-2020_monthly_recortado/2000-01",29041752,110,1.60000002384186,-8.19999980926514,"Train"
"65061","2000-11-01",-80.40541,37.240227,"2000-11-01","/home/ecologia/Documents/Lorena/capas/WorldClim_1970-2020_monthly_recortado/2000-11",34849316,76,13,0.100000001490116,"Train"
"65062","2000-11-01",-98.52415,29.575953,"2000-11-01","/home/ecologia/Documents/Lorena/capas/WorldClim_1970-2020_monthly_recortado/2000-11",44900083,61,21.5,9.19999980926514,"Train"
"65063","2000-11-01",-97.851715,30.383455,"2000-11-01","/home/ecologia/Documents/Lorena/capas/WorldClim_1970-2020_monthly_recortado/2000-11",43839080,64,20.2000007629395,8.69999980926514,"Test"
"65064","2000-11-01",-99.14231,19.025969,"2000-11-01","/home/ecologia/Documents/Lorena/capas/WorldClim_1970-2020_monthly_recortado/2000-11",58748782,19,20.2000007629395,6.5,"Train"
"65065","2000-11-01",-80.23916,26.115677,"2000-11-01","/home/ecologia/Documents/Lorena/capas/WorldClim_1970-2020_monthly_recortado/2000-11",49452901,105,27.5,19,"Train"
"65066","2000-11-01",-103.46704,29.491777,"2000-11-01","/home/ecologia/Documents/Lorena/capas/WorldClim_1970-2020_monthly_recortado/2000-11",45008879,12,21.2999992370605,5.80000019073486,"Test"
"65067","2000-11-01",-97.54864,31.042124,"2000-11-01","/home/ecologia/Documents/Lorena/capas/WorldClim_1970-2020_monthly_recortado/2000-11",42974936,64,20.1000003814697,8,"Train"
"65068","2000-11-01",-95.24135,29.59794,"2000-11-01","/home/ecologia/Documents/Lorena/capas/WorldClim_1970-2020_monthly_recortado/2000-11",44878599,110,22.3999996185303,11.5,"Train"
"65069","2000-11-01",-96.27678,30.524305,"2000-11-01","/home/ecologia/Documents/Lorena/capas/WorldClim_1970-2020_monthly_recortado/2000-11",43664245,82,21.2999992370605,8.89999961853027,"Train"
"65070","2000-11-01",-95.5501,30.229906,"2000-11-01","/home/ecologia/Documents/Lorena/capas/WorldClim_1970-2020_monthly_recortado/2000-11",44047197,105,21.5,8.89999961853027,"Test"
"65071","2000-11-01",-99.230316,19.012949,"2000-11-01","/home/ecologia/Documents/Lorena/capas/WorldClim_1970-2020_monthly_recortado/2000-11",58770650,17,20.7000007629395,6.90000009536743,"Train"
"65072","2000-11-01",-97.54556,26.0376,"2000-11-01","/home/ecologia/Documents/Lorena/capas/WorldClim_1970-2020_monthly_recortado/2000-11",49549275,39,25,14.3999996185303,"Train"
"65073","2000-11-01",-98.41682,29.733824,"2000-11-01","/home/ecologia/Documents/Lorena/capas/WorldClim_1970-2020_monthly_recortado/2000-11",44692254,66,20.7999992370605,8.19999980926514,"Train"
"65074","2000-11-01",-83.40761,33.961754,"2000-11-01","/home/ecologia/Documents/Lorena/capas/WorldClim_1970-2020_monthly_recortado/2000-11",39147983,93,18.1000003814697,5.19999980926514,"Train"
"65075","2000-11-01",-82.32957,29.680485,"2000-11-01","/home/ecologia/Documents/Lorena/capas/WorldClim_1970-2020_monthly_recortado/2000-11",44770758,58,24,10.6999998092651,"Train"
"65076","2000-11-01",-92.66626,33.20763,"2000-11-01","/home/ecologia/Documents/Lorena/capas/WorldClim_1970-2020_monthly_recortado/2000-11",40142321,108,18.7000007629395,5.40000009536743,"Test"
"65077","2000-11-01",-96.7448,33.2382,"2000-11-01","/home/ecologia/Documents/Lorena/capas/WorldClim_1970-2020_monthly_recortado/2000-11",40098075,72,18.5,6,"Test"
"65078","2000-11-01",-94.1071,35.86008,"2000-11-01","/home/ecologia/Documents/Lorena/capas/WorldClim_1970-2020_monthly_recortado/2000-11",36652607,118,14.1999998092651,2.90000009536743,"Train"
"65079","2000-11-01",-83.66163,41.63449,"2000-11-01","/home/ecologia/Documents/Lorena/capas/WorldClim_1970-2020_monthly_recortado/2000-11",29073133,71,9.60000038146973,0.400000005960464,"Test"
"65080","2000-11-01",-98.53981,29.514318,"2000-11-01","/home/ecologia/Documents/Lorena/capas/WorldClim_1970-2020_monthly_recortado/2000-11",44987593,59,22,9.69999980926514,"Train"
"65081","2000-11-01",-98.189674,31.093206,"2000-11-01","/home/ecologia/Documents/Lorena/capas/WorldClim_1970-2020_monthly_recortado/2000-11",42909225,54,20.2999992370605,6.30000019073486,"Test"
"65082","2000-11-01",-83.30955,33.899,"2000-11-01","/home/ecologia/Documents/Lorena/capas/WorldClim_1970-2020_monthly_recortado/2000-11",39235506,90,18.1000003814697,5.09999990463257,"Train"
"65083","2000-11-01",-106.7233,32.260227,"2000-11-01","/home/ecologia/Documents/Lorena/capas/WorldClim_1970-2020_monthly_recortado/2000-11",41376741,12,19.2000007629395,1.20000004768372,"Train"
"65084","2000-11-01",-96.151634,28.842297,"2000-11-01","/home/ecologia/Documents/Lorena/capas/WorldClim_1970-2020_monthly_recortado/2000-11",45862999,92,23.1000003814697,11.6000003814697,"Test"
"65085","2000-11-01",-71.83355,41.713127,"2000-11-01","/home/ecologia/Documents/Lorena/capas/WorldClim_1970-2020_monthly_recortado/2000-11",28976101,120,11.1999998092651,0.5,"Train"
"65086","2000-11-01",-122.929085,43.894897,"2000-11-01","/home/ecologia/Documents/Lorena/capas/WorldClim_1970-2020_monthly_recortado/2000-11",26103952,224,11,2.90000009536743,"Train"
"65087","2000-11-01",-88.63753,40.875786,"2000-11-01","/home/ecologia/Documents/Lorena/capas/WorldClim_1970-2020_monthly_recortado/2000-11",30067985,75,9.69999980926514,-0.100000001490116,"Test"
"65088","2000-11-01",-81.71459,40.40165,"2000-11-01","/home/ecologia/Documents/Lorena/capas/WorldClim_1970-2020_monthly_recortado/2000-11",30692339,82,10.3999996185303,0.300000011920929,"Test"
"65089","2000-11-01",-75.60396,39.999104,"2000-11-01","/home/ecologia/Documents/Lorena/capas/WorldClim_1970-2020_monthly_recortado/2000-11",31229083,102,12.3000001907349,2.09999990463257,"Train"
"65090","2000-11-01",-72.88175,41.84128,"2000-11-01","/home/ecologia/Documents/Lorena/capas/WorldClim_1970-2020_monthly_recortado/2000-11",28811891,107,10.3999996185303,-0.100000001490116,"Train"
"65091","2000-11-01",-81.858866,40.551341,"2000-11-01","/home/ecologia/Documents/Lorena/capas/WorldClim_1970-2020_monthly_recortado/2000-11",30495419,81,9.89999961853027,0.300000011920929,"Train"
"65092","2000-11-01",-81.183876,39.993755,"2000-11-01","/home/ecologia/Documents/Lorena/capas/WorldClim_1970-2020_monthly_recortado/2000-11",31228413,82,10.6999998092651,0.400000005960464,"Test"
"65093","2000-11-01",-101.0164,25.381605,"2000-11-01","/home/ecologia/Documents/Lorena/capas/WorldClim_1970-2020_monthly_recortado/2000-11",50413040,13,22.2000007629395,7.19999980926514,"Test"
"65094","2000-11-01",-81.46428,40.782448,"2000-11-01","/home/ecologia/Documents/Lorena/capas/WorldClim_1970-2020_monthly_recortado/2000-11",30200114,78,10.1999998092651,0.699999988079071,"Train"
"65095","2000-11-01",-95.91892,29.670563,"2000-11-01","/home/ecologia/Documents/Lorena/capas/WorldClim_1970-2020_monthly_recortado/2000-11",44780066,95,22.7000007629395,9.69999980926514,"Train"
"65096","2000-11-01",-97.80607,30.382093,"2000-11-01","/home/ecologia/Documents/Lorena/capas/WorldClim_1970-2020_monthly_recortado/2000-11",43850025,64,20.2999992370605,8.60000038146973,"Train"
"65097","2000-11-01",-80.21222,26.499323,"2000-11-01","/home/ecologia/Documents/Lorena/capas/WorldClim_1970-2020_monthly_recortado/2000-11",48949710,103,26.7000007629395,18.2999992370605,"Train"
"65098","2000-11-01",-76.20516,40.158802,"2000-11-01","/home/ecologia/Documents/Lorena/capas/WorldClim_1970-2020_monthly_recortado/2000-11",31010231,91,11.8999996185303,1.5,"Test"
"65099","2000-11-01",-98.75555,29.85769,"2000-11-01","/home/ecologia/Documents/Lorena/capas/WorldClim_1970-2020_monthly_recortado/2000-11",44539068,66,20.5,7.19999980926514,"Test"
"65100","2000-11-01",-99.21839,19.02593,"2000-11-01","/home/ecologia/Documents/Lorena/capas/WorldClim_1970-2020_monthly_recortado/2000-11",58748773,21,20,6,"Train"
"65101","2000-11-01",-119.62736,49.490833,"2000-11-01","/home/ecologia/Documents/Lorena/capas/WorldClim_1970-2020_monthly_recortado/2000-11",18764279,29,5.59999990463257,-0.699999988079071,"Train"
"65102","2000-11-01",-98.38127,32.980087,"2000-11-01","/home/ecologia/Documents/Lorena/capas/WorldClim_1970-2020_monthly_recortado/2000-11",40436988,50,18.6000003814697,5.19999980926514,"Train"
"65103","2000-11-01",-95.33175,29.744501,"2000-11-01","/home/ecologia/Documents/Lorena/capas/WorldClim_1970-2020_monthly_recortado/2000-11",44681686,107,22.8999996185303,11.3999996185303,"Train"
"65104","2000-11-01",-97.74711,30.229637,"2000-11-01","/home/ecologia/Documents/Lorena/capas/WorldClim_1970-2020_monthly_recortado/2000-11",44046934,67,21.2000007629395,9,"Train"
"65105","2000-11-01",-97.13717,28.734173,"2000-11-01","/home/ecologia/Documents/Lorena/capas/WorldClim_1970-2020_monthly_recortado/2000-11",46005088,62,23.5,11.5,"Test"
"65106","2000-11-01",-109.27201,31.999401,"2000-11-01","/home/ecologia/Documents/Lorena/capas/WorldClim_1970-2020_monthly_recortado/2000-11",41726483,26,17.1000003814697,0.699999988079071,"Train"
"65107","2000-11-01",-83.64312,31.717653,"2000-11-01","/home/ecologia/Documents/Lorena/capas/WorldClim_1970-2020_monthly_recortado/2000-11",42090545,79,20.8999996185303,7.69999980926514,"Test"
"65108","2000-11-01",-82.790405,35.189373,"2000-11-01","/home/ecologia/Documents/Lorena/capas/WorldClim_1970-2020_monthly_recortado/2000-11",37540024,149,15.1999998092651,1.29999995231628,"Test"
"65109","2000-11-01",-88.765755,40.326427,"2000-11-01","/home/ecologia/Documents/Lorena/capas/WorldClim_1970-2020_monthly_recortado/2000-11",30789944,73,9.89999961853027,0,"Train"
"65110","2000-11-01",-98.61591,29.607115,"2000-11-01","/home/ecologia/Documents/Lorena/capas/WorldClim_1970-2020_monthly_recortado/2000-11",44867255,62,21.2999992370605,8.89999961853027,"Train"
"65111","2000-11-01",-87.69896,41.51976,"2000-11-01","/home/ecologia/Documents/Lorena/capas/WorldClim_1970-2020_monthly_recortado/2000-11",29225795,81,9.19999980926514,0,"Train"
"65112","2000-11-01",-82.3841,34.845665,"2000-11-01","/home/ecologia/Documents/Lorena/capas/WorldClim_1970-2020_monthly_recortado/2000-11",37988571,105,17.2999992370605,4.40000009536743,"Train"
"65113","2000-11-01",-75.4927,39.771534,"2000-11-01","/home/ecologia/Documents/Lorena/capas/WorldClim_1970-2020_monthly_recortado/2000-11",31524449,92,12.8999996185303,3.20000004768372,"Train"
"65114","2000-11-01",-76.94482,39.79156,"2000-11-01","/home/ecologia/Documents/Lorena/capas/WorldClim_1970-2020_monthly_recortado/2000-11",31502397,91,12.1000003814697,1.5,"Train"
"65115","2000-11-01",-80.45171,25.558733,"2000-11-01","/home/ecologia/Documents/Lorena/capas/WorldClim_1970-2020_monthly_recortado/2000-11",50174849,72,27.7999992370605,18.3999996185303,"Train"
"65116","2000-11-01",-98.288574,30.13594,"2000-11-01","/home/ecologia/Documents/Lorena/capas/WorldClim_1970-2020_monthly_recortado/2000-11",44167198,65,20.2000007629395,7.19999980926514,"Test"
"65117","2000-11-01",-98.37939,26.18497,"2000-11-01","/home/ecologia/Documents/Lorena/capas/WorldClim_1970-2020_monthly_recortado/2000-11",49352273,25,25.7999992370605,13.6999998092651,"Train"
"65118","2000-11-01",-75.084496,39.90111,"2000-11-01","/home/ecologia/Documents/Lorena/capas/WorldClim_1970-2020_monthly_recortado/2000-11",31349474,88,13.6000003814697,3.09999990463257,"Train"
"65119","2000-11-01",-95.677734,29.577219,"2000-11-01","/home/ecologia/Documents/Lorena/capas/WorldClim_1970-2020_monthly_recortado/2000-11",44900424,99,22.7000007629395,10.3999996185303,"Train"
"65120","2000-11-01",-80.54949,34.98545,"2000-11-01","/home/ecologia/Documents/Lorena/capas/WorldClim_1970-2020_monthly_recortado/2000-11",37802829,83,17.7999992370605,4.40000009536743,"Train"
"65121","2000-11-01",-81.58529,41.384636,"2000-11-01","/home/ecologia/Documents/Lorena/capas/WorldClim_1970-2020_monthly_recortado/2000-11",29401552,86,10,1.10000002384186,"Train"
"65122","2000-11-01",-87.99381,44.231194,"2000-11-01","/home/ecologia/Documents/Lorena/capas/WorldClim_1970-2020_monthly_recortado/2000-11",25670584,54,5.59999990463257,-2.59999990463257,"Test"
"65123","2000-11-01",-87.80137,41.88982,"2000-11-01","/home/ecologia/Documents/Lorena/capas/WorldClim_1970-2020_monthly_recortado/2000-11",28744466,79,9.10000038146973,0.100000001490116,"Train"
"65124","2000-11-01",-99.194,19.087,"2000-11-01","/home/ecologia/Documents/Lorena/capas/WorldClim_1970-2020_monthly_recortado/2000-11",58672203,15,18.7000007629395,4.09999990463257,"Train"
"65125","2000-11-01",-97.957535,26.126248,"2000-11-01","/home/ecologia/Documents/Lorena/capas/WorldClim_1970-2020_monthly_recortado/2000-11",49428897,33,25.6000003814697,14,"Test"
"65126","2000-11-01",-77.185,40.677113,"2000-11-01","/home/ecologia/Documents/Lorena/capas/WorldClim_1970-2020_monthly_recortado/2000-11",30331895,93,10.6999998092651,0.400000005960464,"Test"
"65127","2000-11-01",-83.99189,35.90849,"2000-11-01","/home/ecologia/Documents/Lorena/capas/WorldClim_1970-2020_monthly_recortado/2000-11",36588186,95,15.8999996185303,2.5,"Test"
"65128","2000-11-01",-97.3962,32.658707,"2000-11-01","/home/ecologia/Documents/Lorena/capas/WorldClim_1970-2020_monthly_recortado/2000-11",40852788,53,19.2999992370605,6.90000009536743,"Train"
"65129","2000-11-01",-95.30872,28.933622,"2000-11-01","/home/ecologia/Documents/Lorena/capas/WorldClim_1970-2020_monthly_recortado/2000-11",45742771,106,22.2999992370605,12.6000003814697,"Train"
"65130","2000-11-01",-84.564114,34.13565,"2000-11-01","/home/ecologia/Documents/Lorena/capas/WorldClim_1970-2020_monthly_recortado/2000-11",38918125,97,16.7999992370605,4.80000019073486,"Train"
"65131","2000-11-01",-97.327934,26.112354,"2000-11-01","/home/ecologia/Documents/Lorena/capas/WorldClim_1970-2020_monthly_recortado/2000-11",49450850,44,24.5,15.3000001907349,"Test"
"65132","2000-11-01",-72.44623,41.9854,"2000-11-01","/home/ecologia/Documents/Lorena/capas/WorldClim_1970-2020_monthly_recortado/2000-11",28615041,103,10.8000001907349,-0.100000001490116,"Test"
"65133","2000-11-01",-104.68681,24.026648,"2000-11-01","/home/ecologia/Documents/Lorena/capas/WorldClim_1970-2020_monthly_recortado/2000-11",52184717,15,23.7999992370605,5,"Train"
"65134","2000-11-01",-99.10413,19.581032,"2000-11-01","/home/ecologia/Documents/Lorena/capas/WorldClim_1970-2020_monthly_recortado/2000-11",58026813,11,20.8999996185303,5.19999980926514,"Train"
"65135","2000-11-01",-98.269615,26.236189,"2000-11-01","/home/ecologia/Documents/Lorena/capas/WorldClim_1970-2020_monthly_recortado/2000-11",49286652,26,25.7999992370605,13.8000001907349,"Train"
"65136","2000-11-01",-100.3375,29.862778,"2000-11-01","/home/ecologia/Documents/Lorena/capas/WorldClim_1970-2020_monthly_recortado/2000-11",44527939,35,20.7000007629395,7.40000009536743,"Train"
"65137","2000-11-01",-84.569534,42.648243,"2000-11-01","/home/ecologia/Documents/Lorena/capas/WorldClim_1970-2020_monthly_recortado/2000-11",27749405,66,8,-0.899999976158142,"Train"
"65138","2000-11-01",-94.01884,29.98716,"2000-11-01","/home/ecologia/Documents/Lorena/capas/WorldClim_1970-2020_monthly_recortado/2000-11",44364612,119,22,10.3000001907349,"Train"
"65139","2000-11-01",-97.64274,27.866055,"2000-11-01","/home/ecologia/Documents/Lorena/capas/WorldClim_1970-2020_monthly_recortado/2000-11",47153622,42,24.5,12.6999998092651,"Train"
"65140","2000-11-01",-95.72131,32.92855,"2000-11-01","/home/ecologia/Documents/Lorena/capas/WorldClim_1970-2020_monthly_recortado/2000-11",40502941,94,18.7999992370605,6.09999990463257,"Train"
"65141","2000-11-01",-96.253944,29.969007,"2000-11-01","/home/ecologia/Documents/Lorena/capas/WorldClim_1970-2020_monthly_recortado/2000-11",44386222,93,22.2999992370605,9,"Test"
"65142","2000-11-01",-70.61837,41.64591,"2000-11-01","/home/ecologia/Documents/Lorena/capas/WorldClim_1970-2020_monthly_recortado/2000-11",29063759,117,11.1999998092651,3,"Test"
"65143","2000-11-01",-98.24268,29.609375,"2000-11-01","/home/ecologia/Documents/Lorena/capas/WorldClim_1970-2020_monthly_recortado/2000-11",44856360,65,21.7000007629395,8.89999961853027,"Test"
"65144","2000-11-01",-95.1831,29.52824,"2000-11-01","/home/ecologia/Documents/Lorena/capas/WorldClim_1970-2020_monthly_recortado/2000-11",44966118,108,22.1000003814697,11.6000003814697,"Train"
"65145","2000-11-01",-96.484245,16.173052,"2000-11-01","/home/ecologia/Documents/Lorena/capas/WorldClim_1970-2020_monthly_recortado/2000-11",62501178,23,19.8999996185303,9.5,"Train"
"65146","2000-11-01",-96.60711,17.177113,"2000-11-01","/home/ecologia/Documents/Lorena/capas/WorldClim_1970-2020_monthly_recortado/2000-11",61177545,39,15.5,6.30000019073486,"Train"
"65147","2000-11-01",-97.628265,27.870588,"2000-11-01","/home/ecologia/Documents/Lorena/capas/WorldClim_1970-2020_monthly_recortado/2000-11",47142685,42,24.2999992370605,13,"Train"
"65148","2000-11-01",-90.12878,30.428785,"2000-11-01","/home/ecologia/Documents/Lorena/capas/WorldClim_1970-2020_monthly_recortado/2000-11",43785312,120,21.3999996185303,9,"Train"
"65149","2000-11-01",-82.030205,36.591454,"2000-11-01","/home/ecologia/Documents/Lorena/capas/WorldClim_1970-2020_monthly_recortado/2000-11",35702363,81,14.8000001907349,1.20000004768372,"Train"
"65150","2000-11-01",-97.918884,30.596388,"2000-11-01","/home/ecologia/Documents/Lorena/capas/WorldClim_1970-2020_monthly_recortado/2000-11",43565597,60,20.2000007629395,7.40000009536743,"Train"
"65151","2000-11-01",-81.91952,42.95439,"2000-11-01","/home/ecologia/Documents/Lorena/capas/WorldClim_1970-2020_monthly_recortado/2000-11",27344980,92,7.69999980926514,0.5,"Train"
"65152","2000-11-01",-87.6939,30.411446,"2000-11-01","/home/ecologia/Documents/Lorena/capas/WorldClim_1970-2020_monthly_recortado/2000-11",43807482,118,21.8999996185303,9.60000038146973,"Test"
"65153","2000-11-01",-75.088165,40.375584,"2000-11-01","/home/ecologia/Documents/Lorena/capas/WorldClim_1970-2020_monthly_recortado/2000-11",30725951,99,11.8999996185303,1.10000002384186,"Train"
"65154","2000-11-01",-97.704499,38.778744,"2000-11-01","/home/ecologia/Documents/Lorena/capas/WorldClim_1970-2020_monthly_recortado/2000-11",32823525,32,12.1999998092651,-0.200000002980232,"Test"
"65155","2000-11-01",-83.801834,36.066437,"2000-11-01","/home/ecologia/Documents/Lorena/capas/WorldClim_1970-2020_monthly_recortado/2000-11",36391307,94,15.8000001907349,1.60000002384186,"Train"
"65156","2000-11-01",-97.41769,25.85233,"2000-11-01","/home/ecologia/Documents/Lorena/capas/WorldClim_1970-2020_monthly_recortado/2000-11",49789948,42,25,14.6999998092651,"Train"
"65157","2000-11-01",-89.04795,40.663246,"2000-11-01","/home/ecologia/Documents/Lorena/capas/WorldClim_1970-2020_monthly_recortado/2000-11",30352350,74,9.69999980926514,-0.300000011920929,"Test"
"65158","2000-11-01",-152.39293,57.792255,"2000-11-01","/home/ecologia/Documents/Lorena/capas/WorldClim_1970-2020_monthly_recortado/2000-11",NA,NA,NA,NA,"Train"
"65159","2000-11-01",-77.72453,39.43801,"2000-11-01","/home/ecologia/Documents/Lorena/capas/WorldClim_1970-2020_monthly_recortado/2000-11",31961742,81,13,1.70000004768372,"Train"
"65160","2000-11-01",-80.61802,28.100529,"2000-11-01","/home/ecologia/Documents/Lorena/capas/WorldClim_1970-2020_monthly_recortado/2000-11",46838434,70,25.7999992370605,16,"Train"
"65161","2000-11-01",-82.25834,35.208,"2000-11-01","/home/ecologia/Documents/Lorena/capas/WorldClim_1970-2020_monthly_recortado/2000-11",37518209,110,16,3.29999995231628,"Train"
"65162","2000-11-01",-90.893456,30.311382,"2000-11-01","/home/ecologia/Documents/Lorena/capas/WorldClim_1970-2020_monthly_recortado/2000-11",43938366,116,21.7000007629395,8.89999961853027,"Train"
"65163","2000-11-01",-96.35679,30.008366,"2000-11-01","/home/ecologia/Documents/Lorena/capas/WorldClim_1970-2020_monthly_recortado/2000-11",44331515,93,22.2999992370605,8.89999961853027,"Train"
"65164","2000-11-01",-78.821815,35.770325,"2000-11-01","/home/ecologia/Documents/Lorena/capas/WorldClim_1970-2020_monthly_recortado/2000-11",36774770,79,17.5,4.40000009536743,"Train"
"65165","2000-11-01",-83.78533,34.975273,"2000-11-01","/home/ecologia/Documents/Lorena/capas/WorldClim_1970-2020_monthly_recortado/2000-11",37813379,125,16.3999996185303,2.20000004768372,"Train"
"65166","2000-11-01",-105.97425,35.667892,"2000-11-01","/home/ecologia/Documents/Lorena/capas/WorldClim_1970-2020_monthly_recortado/2000-11",36902780,22,12.5,-3.90000009536743,"Train"
"65167","2000-11-01",-104.097,30.61738,"2000-11-01","/home/ecologia/Documents/Lorena/capas/WorldClim_1970-2020_monthly_recortado/2000-11",43532039,15,16.6000003814697,2.5,"Train"
"65168","2000-11-01",-79.694305,43.413776,"2000-11-01","/home/ecologia/Documents/Lorena/capas/WorldClim_1970-2020_monthly_recortado/2000-11",26743602,74,8,1.29999995231628,"Test"
"65169","2000-11-01",-81.16834,35.820923,"2000-11-01","/home/ecologia/Documents/Lorena/capas/WorldClim_1970-2020_monthly_recortado/2000-11",36708854,86,16.5,2.40000009536743,"Train"
"65170","2000-11-01",-117.477303,34.144757,"2000-11-01","/home/ecologia/Documents/Lorena/capas/WorldClim_1970-2020_monthly_recortado/2000-11",38903236,34,22.8999996185303,7.19999980926514,"Test"
"65171","2000-11-01",-102.304444,19.427778,"2000-11-01","/home/ecologia/Documents/Lorena/capas/WorldClim_1970-2020_monthly_recortado/2000-11",58223331,49,15.1000003814697,3.5,"Train"
"65172","2000-11-01",-76.013721,38.562257,"2000-11-01","/home/ecologia/Documents/Lorena/capas/WorldClim_1970-2020_monthly_recortado/2000-11",33110542,82,14.8999996185303,3.70000004768372,"Train"
"65173","2000-11-01",-76.40889,44.247093,"2000-11-01","/home/ecologia/Documents/Lorena/capas/WorldClim_1970-2020_monthly_recortado/2000-11",25650096,101,7.09999990463257,-0.400000005960464,"Train"
"65174","2000-11-01",-91.55263,34.5004,"2000-11-01","/home/ecologia/Documents/Lorena/capas/WorldClim_1970-2020_monthly_recortado/2000-11",38435970,124,17.1000003814697,5.40000009536743,"Train"
"65175","2000-11-01",-91.09303,30.312626,"2000-11-01","/home/ecologia/Documents/Lorena/capas/WorldClim_1970-2020_monthly_recortado/2000-11",43938342,113,21.7000007629395,8.89999961853027,"Train"
"65176","2000-11-01",-98.66096,20.038082,"2000-11-01","/home/ecologia/Documents/Lorena/capas/WorldClim_1970-2020_monthly_recortado/2000-11",57425221,12,21.6000003814697,4.5,"Test"
"65177","2000-11-01",-98.407585,29.944523,"2000-11-01","/home/ecologia/Documents/Lorena/capas/WorldClim_1970-2020_monthly_recortado/2000-11",44418781,68,20.7000007629395,7.5,"Train"
"65178","2000-11-01",-70.88477,42.174538,"2000-11-01","/home/ecologia/Documents/Lorena/capas/WorldClim_1970-2020_monthly_recortado/2000-11",28374570,113,11,1.60000002384186,"Train"
"65179","2000-11-01",-100.266667,17.5,"2000-11-01","/home/ecologia/Documents/Lorena/capas/WorldClim_1970-2020_monthly_recortado/2000-11",60750484,43,21.2999992370605,10,"Train"
"65180","2000-11-01",-99.633333,17.55,"2000-11-01","/home/ecologia/Documents/Lorena/capas/WorldClim_1970-2020_monthly_recortado/2000-11",60684927,32,23.7000007629395,11.6999998092651,"Train"
"65181","2000-11-01",-100.066667,17.065,"2000-11-01","/home/ecologia/Documents/Lorena/capas/WorldClim_1970-2020_monthly_recortado/2000-11",61330275,17,31.3999996185303,21.2000007629395,"Train"
"65182","2000-11-01",-99.16,19.023333,"2000-11-01","/home/ecologia/Documents/Lorena/capas/WorldClim_1970-2020_monthly_recortado/2000-11",58759719,18,20.6000003814697,6.90000009536743,"Train"
"65183","2000-11-01",-103.075786,21.632111,"2000-11-01","/home/ecologia/Documents/Lorena/capas/WorldClim_1970-2020_monthly_recortado/2000-11",55335342,13,26.2999992370605,8.10000038146973,"Test"
"65184","2000-11-01",-110.9795,31.885237,"2000-11-01","/home/ecologia/Documents/Lorena/capas/WorldClim_1970-2020_monthly_recortado/2000-11",41868485,17,22.7000007629395,5.5,"Train"
"65185","2000-11-01",-95.63397,29.578327,"2000-11-01","/home/ecologia/Documents/Lorena/capas/WorldClim_1970-2020_monthly_recortado/2000-11",44900429,100,22.7000007629395,10.5,"Test"
"65186","2000-11-01",-85.65918,40.55834,"2000-11-01","/home/ecologia/Documents/Lorena/capas/WorldClim_1970-2020_monthly_recortado/2000-11",30484024,83,9.89999961853027,0.300000011920929,"Train"
"65187","2000-11-01",-106.779854,32.389565,"2000-11-01","/home/ecologia/Documents/Lorena/capas/WorldClim_1970-2020_monthly_recortado/2000-11",41212649,13,19.2999992370605,0.5,"Test"
"65188","2000-11-01",-90.19791,38.62725,"2000-11-01","/home/ecologia/Documents/Lorena/capas/WorldClim_1970-2020_monthly_recortado/2000-11",33021328,86,12.8999996185303,2.20000004768372,"Train"
"65189","2000-11-01",-100.18124,20.923044,"2000-11-01","/home/ecologia/Documents/Lorena/capas/WorldClim_1970-2020_monthly_recortado/2000-11",56265505,19,18.6000003814697,6,"Test"
"65190","2000-11-01",-106.445335,31.825357,"2000-11-01","/home/ecologia/Documents/Lorena/capas/WorldClim_1970-2020_monthly_recortado/2000-11",41945602,10,19.5,3.5,"Test"
"65191","2000-11-01",-92.46405,31.293156,"2000-11-01","/home/ecologia/Documents/Lorena/capas/WorldClim_1970-2020_monthly_recortado/2000-11",42647376,139,21.1000003814697,8.10000038146973,"Train"
"65192","2000-11-01",-87.83471,42.43849,"2000-11-01","/home/ecologia/Documents/Lorena/capas/WorldClim_1970-2020_monthly_recortado/2000-11",28022488,65,8.10000038146973,-0.5,"Train"
"65193","2000-11-01",-103.339806,34.159405,"2000-11-01","/home/ecologia/Documents/Lorena/capas/WorldClim_1970-2020_monthly_recortado/2000-11",38883055,17,16.7000007629395,-0.400000005960464,"Train"
"65194","2000-11-01",-100.4117,29.319529,"2000-11-01","/home/ecologia/Documents/Lorena/capas/WorldClim_1970-2020_monthly_recortado/2000-11",45238965,29,22.5,8.5,"Test"
"65195","2000-11-01",-98.92668,31.14762,"2000-11-01","/home/ecologia/Documents/Lorena/capas/WorldClim_1970-2020_monthly_recortado/2000-11",42843502,45,20.5,6.09999990463257,"Train"
"65196","2000-11-01",-87.78538,41.870632,"2000-11-01","/home/ecologia/Documents/Lorena/capas/WorldClim_1970-2020_monthly_recortado/2000-11",28766346,79,9.19999980926514,0.200000002980232,"Train"
"65197","2000-11-01",-92.40436,34.86679,"2000-11-01","/home/ecologia/Documents/Lorena/capas/WorldClim_1970-2020_monthly_recortado/2000-11",37954552,136,16.7999992370605,4.69999980926514,"Train"
"65198","2000-11-01",-95.56987,29.769495,"2000-11-01","/home/ecologia/Documents/Lorena/capas/WorldClim_1970-2020_monthly_recortado/2000-11",44648840,101,22.7000007629395,10.8000001907349,"Test"
"65199","2000-11-01",-103.67428,30.366062,"2000-11-01","/home/ecologia/Documents/Lorena/capas/WorldClim_1970-2020_monthly_recortado/2000-11",43871199,11,20.2999992370605,2.79999995231628,"Train"
"65200","2000-11-01",-110.880104,31.725151,"2000-11-01","/home/ecologia/Documents/Lorena/capas/WorldClim_1970-2020_monthly_recortado/2000-11",42076338,30,17.6000003814697,4.30000019073486,"Train"
"65201","2000-11-01",-69.96798,41.848637,"2000-11-01","/home/ecologia/Documents/Lorena/capas/WorldClim_1970-2020_monthly_recortado/2000-11",28801301,109,10.3000001907349,3.79999995231628,"Train"
"65202","2000-11-01",-75.38652,39.91783,"2000-11-01","/home/ecologia/Documents/Lorena/capas/WorldClim_1970-2020_monthly_recortado/2000-11",31327560,94,12.6000003814697,2.70000004768372,"Train"
"65203","2000-11-01",-76.161,39.895733,"2000-11-01","/home/ecologia/Documents/Lorena/capas/WorldClim_1970-2020_monthly_recortado/2000-11",31360284,92,11.8999996185303,1.89999997615814,"Train"
"65204","2000-11-01",-93.92461,29.953568,"2000-11-01","/home/ecologia/Documents/Lorena/capas/WorldClim_1970-2020_monthly_recortado/2000-11",44408380,117,21.8999996185303,10.6000003814697,"Test"
"65205","2000-11-01",-76.38446,44.43039,"2000-11-01","/home/ecologia/Documents/Lorena/capas/WorldClim_1970-2020_monthly_recortado/2000-11",25409441,99,6.5,-1,"Train"
"65206","2000-11-01",-98.251854,29.554882,"2000-11-01","/home/ecologia/Documents/Lorena/capas/WorldClim_1970-2020_monthly_recortado/2000-11",44932932,62,21.8999996185303,9.10000038146973,"Train"
"65207","2000-11-01",-71.68938,41.686943,"2000-11-01","/home/ecologia/Documents/Lorena/capas/WorldClim_1970-2020_monthly_recortado/2000-11",29008936,125,10.6999998092651,0.699999988079071,"Train"
"65208","2000-11-01",-77.26083,38.923157,"2000-11-01","/home/ecologia/Documents/Lorena/capas/WorldClim_1970-2020_monthly_recortado/2000-11",32640015,86,14,2.5,"Test"
"65209","2000-11-01",-95.73982,30.072084,"2000-11-01","/home/ecologia/Documents/Lorena/capas/WorldClim_1970-2020_monthly_recortado/2000-11",44255016,105,22.1000003814697,9,"Train"
"65210","2000-11-01",-99.22211,30.075653,"2000-11-01","/home/ecologia/Documents/Lorena/capas/WorldClim_1970-2020_monthly_recortado/2000-11",44243659,46,20.3999996185303,6.09999990463257,"Train"
"65211","2000-11-01",-100.954722,19.651944,"2000-11-01","/home/ecologia/Documents/Lorena/capas/WorldClim_1970-2020_monthly_recortado/2000-11",57928140,23,20.6000003814697,8.19999980926514,"Train"
"65212","2000-11-01",-102.3625,19.338333,"2000-11-01","/home/ecologia/Documents/Lorena/capas/WorldClim_1970-2020_monthly_recortado/2000-11",58343653,18,23.6000003814697,8.10000038146973,"Train"
"65213","2000-11-01",-102.366667,19.273611,"2000-11-01","/home/ecologia/Documents/Lorena/capas/WorldClim_1970-2020_monthly_recortado/2000-11",58431164,22,25.7000007629395,9.89999961853027,"Train"
"65214","2000-11-01",-101.728611,19.451111,"2000-11-01","/home/ecologia/Documents/Lorena/capas/WorldClim_1970-2020_monthly_recortado/2000-11",58190583,29,23,6.90000009536743,"Test"
"65215","2000-11-01",-102.263333,19.554167,"2000-11-01","/home/ecologia/Documents/Lorena/capas/WorldClim_1970-2020_monthly_recortado/2000-11",58059251,33,23.2999992370605,6.59999990463257,"Train"
"65216","2000-11-01",-100.181111,20.068333,"2000-11-01","/home/ecologia/Documents/Lorena/capas/WorldClim_1970-2020_monthly_recortado/2000-11",57381283,12,21.2999992370605,5,"Test"
"65217","2000-11-01",-101.128333,19.7,"2000-11-01","/home/ecologia/Documents/Lorena/capas/WorldClim_1970-2020_monthly_recortado/2000-11",57862485,16,23.7999992370605,7.69999980926514,"Train"
"65218","2000-11-01",-102.2025,19.498333,"2000-11-01","/home/ecologia/Documents/Lorena/capas/WorldClim_1970-2020_monthly_recortado/2000-11",58135831,39,21.6000003814697,6.5,"Train"
"65219","2000-11-01",-101.005556,19.666944,"2000-11-01","/home/ecologia/Documents/Lorena/capas/WorldClim_1970-2020_monthly_recortado/2000-11",57906256,16,21.8999996185303,7.90000009536743,"Train"
"65220","2000-11-01",-101.745833,19.453889,"2000-11-01","/home/ecologia/Documents/Lorena/capas/WorldClim_1970-2020_monthly_recortado/2000-11",58190581,30,22.7000007629395,6.80000019073486,"Train"
"65221","2000-11-01",-102.243611,19.524167,"2000-11-01","/home/ecologia/Documents/Lorena/capas/WorldClim_1970-2020_monthly_recortado/2000-11",58103009,35,23.5,6.59999990463257,"Train"
"65222","2000-11-01",-100.177778,20.043889,"2000-11-01","/home/ecologia/Documents/Lorena/capas/WorldClim_1970-2020_monthly_recortado/2000-11",57414100,13,21,5,"Train"
"65223","2000-11-01",-122.230124,47.643432,"2000-11-01","/home/ecologia/Documents/Lorena/capas/WorldClim_1970-2020_monthly_recortado/2000-11",21181486,143,10.3999996185303,4.40000009536743,"Test"
"65224","2000-11-01",-99.789,29.235812,"2000-11-01","/home/ecologia/Documents/Lorena/capas/WorldClim_1970-2020_monthly_recortado/2000-11",45348430,34,23.1000003814697,8.5,"Train"
"65225","2000-11-01",-101.360897,19.485176,"2000-11-01","/home/ecologia/Documents/Lorena/capas/WorldClim_1970-2020_monthly_recortado/2000-11",58146871,21,22.8999996185303,6.09999990463257,"Test"
"65226","2000-11-01",-103.30701,29.277237,"2000-11-01","/home/ecologia/Documents/Lorena/capas/WorldClim_1970-2020_monthly_recortado/2000-11",45293313,14,19.5,6.69999980926514,"Train"
"65227","2000-11-01",-97.70373,30.66097,"2000-11-01","/home/ecologia/Documents/Lorena/capas/WorldClim_1970-2020_monthly_recortado/2000-11",43478111,66,20.2999992370605,7.80000019073486,"Test"
"65228","2000-11-01",-121.22206,38.399372,"2000-11-01","/home/ecologia/Documents/Lorena/capas/WorldClim_1970-2020_monthly_recortado/2000-11",33323897,72,17.8999996185303,5.19999980926514,"Test"
"65229","2000-11-01",-98.52787,29.611929,"2000-11-01","/home/ecologia/Documents/Lorena/capas/WorldClim_1970-2020_monthly_recortado/2000-11",44856326,63,21.2999992370605,8.89999961853027,"Train"
"65230","2000-11-01",-96.33501,30.684668,"2000-11-01","/home/ecologia/Documents/Lorena/capas/WorldClim_1970-2020_monthly_recortado/2000-11",43445458,80,21.5,8.89999961853027,"Train"
"65231","2000-11-01",-70.815544,41.66132,"2000-11-01","/home/ecologia/Documents/Lorena/capas/WorldClim_1970-2020_monthly_recortado/2000-11",29041858,118,11,2.09999990463257,"Train"
"65232","2000-11-01",-76.866053,39.325453,"2000-11-01","/home/ecologia/Documents/Lorena/capas/WorldClim_1970-2020_monthly_recortado/2000-11",32104052,93,13.1999998092651,2.09999990463257,"Train"
"65233","2000-11-01",-103.98281,30.618729,"2000-11-01","/home/ecologia/Documents/Lorena/capas/WorldClim_1970-2020_monthly_recortado/2000-11",43532053,14,18.6000003814697,2.40000009536743,"Train"
"65234","2000-11-01",-97.28582,29.092064,"2000-11-01","/home/ecologia/Documents/Lorena/capas/WorldClim_1970-2020_monthly_recortado/2000-11",45534693,64,23.6000003814697,10.5,"Train"
"65235","2000-11-01",-85.23674,42.402256,"2000-11-01","/home/ecologia/Documents/Lorena/capas/WorldClim_1970-2020_monthly_recortado/2000-11",28066556,74,8.19999980926514,-0.600000023841858,"Train"
"65236","2000-11-01",-97.29875,26.100975,"2000-11-01","/home/ecologia/Documents/Lorena/capas/WorldClim_1970-2020_monthly_recortado/2000-11",49461793,46,24.2999992370605,15.6999998092651,"Train"
"65237","2000-11-01",-97.770744,30.45255,"2000-11-01","/home/ecologia/Documents/Lorena/capas/WorldClim_1970-2020_monthly_recortado/2000-11",43751578,64,20.7999992370605,8.39999961853027,"Train"
"65238","2000-11-01",-97.67571,26.13367,"2000-11-01","/home/ecologia/Documents/Lorena/capas/WorldClim_1970-2020_monthly_recortado/2000-11",49417991,38,25.2000007629395,14.1000003814697,"Train"
"65239","2000-11-01",-92.03535,30.178892,"2000-11-01","/home/ecologia/Documents/Lorena/capas/WorldClim_1970-2020_monthly_recortado/2000-11",44113253,114,22,9.69999980926514,"Test"
"65240","2000-11-01",-95.7406,30.1286,"2000-11-01","/home/ecologia/Documents/Lorena/capas/WorldClim_1970-2020_monthly_recortado/2000-11",44178443,108,21.3999996185303,9.10000038146973,"Test"
"65241","2000-11-01",-73.39026,43.028713,"2000-11-01","/home/ecologia/Documents/Lorena/capas/WorldClim_1970-2020_monthly_recortado/2000-11",27247553,86,8.30000019073486,-1.5,"Train"
"65242","2000-11-01",-90.069786,30.393536,"2000-11-01","/home/ecologia/Documents/Lorena/capas/WorldClim_1970-2020_monthly_recortado/2000-11",43829075,117,21.6000003814697,9,"Train"
"65243","2000-11-01",-99.355484,29.692348,"2000-11-01","/home/ecologia/Documents/Lorena/capas/WorldClim_1970-2020_monthly_recortado/2000-11",44746837,45,20.7000007629395,7.30000019073486,"Train"
"65244","2000-11-01",-87.893364,31.523344,"2000-11-01","/home/ecologia/Documents/Lorena/capas/WorldClim_1970-2020_monthly_recortado/2000-11",42352571,113,20.8999996185303,6.40000009536743,"Test"
"65245","2000-11-01",-82.40322,42.11543,"2000-11-01","/home/ecologia/Documents/Lorena/capas/WorldClim_1970-2020_monthly_recortado/2000-11",28449761,85,8.80000019073486,1.89999997615814,"Train"
"65246","2000-11-01",-89.70917,30.276112,"2000-11-01","/home/ecologia/Documents/Lorena/capas/WorldClim_1970-2020_monthly_recortado/2000-11",43982264,113,21.7999992370605,9.39999961853027,"Test"
"65247","2000-11-01",-91.090132,30.406919,"2000-11-01","/home/ecologia/Documents/Lorena/capas/WorldClim_1970-2020_monthly_recortado/2000-11",43818014,116,22,9.10000038146973,"Train"
"65248","2000-11-01",-95.515656,29.663754,"2000-11-01","/home/ecologia/Documents/Lorena/capas/WorldClim_1970-2020_monthly_recortado/2000-11",44791054,100,23.2999992370605,11.1000003814697,"Train"
"65249","2000-11-01",-80.3126,36.13056,"2000-11-01","/home/ecologia/Documents/Lorena/capas/WorldClim_1970-2020_monthly_recortado/2000-11",36304214,75,16.5,2.79999995231628,"Train"
"65250","2000-11-01",-76.32447,39.403206,"2000-11-01","/home/ecologia/Documents/Lorena/capas/WorldClim_1970-2020_monthly_recortado/2000-11",32005666,90,13.1999998092651,3.40000009536743,"Train"
"65251","2000-11-01",-91.0038,30.411171,"2000-11-01","/home/ecologia/Documents/Lorena/capas/WorldClim_1970-2020_monthly_recortado/2000-11",43807085,115,21.7999992370605,8.89999961853027,"Train"
"65252","2000-11-01",-80.01936,40.390896,"2000-11-01","/home/ecologia/Documents/Lorena/capas/WorldClim_1970-2020_monthly_recortado/2000-11",30714420,77,11.5,0.800000011920929,"Train"
"65253","2000-11-01",-82.38495,28.869574,"2000-11-01","/home/ecologia/Documents/Lorena/capas/WorldClim_1970-2020_monthly_recortado/2000-11",45831834,59,25.3999996185303,11.8000001907349,"Train"
"65254","2000-11-01",-78.36828,38.087214,"2000-11-01","/home/ecologia/Documents/Lorena/capas/WorldClim_1970-2020_monthly_recortado/2000-11",33733782,92,14.6999998092651,2.09999990463257,"Train"
"65255","2000-11-01",-99.11883,20.013545,"2000-11-01","/home/ecologia/Documents/Lorena/capas/WorldClim_1970-2020_monthly_recortado/2000-11",57457983,17,21,4.90000009536743,"Train"
"65256","2000-11-01",-80.82441,35.197872,"2000-11-01","/home/ecologia/Documents/Lorena/capas/WorldClim_1970-2020_monthly_recortado/2000-11",37529321,84,17.3999996185303,4.59999990463257,"Train"
"65257","2000-11-01",-85.24126,31.188828,"2000-11-01","/home/ecologia/Documents/Lorena/capas/WorldClim_1970-2020_monthly_recortado/2000-11",42790450,86,21.6000003814697,8,"Test"
"65258","2000-11-01",-97.079658,33.02133,"2000-11-01","/home/ecologia/Documents/Lorena/capas/WorldClim_1970-2020_monthly_recortado/2000-11",40382449,62,18.3999996185303,6.69999980926514,"Train"
"65259","2000-11-01",-98.36709,29.591373,"2000-11-01","/home/ecologia/Documents/Lorena/capas/WorldClim_1970-2020_monthly_recortado/2000-11",44889162,63,21.7000007629395,9.19999980926514,"Test"
"65260","2000-11-01",-89.99625,29.233393,"2000-11-01","/home/ecologia/Documents/Lorena/capas/WorldClim_1970-2020_monthly_recortado/2000-11",45349605,107,21.2999992370605,14,"Test"
"65261","2000-11-01",-83.56199,41.72244,"2000-11-01","/home/ecologia/Documents/Lorena/capas/WorldClim_1970-2020_monthly_recortado/2000-11",28963755,72,9.60000038146973,0.400000005960464,"Train"
"65262","2000-11-01",-97.265559,30.071041,"2000-11-01","/home/ecologia/Documents/Lorena/capas/WorldClim_1970-2020_monthly_recortado/2000-11",44254833,78,21.7999992370605,8.39999961853027,"Test"
"65263","2000-11-01",-95.88824,29.687984,"2000-11-01","/home/ecologia/Documents/Lorena/capas/WorldClim_1970-2020_monthly_recortado/2000-11",44758192,97,22.6000003814697,9.60000038146973,"Train"
"65264","2000-11-01",-105.66565,23.692005,"2000-11-01","/home/ecologia/Documents/Lorena/capas/WorldClim_1970-2020_monthly_recortado/2000-11",52622160,36,20.6000003814697,0.5,"Train"
"65265","2000-11-01",-97.32715,27.893778,"2000-11-01","/home/ecologia/Documents/Lorena/capas/WorldClim_1970-2020_monthly_recortado/2000-11",47109904,44,24.1000003814697,13.6999998092651,"Train"
"65266","2000-11-01",-99.24562,19.225006,"2000-11-01","/home/ecologia/Documents/Lorena/capas/WorldClim_1970-2020_monthly_recortado/2000-11",58486234,22,18.2999992370605,3.59999990463257,"Train"
"65267","2000-11-01",-82.3838,29.686455,"2000-11-01","/home/ecologia/Documents/Lorena/capas/WorldClim_1970-2020_monthly_recortado/2000-11",44759812,60,24,10.6000003814697,"Train"
"65268","2000-11-01",-74.33101,40.64144,"2000-11-01","/home/ecologia/Documents/Lorena/capas/WorldClim_1970-2020_monthly_recortado/2000-11",30386933,106,12.6000003814697,2,"Train"
"65269","2000-11-01",-104.02802,20.710672,"2000-11-01","/home/ecologia/Documents/Lorena/capas/WorldClim_1970-2020_monthly_recortado/2000-11",56538518,14,26.3999996185303,8.89999961853027,"Train"
"65270","2000-11-01",-80.378235,37.191463,"2000-11-01","/home/ecologia/Documents/Lorena/capas/WorldClim_1970-2020_monthly_recortado/2000-11",34914953,76,13.5,0.300000011920929,"Train"
"65271","2000-11-01",-79.149345,38.18891,"2000-11-01","/home/ecologia/Documents/Lorena/capas/WorldClim_1970-2020_monthly_recortado/2000-11",33602421,79,13.3000001907349,0.200000002980232,"Train"
"65272","2000-11-01",-79.105415,38.945595,"2000-11-01","/home/ecologia/Documents/Lorena/capas/WorldClim_1970-2020_monthly_recortado/2000-11",32606977,70,13.5,0.100000001490116,"Train"
"65273","2000-11-01",-110.99006,31.492044,"2000-11-01","/home/ecologia/Documents/Lorena/capas/WorldClim_1970-2020_monthly_recortado/2000-11",42382617,19,23.2000007629395,3.70000004768372,"Train"
"65274","2000-11-01",-82.87262,40.073086,"2000-11-01","/home/ecologia/Documents/Lorena/capas/WorldClim_1970-2020_monthly_recortado/2000-11",31129760,83,11,0.899999976158142,"Test"
"65275","2000-11-01",-97.96589,26.06319,"2000-11-01","/home/ecologia/Documents/Lorena/capas/WorldClim_1970-2020_monthly_recortado/2000-11",49516408,32,25.3999996185303,13.8999996185303,"Train"
"65276","2000-11-01",-80.52012,25.468136,"2000-11-01","/home/ecologia/Documents/Lorena/capas/WorldClim_1970-2020_monthly_recortado/2000-11",50295170,68,27.8999996185303,18.3999996185303,"Train"
"65277","2000-11-01",-91.168274,30.436897,"2000-11-01","/home/ecologia/Documents/Lorena/capas/WorldClim_1970-2020_monthly_recortado/2000-11",43774248,115,21.8999996185303,9.39999961853027,"Test"
"65278","2000-11-01",-97.50702,28.03941,"2000-11-01","/home/ecologia/Documents/Lorena/capas/WorldClim_1970-2020_monthly_recortado/2000-11",46923920,46,24.1000003814697,12.3000001907349,"Train"
"65279","2000-11-01",-86.724236,38.086163,"2000-11-01","/home/ecologia/Documents/Lorena/capas/WorldClim_1970-2020_monthly_recortado/2000-11",33732780,101,13.8000001907349,2.09999990463257,"Train"
"65280","2000-11-01",-95.655556,29.971546,"2000-11-01","/home/ecologia/Documents/Lorena/capas/WorldClim_1970-2020_monthly_recortado/2000-11",44386294,102,22.3999996185303,9.89999961853027,"Train"
"65281","2000-11-01",-97.66417,26.18574,"2000-11-01","/home/ecologia/Documents/Lorena/capas/WorldClim_1970-2020_monthly_recortado/2000-11",49352359,37,25.3999996185303,14.1999998092651,"Train"
"65282","2000-11-01",-86.561066,37.499775,"2000-11-01","/home/ecologia/Documents/Lorena/capas/WorldClim_1970-2020_monthly_recortado/2000-11",34509468,109,14.3000001907349,2.20000004768372,"Test"
"65283","2000-11-01",-82.31659,36.292057,"2000-11-01","/home/ecologia/Documents/Lorena/capas/WorldClim_1970-2020_monthly_recortado/2000-11",36085194,81,14.8000001907349,1.20000004768372,"Train"
"65284","2000-11-01",-94.94582,29.20533,"2000-11-01","/home/ecologia/Documents/Lorena/capas/WorldClim_1970-2020_monthly_recortado/2000-11",45392767,96,20.7000007629395,13.3000001907349,"Train"
"65285","2000-11-01",-99.668846,29.598017,"2000-11-01","/home/ecologia/Documents/Lorena/capas/WorldClim_1970-2020_monthly_recortado/2000-11",44878067,38,21.1000003814697,7.59999990463257,"Train"
"65286","2000-11-01",-73.32928,40.694916,"2000-11-01","/home/ecologia/Documents/Lorena/capas/WorldClim_1970-2020_monthly_recortado/2000-11",30310480,94,12,3.79999995231628,"Test"
"65287","2000-11-01",-83.29789,30.891012,"2000-11-01","/home/ecologia/Documents/Lorena/capas/WorldClim_1970-2020_monthly_recortado/2000-11",43184487,63,22.1000003814697,8.60000038146973,"Test"
"65288","2000-11-01",-98.11809,26.17968,"2000-11-01","/home/ecologia/Documents/Lorena/capas/WorldClim_1970-2020_monthly_recortado/2000-11",49363243,29,25.5,13.8000001907349,"Train"
"65289","2000-11-01",-98.27031,29.88279,"2000-11-01","/home/ecologia/Documents/Lorena/capas/WorldClim_1970-2020_monthly_recortado/2000-11",44506309,68,20.8999996185303,8.80000019073486,"Test"
"65290","2000-11-01",-97.03535,28.066982,"2000-11-01","/home/ecologia/Documents/Lorena/capas/WorldClim_1970-2020_monthly_recortado/2000-11",46880220,55,23.3999996185303,13.8000001907349,"Train"
"65291","2000-11-01",-97.65358,29.074898,"2000-11-01","/home/ecologia/Documents/Lorena/capas/WorldClim_1970-2020_monthly_recortado/2000-11",45567466,57,23.3999996185303,10.1999998092651,"Test"
"65292","2000-11-01",-82.26191,35.241135,"2000-11-01","/home/ecologia/Documents/Lorena/capas/WorldClim_1970-2020_monthly_recortado/2000-11",37474453,104,16.3999996185303,3.29999995231628,"Test"
"65293","2000-11-01",-73.883804,40.975815,"2000-11-01","/home/ecologia/Documents/Lorena/capas/WorldClim_1970-2020_monthly_recortado/2000-11",29938487,105,12.3000001907349,2.79999995231628,"Test"
"65294","2000-11-01",-75.36799,39.95469,"2000-11-01","/home/ecologia/Documents/Lorena/capas/WorldClim_1970-2020_monthly_recortado/2000-11",31283806,94,12.6000003814697,2.59999990463257,"Train"
"65295","2000-11-01",-97.75976,30.413092,"2000-11-01","/home/ecologia/Documents/Lorena/capas/WorldClim_1970-2020_monthly_recortado/2000-11",43806274,66,20.7000007629395,8.60000038146973,"Train"
"65296","2000-11-01",-90.3298,35.61118,"2000-11-01","/home/ecologia/Documents/Lorena/capas/WorldClim_1970-2020_monthly_recortado/2000-11",36981230,121,15.8000001907349,4.69999980926514,"Test"
"65297","2000-11-01",-80.31085,25.734083,"2000-11-01","/home/ecologia/Documents/Lorena/capas/WorldClim_1970-2020_monthly_recortado/2000-11",49945147,82,27.5,19.7000007629395,"Train"
"65298","2000-11-01",-97.04283,28.050272,"2000-11-01","/home/ecologia/Documents/Lorena/capas/WorldClim_1970-2020_monthly_recortado/2000-11",46902097,54,23.3999996185303,13.8000001907349,"Train"
"65299","2000-11-01",-82.742325,42.03663,"2000-11-01","/home/ecologia/Documents/Lorena/capas/WorldClim_1970-2020_monthly_recortado/2000-11",28548171,84,8.39999961853027,1.29999995231628,"Train"
"65300","2000-11-01",-98.79828,19.504702,"2000-11-01","/home/ecologia/Documents/Lorena/capas/WorldClim_1970-2020_monthly_recortado/2000-11",58125301,10,22.1000003814697,4.69999980926514,"Test"
"65301","2000-11-01",-104.500595,24.090487,"2000-11-01","/home/ecologia/Documents/Lorena/capas/WorldClim_1970-2020_monthly_recortado/2000-11",52108166,12,23.2000007629395,4.40000009536743,"Train"
"65302","2000-11-01",-103.595856,19.588713,"2000-11-01","/home/ecologia/Documents/Lorena/capas/WorldClim_1970-2020_monthly_recortado/2000-11",58015335,53,14.3999996185303,3,"Train"
"65303","2000-11-01",-93.2338,31.0493,"2000-11-01","/home/ecologia/Documents/Lorena/capas/WorldClim_1970-2020_monthly_recortado/2000-11",42975453,128,20.7999992370605,7.40000009536743,"Train"
"65304","2000-11-01",-97.65963,17.30688,"2000-11-01","/home/ecologia/Documents/Lorena/capas/WorldClim_1970-2020_monthly_recortado/2000-11",61013333,16,23.7999992370605,8.80000019073486,"Test"
"65305","2000-11-01",-93.18612,44.936916,"2000-11-01","/home/ecologia/Documents/Lorena/capas/WorldClim_1970-2020_monthly_recortado/2000-11",24740146,47,4.80000019073486,-3.90000009536743,"Train"
"65306","2000-11-01",-87.66798,44.055412,"2000-11-01","/home/ecologia/Documents/Lorena/capas/WorldClim_1970-2020_monthly_recortado/2000-11",25900342,60,6.40000009536743,-1.39999997615814,"Train"
"65307","2000-11-01",-81.28438,35.778603,"2000-11-01","/home/ecologia/Documents/Lorena/capas/WorldClim_1970-2020_monthly_recortado/2000-11",36763535,89,16.2999992370605,2.5,"Train"
"65308","2000-11-01",-81.45573,28.690931,"2000-11-01","/home/ecologia/Documents/Lorena/capas/WorldClim_1970-2020_monthly_recortado/2000-11",46072604,56,25.3999996185303,13.3000001907349,"Train"
"65309","2000-11-01",-90.10143,29.86642,"2000-11-01","/home/ecologia/Documents/Lorena/capas/WorldClim_1970-2020_monthly_recortado/2000-11",44529167,119,22.3999996185303,10.8999996185303,"Test"
"65310","2000-11-01",-97.79441,28.572952,"2000-11-01","/home/ecologia/Documents/Lorena/capas/WorldClim_1970-2020_monthly_recortado/2000-11",46223789,48,23.6000003814697,10.6000003814697,"Test"
"65311","2000-11-01",-98.6897,29.57803,"2000-11-01","/home/ecologia/Documents/Lorena/capas/WorldClim_1970-2020_monthly_recortado/2000-11",44900063,60,21.1000003814697,8.60000038146973,"Train"
"65312","2000-11-01",-97.46648,26.076813,"2000-11-01","/home/ecologia/Documents/Lorena/capas/WorldClim_1970-2020_monthly_recortado/2000-11",49494590,43,24.6000003814697,14.3999996185303,"Test"
"65313","2000-11-01",-84.15361,36.07111,"2000-11-01","/home/ecologia/Documents/Lorena/capas/WorldClim_1970-2020_monthly_recortado/2000-11",36380326,94,15.8000001907349,2,"Train"
"65314","2000-11-01",-76.94431,40.173283,"2000-11-01","/home/ecologia/Documents/Lorena/capas/WorldClim_1970-2020_monthly_recortado/2000-11",30999203,88,12,1,"Train"
"65315","2000-11-01",-104.27431,19.586042,"2000-11-01","/home/ecologia/Documents/Lorena/capas/WorldClim_1970-2020_monthly_recortado/2000-11",58015254,38,22,8.80000019073486,"Train"
"65316","2000-11-01",-90.15389,29.985718,"2000-11-01","/home/ecologia/Documents/Lorena/capas/WorldClim_1970-2020_monthly_recortado/2000-11",44365076,119,22.6000003814697,10.6999998092651,"Train"
"65317","2000-11-01",-76.72154,39.35949,"2000-11-01","/home/ecologia/Documents/Lorena/capas/WorldClim_1970-2020_monthly_recortado/2000-11",32060313,95,13.1999998092651,2.79999995231628,"Train"
"65318","2000-11-01",-98.497734,29.685608,"2000-11-01","/home/ecologia/Documents/Lorena/capas/WorldClim_1970-2020_monthly_recortado/2000-11",44757879,67,20.7000007629395,8.10000038146973,"Train"
"65319","2000-11-01",-99.8088,19.194548,"2000-11-01","/home/ecologia/Documents/Lorena/capas/WorldClim_1970-2020_monthly_recortado/2000-11",58529922,31,16.5,2.29999995231628,"Train"
"65320","2000-11-01",-90.53652,29.64851,"2000-11-01","/home/ecologia/Documents/Lorena/capas/WorldClim_1970-2020_monthly_recortado/2000-11",44813529,113,22.2999992370605,10.5,"Test"
"65321","2000-11-01",-83.193306,41.60516,"2000-11-01","/home/ecologia/Documents/Lorena/capas/WorldClim_1970-2020_monthly_recortado/2000-11",29116945,73,9.19999980926514,0.699999988079071,"Test"
"65322","2000-11-01",-92.00324,34.2284,"2000-11-01","/home/ecologia/Documents/Lorena/capas/WorldClim_1970-2020_monthly_recortado/2000-11",38796903,125,17.7000007629395,6,"Train"
"65323","2000-11-01",-111.03682,32.3446,"2000-11-01","/home/ecologia/Documents/Lorena/capas/WorldClim_1970-2020_monthly_recortado/2000-11",41266833,18,23.2999992370605,7.19999980926514,"Train"
"65324","2000-11-01",-93.77702,32.307518,"2000-11-01","/home/ecologia/Documents/Lorena/capas/WorldClim_1970-2020_monthly_recortado/2000-11",41323599,116,19.5,6.09999990463257,"Train"
"65325","2000-11-01",-84.45609,42.18284,"2000-11-01","/home/ecologia/Documents/Lorena/capas/WorldClim_1970-2020_monthly_recortado/2000-11",28362003,67,8.10000038146973,-1,"Train"
"65326","2000-11-01",-80.940605,44.56785,"2000-11-01","/home/ecologia/Documents/Lorena/capas/WorldClim_1970-2020_monthly_recortado/2000-11",25222932,100,6.09999990463257,-0.400000005960464,"Test"
"65327","2000-11-01",-102.67943,21.974236,"2000-11-01","/home/ecologia/Documents/Lorena/capas/WorldClim_1970-2020_monthly_recortado/2000-11",54886891,13,25,7.59999990463257,"Test"
"65328","2000-11-01",-75.15882,39.86121,"2000-11-01","/home/ecologia/Documents/Lorena/capas/WorldClim_1970-2020_monthly_recortado/2000-11",31404160,86,13.3999996185303,3.20000004768372,"Train"
"65329","2000-11-01",-81.30763,31.6088,"2000-11-01","/home/ecologia/Documents/Lorena/capas/WorldClim_1970-2020_monthly_recortado/2000-11",42233033,64,21.3999996185303,10.3000001907349,"Train"
"65330","2000-11-01",-70.93547,43.050137,"2000-11-01","/home/ecologia/Documents/Lorena/capas/WorldClim_1970-2020_monthly_recortado/2000-11",27215030,110,9.5,-0.600000023841858,"Train"
"65331","2000-11-01",-84.39764,39.61585,"2000-11-01","/home/ecologia/Documents/Lorena/capas/WorldClim_1970-2020_monthly_recortado/2000-11",31731222,84,11.3000001907349,0.600000023841858,"Train"
"65332","2000-11-01",-93.15407,33.9209,"2000-11-01","/home/ecologia/Documents/Lorena/capas/WorldClim_1970-2020_monthly_recortado/2000-11",39201508,134,17.6000003814697,4.5,"Train"
"65333","2000-11-01",-75.78903,39.725937,"2000-11-01","/home/ecologia/Documents/Lorena/capas/WorldClim_1970-2020_monthly_recortado/2000-11",31579109,93,12.6000003814697,2.20000004768372,"Train"
"65334","2000-11-01",-79.164345,39.70303,"2000-11-01","/home/ecologia/Documents/Lorena/capas/WorldClim_1970-2020_monthly_recortado/2000-11",31611521,87,9.30000019073486,-0.699999988079071,"Test"
"65335","2000-11-01",-98.173256,30.439356,"2000-11-01","/home/ecologia/Documents/Lorena/capas/WorldClim_1970-2020_monthly_recortado/2000-11",43773408,58,20.7999992370605,7.59999990463257,"Test"
"65336","2000-11-01",-90.6662,42.52038,"2000-11-01","/home/ecologia/Documents/Lorena/capas/WorldClim_1970-2020_monthly_recortado/2000-11",27912759,59,7.30000019073486,-1.89999997615814,"Train"
"65337","2000-11-01",-97.10562,28.021217,"2000-11-01","/home/ecologia/Documents/Lorena/capas/WorldClim_1970-2020_monthly_recortado/2000-11",46945846,52,23.1000003814697,13.8000001907349,"Train"
"65338","2000-11-01",-79.97572,40.365414,"2000-11-01","/home/ecologia/Documents/Lorena/capas/WorldClim_1970-2020_monthly_recortado/2000-11",30747242,78,11.3999996185303,0.699999988079071,"Train"
"65339","2000-11-01",-76.82837,39.507744,"2000-11-01","/home/ecologia/Documents/Lorena/capas/WorldClim_1970-2020_monthly_recortado/2000-11",31874337,92,12.3000001907349,1.89999997615814,"Train"
"65340","2000-11-01",-100.79548,31.2915,"2000-11-01","/home/ecologia/Documents/Lorena/capas/WorldClim_1970-2020_monthly_recortado/2000-11",42657315,28,19.7000007629395,4.40000009536743,"Test"
"65341","2000-11-01",-97.50534,28.978535,"2000-11-01","/home/ecologia/Documents/Lorena/capas/WorldClim_1970-2020_monthly_recortado/2000-11",45687813,58,23.7999992370605,10.5,"Test"
"65342","2000-11-01",-74.77997,40.329144,"2000-11-01","/home/ecologia/Documents/Lorena/capas/WorldClim_1970-2020_monthly_recortado/2000-11",30791622,98,12.6000003814697,1.39999997615814,"Train"
"65343","2000-11-01",-95.59921,29.8481,"2000-11-01","/home/ecologia/Documents/Lorena/capas/WorldClim_1970-2020_monthly_recortado/2000-11",44550386,102,22.6000003814697,10.1999998092651,"Train"
"65344","2000-11-01",-88.02658,39.652225,"2000-11-01","/home/ecologia/Documents/Lorena/capas/WorldClim_1970-2020_monthly_recortado/2000-11",31676091,92,10.8000001907349,1,"Test"
"65345","2000-11-01",-96.57321,33.754284,"2000-11-01","/home/ecologia/Documents/Lorena/capas/WorldClim_1970-2020_monthly_recortado/2000-11",39419878,77,17.7999992370605,5.59999990463257,"Train"
"65346","2000-11-01",-72.56962,41.28011,"2000-11-01","/home/ecologia/Documents/Lorena/capas/WorldClim_1970-2020_monthly_recortado/2000-11",29544841,113,11.6000003814697,2,"Test"
"65347","2000-11-01",-76.611786,40.391205,"2000-11-01","/home/ecologia/Documents/Lorena/capas/WorldClim_1970-2020_monthly_recortado/2000-11",30714829,92,11.8000001907349,0.899999976158142,"Train"
"65348","2000-11-01",-97.34255,26.216326,"2000-11-01","/home/ecologia/Documents/Lorena/capas/WorldClim_1970-2020_monthly_recortado/2000-11",49319580,45,23.7999992370605,15.1999998092651,"Train"
"65349","2000-11-01",-94.637505,39.00836,"2000-11-01","/home/ecologia/Documents/Lorena/capas/WorldClim_1970-2020_monthly_recortado/2000-11",32517601,68,11.8000001907349,1.29999995231628,"Train"
"65350","2000-11-01",-79.04253,35.964703,"2000-11-01","/home/ecologia/Documents/Lorena/capas/WorldClim_1970-2020_monthly_recortado/2000-11",36523146,86,17.2000007629395,3.70000004768372,"Train"
"65351","2000-11-01",-95.70944,29.760328,"2000-11-01","/home/ecologia/Documents/Lorena/capas/WorldClim_1970-2020_monthly_recortado/2000-11",44659762,98,22.8999996185303,10.3000001907349,"Train"
"65352","2000-11-01",-93.70781,31.40847,"2000-11-01","/home/ecologia/Documents/Lorena/capas/WorldClim_1970-2020_monthly_recortado/2000-11",42494081,109,20.6000003814697,8.19999980926514,"Train"
"65353","2000-11-01",-98.262314,29.91564,"2000-11-01","/home/ecologia/Documents/Lorena/capas/WorldClim_1970-2020_monthly_recortado/2000-11",44462554,67,21,8.60000038146973,"Train"
"65354","2000-11-01",-101.45306,19.201889,"2000-11-01","/home/ecologia/Documents/Lorena/capas/WorldClim_1970-2020_monthly_recortado/2000-11",58518786,18,28,11.3000001907349,"Train"
"65355","2000-11-01",-97.801834,30.293163,"2000-11-01","/home/ecologia/Documents/Lorena/capas/WorldClim_1970-2020_monthly_recortado/2000-11",43959415,65,20.5,8.89999961853027,"Train"
"65356","2000-11-01",-87.80658,30.68596,"2000-11-01","/home/ecologia/Documents/Lorena/capas/WorldClim_1970-2020_monthly_recortado/2000-11",43446482,122,21.1000003814697,8.5,"Test"
"65357","2000-11-01",-111.76596,34.878086,"2000-11-01","/home/ecologia/Documents/Lorena/capas/WorldClim_1970-2020_monthly_recortado/2000-11",37941290,43,17.3999996185303,2,"Test"
"65358","2000-11-01",-95.36333,30.118788,"2000-11-01","/home/ecologia/Documents/Lorena/capas/WorldClim_1970-2020_monthly_recortado/2000-11",44189427,100,21.8999996185303,9.30000019073486,"Test"
"65359","2000-11-01",-78.94994,38.4154,"2000-11-01","/home/ecologia/Documents/Lorena/capas/WorldClim_1970-2020_monthly_recortado/2000-11",33307092,71,13.3999996185303,0.400000005960464,"Train"
"65360","2000-11-01",-76.53557,38.305832,"2000-11-01","/home/ecologia/Documents/Lorena/capas/WorldClim_1970-2020_monthly_recortado/2000-11",33449588,82,15,3.59999990463257,"Train"
"65361","2000-11-01",-85.81418,35.96066,"2000-11-01","/home/ecologia/Documents/Lorena/capas/WorldClim_1970-2020_monthly_recortado/2000-11",36522334,123,15.6999998092651,2.29999995231628,"Train"
"65362","2000-11-01",-77.81955,40.809708,"2000-11-01","/home/ecologia/Documents/Lorena/capas/WorldClim_1970-2020_monthly_recortado/2000-11",30156795,86,10.1999998092651,0,"Train"
"65363","2000-11-01",-97.997574,26.158825,"2000-11-01","/home/ecologia/Documents/Lorena/capas/WorldClim_1970-2020_monthly_recortado/2000-11",49385136,32,25.7999992370605,14.1000003814697,"Test"
"65364","2000-11-01",-94.58316,33.504585,"2000-11-01","/home/ecologia/Documents/Lorena/capas/WorldClim_1970-2020_monthly_recortado/2000-11",39748287,123,18.3999996185303,5,"Train"
"65365","2000-11-01",-98.29312,29.637518,"2000-11-01","/home/ecologia/Documents/Lorena/capas/WorldClim_1970-2020_monthly_recortado/2000-11",44823537,66,21.2999992370605,8.69999980926514,"Test"
"65366","2000-11-01",-91.98891,30.218107,"2000-11-01","/home/ecologia/Documents/Lorena/capas/WorldClim_1970-2020_monthly_recortado/2000-11",44058564,115,21.7999992370605,9.69999980926514,"Test"
"65367","2000-11-01",-75.998116,40.24699,"2000-11-01","/home/ecologia/Documents/Lorena/capas/WorldClim_1970-2020_monthly_recortado/2000-11",30900866,99,11.3000001907349,1.5,"Train"
"65368","2000-11-01",-75.23129,40.61627,"2000-11-01","/home/ecologia/Documents/Lorena/capas/WorldClim_1970-2020_monthly_recortado/2000-11",30419642,97,12,0.800000011920929,"Train"
"65369","2000-11-01",-84.052864,43.41961,"2000-11-01","/home/ecologia/Documents/Lorena/capas/WorldClim_1970-2020_monthly_recortado/2000-11",26732140,66,7.40000009536743,-0.899999976158142,"Test"
"65370","2000-11-01",-95.63558,29.99721,"2000-11-01","/home/ecologia/Documents/Lorena/capas/WorldClim_1970-2020_monthly_recortado/2000-11",44353479,104,22.3999996185303,9.80000019073486,"Train"
"65371","2000-11-01",-80.931625,44.72434,"2000-11-01","/home/ecologia/Documents/Lorena/capas/WorldClim_1970-2020_monthly_recortado/2000-11",25026031,109,6.09999990463257,-0.200000002980232,"Test"
"65372","2000-11-01",-73.30969,41.134853,"2000-11-01","/home/ecologia/Documents/Lorena/capas/WorldClim_1970-2020_monthly_recortado/2000-11",29730715,107,11.6000003814697,2,"Train"
"65373","2000-11-01",-98.331474,26.162674,"2000-11-01","/home/ecologia/Documents/Lorena/capas/WorldClim_1970-2020_monthly_recortado/2000-11",49385096,25,25.2000007629395,13.8000001907349,"Train"
"65374","2000-11-01",-98.61577,29.81692,"2000-11-01","/home/ecologia/Documents/Lorena/capas/WorldClim_1970-2020_monthly_recortado/2000-11",44582841,68,20.7000007629395,7.30000019073486,"Train"
"65375","2000-11-01",-84.60688,37.173393,"2000-11-01","/home/ecologia/Documents/Lorena/capas/WorldClim_1970-2020_monthly_recortado/2000-11",34936324,107,14.1000003814697,1.89999997615814,"Train"
"65376","2000-11-01",-84.357834,29.907146,"2000-11-01","/home/ecologia/Documents/Lorena/capas/WorldClim_1970-2020_monthly_recortado/2000-11",44475162,83,22.3999996185303,10.8999996185303,"Train"
"65377","2000-11-01",-77.732086,39.462154,"2000-11-01","/home/ecologia/Documents/Lorena/capas/WorldClim_1970-2020_monthly_recortado/2000-11",31928924,81,13,1.5,"Train"
"65378","2000-11-01",-97.69607,26.19065,"2000-11-01","/home/ecologia/Documents/Lorena/capas/WorldClim_1970-2020_monthly_recortado/2000-11",49352355,38,25.3999996185303,14.1000003814697,"Train"
"65379","2000-11-01",-85.57517,44.71335,"2000-11-01","/home/ecologia/Documents/Lorena/capas/WorldClim_1970-2020_monthly_recortado/2000-11",25036412,65,6.90000009536743,-1,"Train"
"65380","2000-11-01",-97.17482,26.14009,"2000-11-01","/home/ecologia/Documents/Lorena/capas/WorldClim_1970-2020_monthly_recortado/2000-11",49418052,45,22.7000007629395,16.6000003814697,"Train"
"65381","2000-11-01",-109.005264,25.789923,"2000-11-01","/home/ecologia/Documents/Lorena/capas/WorldClim_1970-2020_monthly_recortado/2000-11",49876070,22,30.5,16,"Train"
"65382","2000-11-01",-97.27512,32.88341,"2000-11-01","/home/ecologia/Documents/Lorena/capas/WorldClim_1970-2020_monthly_recortado/2000-11",40557449,57,19.2000007629395,6.69999980926514,"Train"
"65383","2000-11-01",-85.87601,40.72917,"2000-11-01","/home/ecologia/Documents/Lorena/capas/WorldClim_1970-2020_monthly_recortado/2000-11",30265218,78,9.69999980926514,0.100000001490116,"Test"
"65384","2000-11-01",-77.39417,40.493134,"2000-11-01","/home/ecologia/Documents/Lorena/capas/WorldClim_1970-2020_monthly_recortado/2000-11",30572528,87,11.1000003814697,0.699999988079071,"Test"
"65385","2000-11-01",-95.6743,30.1872,"2000-11-01","/home/ecologia/Documents/Lorena/capas/WorldClim_1970-2020_monthly_recortado/2000-11",44101878,108,21.5,9,"Test"
"65386","2000-11-01",-81.39414,28.643826,"2000-11-01","/home/ecologia/Documents/Lorena/capas/WorldClim_1970-2020_monthly_recortado/2000-11",46127306,54,25.7000007629395,13.8000001907349,"Train"
"65387","2000-11-01",-76.93657,39.2708,"2000-11-01","/home/ecologia/Documents/Lorena/capas/WorldClim_1970-2020_monthly_recortado/2000-11",32180616,93,13.1999998092651,1.89999997615814,"Train"
"65388","2000-11-01",-82.25426,34.952007,"2000-11-01","/home/ecologia/Documents/Lorena/capas/WorldClim_1970-2020_monthly_recortado/2000-11",37846380,102,16.7999992370605,3.90000009536743,"Train"
"65389","2000-11-01",-106.45673,31.851534,"2000-11-01","/home/ecologia/Documents/Lorena/capas/WorldClim_1970-2020_monthly_recortado/2000-11",41912784,11,19,3.29999995231628,"Test"
"65390","2000-11-01",-72.69772,41.277214,"2000-11-01","/home/ecologia/Documents/Lorena/capas/WorldClim_1970-2020_monthly_recortado/2000-11",29544826,109,11.6000003814697,1.89999997615814,"Train"
"65391","2000-11-01",-98.6788,30.962378,"2000-11-01","/home/ecologia/Documents/Lorena/capas/WorldClim_1970-2020_monthly_recortado/2000-11",43084190,51,20.5,6.19999980926514,"Train"
"65392","2000-11-01",-97.868935,27.906239,"2000-11-01","/home/ecologia/Documents/Lorena/capas/WorldClim_1970-2020_monthly_recortado/2000-11",47098900,39,24.7999992370605,11.8999996185303,"Train"
"65393","2000-11-01",-99.9363,29.736305,"2000-11-01","/home/ecologia/Documents/Lorena/capas/WorldClim_1970-2020_monthly_recortado/2000-11",44692072,40,20.6000003814697,7.30000019073486,"Train"
"65394","2000-11-01",-103.15917,20.349215,"2000-11-01","/home/ecologia/Documents/Lorena/capas/WorldClim_1970-2020_monthly_recortado/2000-11",57019938,14,25.7999992370605,10.5,"Train"
"65395","2000-11-01",-97.90596,31.103148,"2000-11-01","/home/ecologia/Documents/Lorena/capas/WorldClim_1970-2020_monthly_recortado/2000-11",42898320,52,20,7.30000019073486,"Train"
"65396","2000-11-01",-76.81431,39.26668,"2000-11-01","/home/ecologia/Documents/Lorena/capas/WorldClim_1970-2020_monthly_recortado/2000-11",32180631,94,13.5,2.59999990463257,"Train"
"65397","2000-11-01",-94.3941,30.130438,"2000-11-01","/home/ecologia/Documents/Lorena/capas/WorldClim_1970-2020_monthly_recortado/2000-11",44178604,123,21.2999992370605,9.30000019073486,"Train"
"65398","2000-11-01",-98.230995,26.176876,"2000-11-01","/home/ecologia/Documents/Lorena/capas/WorldClim_1970-2020_monthly_recortado/2000-11",49363230,26,25.8999996185303,13.8999996185303,"Train"
"65399","2000-11-01",-97.68005,26.21496,"2000-11-01","/home/ecologia/Documents/Lorena/capas/WorldClim_1970-2020_monthly_recortado/2000-11",49319540,38,25.6000003814697,14.1000003814697,"Train"
"65400","2000-11-01",-82.4394,27.268011,"2000-11-01","/home/ecologia/Documents/Lorena/capas/WorldClim_1970-2020_monthly_recortado/2000-11",47932116,53,26.7999992370605,14.8000001907349,"Train"
"65401","2000-11-01",-95.45165,29.699522,"2000-11-01","/home/ecologia/Documents/Lorena/capas/WorldClim_1970-2020_monthly_recortado/2000-11",44747305,105,23.2000007629395,11.3000001907349,"Test"
"65402","2000-11-01",-90.51751,29.62861,"2000-11-01","/home/ecologia/Documents/Lorena/capas/WorldClim_1970-2020_monthly_recortado/2000-11",44835409,113,22.2999992370605,10.5,"Train"
"65403","2000-11-01",-93.37329,31.397375,"2000-11-01","/home/ecologia/Documents/Lorena/capas/WorldClim_1970-2020_monthly_recortado/2000-11",42515999,113,20.2999992370605,6.40000009536743,"Train"
"65404","2000-11-01",-75.74042,35.69847,"2000-11-01","/home/ecologia/Documents/Lorena/capas/WorldClim_1970-2020_monthly_recortado/2000-11",36873591,98,17.7999992370605,8.5,"Train"
"65405","2000-11-01",-83.73169,32.890064,"2000-11-01","/home/ecologia/Documents/Lorena/capas/WorldClim_1970-2020_monthly_recortado/2000-11",40559075,80,20.2000007629395,6.19999980926514,"Train"
"65406","2000-11-01",-73.25004,42.59031,"2000-11-01","/home/ecologia/Documents/Lorena/capas/WorldClim_1970-2020_monthly_recortado/2000-11",27827336,103,7.09999990463257,-2.5,"Train"
"65407","2000-11-01",-80.140175,41.882046,"2000-11-01","/home/ecologia/Documents/Lorena/capas/WorldClim_1970-2020_monthly_recortado/2000-11",28756325,106,8.39999961853027,0,"Train"
"65408","2000-11-01",-70.93732,43.07762,"2000-11-01","/home/ecologia/Documents/Lorena/capas/WorldClim_1970-2020_monthly_recortado/2000-11",27182213,111,9.5,-0.699999988079071,"Train"
"65409","2000-11-01",-86.97871,40.470413,"2000-11-01","/home/ecologia/Documents/Lorena/capas/WorldClim_1970-2020_monthly_recortado/2000-11",30604195,75,10.1000003814697,0.300000011920929,"Test"
"65410","2000-11-01",-87.55581,37.97474,"2000-11-01","/home/ecologia/Documents/Lorena/capas/WorldClim_1970-2020_monthly_recortado/2000-11",33885826,106,13.8999996185303,3.40000009536743,"Test"
"65411","2000-11-01",-92.39369,38.866905,"2000-11-01","/home/ecologia/Documents/Lorena/capas/WorldClim_1970-2020_monthly_recortado/2000-11",32703833,81,12.1000003814697,1.29999995231628,"Test"
"65412","2000-11-01",-88.33704,43.838993,"2000-11-01","/home/ecologia/Documents/Lorena/capas/WorldClim_1970-2020_monthly_recortado/2000-11",26184676,57,5.80000019073486,-2.70000004768372,"Train"
"65413","2000-11-01",-95.641,29.881,"2000-11-01","/home/ecologia/Documents/Lorena/capas/WorldClim_1970-2020_monthly_recortado/2000-11",44506625,101,23,10.1999998092651,"Train"
"65414","2000-11-01",-76.20347,36.67267,"2000-11-01","/home/ecologia/Documents/Lorena/capas/WorldClim_1970-2020_monthly_recortado/2000-11",35593672,77,17,6.09999990463257,"Train"
"65415","2000-11-01",-82.60926,40.611664,"2000-11-01","/home/ecologia/Documents/Lorena/capas/WorldClim_1970-2020_monthly_recortado/2000-11",30418756,88,9.69999980926514,0,"Test"
"65416","2000-11-01",-90.65558,43.530834,"2000-11-01","/home/ecologia/Documents/Lorena/capas/WorldClim_1970-2020_monthly_recortado/2000-11",26589141,54,6.19999980926514,-3.40000009536743,"Train"
"65417","2000-11-01",-98.20188,26.28145,"2000-11-01","/home/ecologia/Documents/Lorena/capas/WorldClim_1970-2020_monthly_recortado/2000-11",49231965,26,26,13.8999996185303,"Train"
"65418","2000-11-01",-90.214584,30.027517,"2000-11-01","/home/ecologia/Documents/Lorena/capas/WorldClim_1970-2020_monthly_recortado/2000-11",44310374,120,22.6000003814697,10.5,"Train"
"65419","2000-11-01",-79.05406,35.929558,"2000-11-01","/home/ecologia/Documents/Lorena/capas/WorldClim_1970-2020_monthly_recortado/2000-11",36566901,86,17.3999996185303,3.70000004768372,"Train"
"65420","2000-11-01",-72.92674,40.955853,"2000-11-01","/home/ecologia/Documents/Lorena/capas/WorldClim_1970-2020_monthly_recortado/2000-11",29971419,102,11.6999998092651,3.20000004768372,"Train"
"65421","2000-11-01",-90.2096,29.9466,"2000-11-01","/home/ecologia/Documents/Lorena/capas/WorldClim_1970-2020_monthly_recortado/2000-11",44419764,120,22.1000003814697,10.6999998092651,"Train"
"65422","2000-11-01",-98.17854,30.158289,"2000-11-01","/home/ecologia/Documents/Lorena/capas/WorldClim_1970-2020_monthly_recortado/2000-11",44145333,64,20.6000003814697,7.59999990463257,"Train"
"65423","2000-11-01",-72.99852,41.227264,"2000-11-01","/home/ecologia/Documents/Lorena/capas/WorldClim_1970-2020_monthly_recortado/2000-11",29610424,103,11.6999998092651,1.89999997615814,"Test"
"65424","2000-11-01",-99.1162,26.514858,"2000-11-01","/home/ecologia/Documents/Lorena/capas/WorldClim_1970-2020_monthly_recortado/2000-11",48925564,24,25.7000007629395,12.5,"Test"
"65425","2000-11-01",-99.04232,18.96388,"2000-11-01","/home/ecologia/Documents/Lorena/capas/WorldClim_1970-2020_monthly_recortado/2000-11",58836306,14,26,12,"Train"
"65426","2000-11-01",-76.72141,40.312412,"2000-11-01","/home/ecologia/Documents/Lorena/capas/WorldClim_1970-2020_monthly_recortado/2000-11",30813267,91,11.8000001907349,1,"Train"
"65427","2000-11-01",-78.97342,38.465755,"2000-11-01","/home/ecologia/Documents/Lorena/capas/WorldClim_1970-2020_monthly_recortado/2000-11",33241455,71,13.1000003814697,0.200000002980232,"Test"
"65428","2000-11-01",-81.2445,42.985184,"2000-11-01","/home/ecologia/Documents/Lorena/capas/WorldClim_1970-2020_monthly_recortado/2000-11",27301305,97,7.5,0.300000011920929,"Test"
"65429","2000-11-01",-84.74819,39.48483,"2000-11-01","/home/ecologia/Documents/Lorena/capas/WorldClim_1970-2020_monthly_recortado/2000-11",31895265,89,11.3000001907349,0.400000005960464,"Train"
"65430","2000-11-01",-96.31519,30.478008,"2000-11-01","/home/ecologia/Documents/Lorena/capas/WorldClim_1970-2020_monthly_recortado/2000-11",43718936,83,21.5,9,"Train"
"65431","2000-11-01",-84.36832,39.625374,"2000-11-01","/home/ecologia/Documents/Lorena/capas/WorldClim_1970-2020_monthly_recortado/2000-11",31709347,83,11.3999996185303,0.600000023841858,"Train"
"65432","2000-11-01",-106.50384,31.80127,"2000-11-01","/home/ecologia/Documents/Lorena/capas/WorldClim_1970-2020_monthly_recortado/2000-11",41978412,11,19.2999992370605,3.40000009536743,"Train"
"65433","2000-11-01",-90.20799,29.928488,"2000-11-01","/home/ecologia/Documents/Lorena/capas/WorldClim_1970-2020_monthly_recortado/2000-11",44441643,119,22,10.6999998092651,"Train"
"65434","2000-11-01",-103.73165,30.379438,"2000-11-01","/home/ecologia/Documents/Lorena/capas/WorldClim_1970-2020_monthly_recortado/2000-11",43849314,12,19.5,3.09999990463257,"Test"
"65435","2000-11-01",-94.88711,29.8789,"2000-11-01","/home/ecologia/Documents/Lorena/capas/WorldClim_1970-2020_monthly_recortado/2000-11",44506715,121,22.2000007629395,10.1999998092651,"Train"
"65436","2000-11-01",-97.40693,35.647976,"2000-11-01","/home/ecologia/Documents/Lorena/capas/WorldClim_1970-2020_monthly_recortado/2000-11",36936625,65,15.6999998092651,3.40000009536743,"Train"
"65437","2000-11-01",-77.89121,39.917103,"2000-11-01","/home/ecologia/Documents/Lorena/capas/WorldClim_1970-2020_monthly_recortado/2000-11",31327260,83,11.6999998092651,1.10000002384186,"Train"
"65438","2000-11-01",-96.40475,30.592142,"2000-11-01","/home/ecologia/Documents/Lorena/capas/WorldClim_1970-2020_monthly_recortado/2000-11",43565779,80,21.2000007629395,9,"Test"
"65439","2000-11-01",-97.49342,30.957104,"2000-11-01","/home/ecologia/Documents/Lorena/capas/WorldClim_1970-2020_monthly_recortado/2000-11",43095271,66,20.6000003814697,7.59999990463257,"Test"
"65440","2000-11-01",-100.39478,31.486052,"2000-11-01","/home/ecologia/Documents/Lorena/capas/WorldClim_1970-2020_monthly_recortado/2000-11",42394827,29,20.5,4.69999980926514,"Train"
"65441","2000-11-01",-98.479324,29.584103,"2000-11-01","/home/ecologia/Documents/Lorena/capas/WorldClim_1970-2020_monthly_recortado/2000-11",44889149,62,21.6000003814697,9.19999980926514,"Train"
"65442","2000-11-01",-90.44971,30.44613,"2000-11-01","/home/ecologia/Documents/Lorena/capas/WorldClim_1970-2020_monthly_recortado/2000-11",43763396,121,21.6000003814697,8.5,"Train"
"65443","2000-11-01",-97.38519,35.63808,"2000-11-01","/home/ecologia/Documents/Lorena/capas/WorldClim_1970-2020_monthly_recortado/2000-11",36947566,65,15.6999998092651,3.40000009536743,"Train"
"65444","2000-11-01",-87.12892,37.50079,"2000-11-01","/home/ecologia/Documents/Lorena/capas/WorldClim_1970-2020_monthly_recortado/2000-11",34498461,109,14.3999996185303,2.70000004768372,"Train"
"65445","2000-11-01",-98.249275,29.843626,"2000-11-01","/home/ecologia/Documents/Lorena/capas/WorldClim_1970-2020_monthly_recortado/2000-11",44550068,67,20.7999992370605,8.69999980926514,"Train"
"65446","2000-11-01",-95.59753,29.610056,"2000-11-01","/home/ecologia/Documents/Lorena/capas/WorldClim_1970-2020_monthly_recortado/2000-11",44856678,100,23,10.8999996185303,"Test"
"65447","2000-11-01",-97.99871,26.145317,"2000-11-01","/home/ecologia/Documents/Lorena/capas/WorldClim_1970-2020_monthly_recortado/2000-11",49407014,32,25.7000007629395,14,"Test"
"65448","2000-11-01",-73.95238,40.793728,"2000-11-01","/home/ecologia/Documents/Lorena/capas/WorldClim_1970-2020_monthly_recortado/2000-11",30179137,105,12.3000001907349,3.90000009536743,"Train"
"65449","2000-11-01",-97.50087,30.08712,"2000-11-01","/home/ecologia/Documents/Lorena/capas/WorldClim_1970-2020_monthly_recortado/2000-11",44232926,73,21.3999996185303,8.39999961853027,"Train"
"65450","2000-11-01",-104.095566,30.691044,"2000-11-01","/home/ecologia/Documents/Lorena/capas/WorldClim_1970-2020_monthly_recortado/2000-11",43444527,17,16.1000003814697,2.59999990463257,"Test"
"65451","2000-11-01",-77.01244,35.01166,"2000-11-01","/home/ecologia/Documents/Lorena/capas/WorldClim_1970-2020_monthly_recortado/2000-11",37770436,84,18.7999992370605,6.5,"Train"
"65452","2000-11-01",-82.45793,40.40639,"2000-11-01","/home/ecologia/Documents/Lorena/capas/WorldClim_1970-2020_monthly_recortado/2000-11",30692250,86,10.5,0,"Test"
"65453","2000-11-01",-79.22811,37.434845,"2000-11-01","/home/ecologia/Documents/Lorena/capas/WorldClim_1970-2020_monthly_recortado/2000-11",34586921,81,15,2.29999995231628,"Test"
"65454","2000-11-01",-99.8661,29.7745,"2000-11-01","/home/ecologia/Documents/Lorena/capas/WorldClim_1970-2020_monthly_recortado/2000-11",44648325,42,20.2000007629395,6.90000009536743,"Train"
"65455","2000-11-01",-81.18547,41.784946,"2000-11-01","/home/ecologia/Documents/Lorena/capas/WorldClim_1970-2020_monthly_recortado/2000-11",28876528,95,10,1.70000004768372,"Train"
"65456","2000-11-01",-95.66547,29.591446,"2000-11-01","/home/ecologia/Documents/Lorena/capas/WorldClim_1970-2020_monthly_recortado/2000-11",44889487,100,22.7000007629395,10.3999996185303,"Train"
"65457","2000-11-01",-76.309105,43.22527,"2000-11-01","/home/ecologia/Documents/Lorena/capas/WorldClim_1970-2020_monthly_recortado/2000-11",26984666,104,8.19999980926514,0.200000002980232,"Train"
"65458","2000-11-01",-80.321625,36.100082,"2000-11-01","/home/ecologia/Documents/Lorena/capas/WorldClim_1970-2020_monthly_recortado/2000-11",36337030,75,16.5,2.90000009536743,"Train"
"65459","2000-11-01",-73.13298,41.16612,"2000-11-01","/home/ecologia/Documents/Lorena/capas/WorldClim_1970-2020_monthly_recortado/2000-11",29697920,104,11.8999996185303,2.59999990463257,"Train"
"65460","2000-11-01",-95.55836,29.127493,"2000-11-01","/home/ecologia/Documents/Lorena/capas/WorldClim_1970-2020_monthly_recortado/2000-11",45491144,114,22.3999996185303,11.1000003814697,"Train"
"65461","2000-11-01",-86.7057,36.11184,"2000-11-01","/home/ecologia/Documents/Lorena/capas/WorldClim_1970-2020_monthly_recortado/2000-11",36325325,113,16.2000007629395,3.5,"Train"
"65462","2000-11-01",-84.939964,41.757652,"2000-11-01","/home/ecologia/Documents/Lorena/capas/WorldClim_1970-2020_monthly_recortado/2000-11",28919834,74,8.39999961853027,-1,"Train"
"65463","2000-11-01",-95.47578,29.046482,"2000-11-01","/home/ecologia/Documents/Lorena/capas/WorldClim_1970-2020_monthly_recortado/2000-11",45600544,118,22.3999996185303,11.6000003814697,"Train"
"65464","2000-11-01",-75.09511,40.085785,"2000-11-01","/home/ecologia/Documents/Lorena/capas/WorldClim_1970-2020_monthly_recortado/2000-11",31108815,95,12.8000001907349,2.40000009536743,"Train"
"65465","2000-11-01",-86.74361,33.534985,"2000-11-01","/home/ecologia/Documents/Lorena/capas/WorldClim_1970-2020_monthly_recortado/2000-11",39705471,115,18.6000003814697,4.90000009536743,"Test"
"65466","2000-11-01",-95.164,29.857,"2000-11-01","/home/ecologia/Documents/Lorena/capas/WorldClim_1970-2020_monthly_recortado/2000-11",44539499,110,22.1000003814697,10.6000003814697,"Train"
"65467","2000-11-01",-90.492065,30.097548,"2000-11-01","/home/ecologia/Documents/Lorena/capas/WorldClim_1970-2020_monthly_recortado/2000-11",44222828,115,21.7000007629395,9.89999961853027,"Train"
"65468","2000-11-01",-76.44682,39.553146,"2000-11-01","/home/ecologia/Documents/Lorena/capas/WorldClim_1970-2020_monthly_recortado/2000-11",31808749,96,12.5,2.5,"Train"
"65469","2000-11-01",-98.643166,29.894728,"2000-11-01","/home/ecologia/Documents/Lorena/capas/WorldClim_1970-2020_monthly_recortado/2000-11",44484386,66,20.8999996185303,7,"Train"
"65470","2000-11-01",-96.505875,16.172817,"2000-11-01","/home/ecologia/Documents/Lorena/capas/WorldClim_1970-2020_monthly_recortado/2000-11",62501176,22,21,10.5,"Train"
"65471","2000-11-01",-97.84303,30.247776,"2000-11-01","/home/ecologia/Documents/Lorena/capas/WorldClim_1970-2020_monthly_recortado/2000-11",44025044,66,20.7000007629395,8.69999980926514,"Train"
"65472","2000-11-01",-89.06188,34.31977,"2000-11-01","/home/ecologia/Documents/Lorena/capas/WorldClim_1970-2020_monthly_recortado/2000-11",38676927,134,17.2999992370605,4.09999990463257,"Train"
"65473","2000-11-01",-83.4809,43.279716,"2000-11-01","/home/ecologia/Documents/Lorena/capas/WorldClim_1970-2020_monthly_recortado/2000-11",26918172,66,7.69999980926514,-0.699999988079071,"Test"
"65474","2000-11-01",-103.567795,19.613722,"2000-11-01","/home/ecologia/Documents/Lorena/capas/WorldClim_1970-2020_monthly_recortado/2000-11",57982521,47,17.6000003814697,6.19999980926514,"Train"
"65475","2000-11-01",-95.426285,29.19048,"2000-11-01","/home/ecologia/Documents/Lorena/capas/WorldClim_1970-2020_monthly_recortado/2000-11",45414587,118,22.3999996185303,11,"Train"
"65476","2000-11-01",-98.62802,29.897915,"2000-11-01","/home/ecologia/Documents/Lorena/capas/WorldClim_1970-2020_monthly_recortado/2000-11",44484388,66,20.7999992370605,7,"Train"
"65477","2000-11-01",-79.104065,43.107475,"2000-11-01","/home/ecologia/Documents/Lorena/capas/WorldClim_1970-2020_monthly_recortado/2000-11",27148416,94,8.19999980926514,1,"Train"
"65478","2000-11-01",-96.51049,17.014847,"2000-11-01","/home/ecologia/Documents/Lorena/capas/WorldClim_1970-2020_monthly_recortado/2000-11",61396336,13,27.7000007629395,11.1999998092651,"Test"
"65479","2000-11-01",-92.02556,46.8355,"2000-11-01","/home/ecologia/Documents/Lorena/capas/WorldClim_1970-2020_monthly_recortado/2000-11",22246193,50,3.40000009536743,-4.30000019073486,"Train"
"65480","2000-11-01",-103.70574,19.852139,"2000-11-01","/home/ecologia/Documents/Lorena/capas/WorldClim_1970-2020_monthly_recortado/2000-11",57665274,32,21.2999992370605,6.69999980926514,"Train"
"65481","2000-11-01",-97.08734,28.00396,"2000-11-01","/home/ecologia/Documents/Lorena/capas/WorldClim_1970-2020_monthly_recortado/2000-11",46967726,52,23.2999992370605,13.6000003814697,"Train"
"65482","2000-11-01",-97.136826,32.871735,"2000-11-01","/home/ecologia/Documents/Lorena/capas/WorldClim_1970-2020_monthly_recortado/2000-11",40579344,58,19.1000003814697,7,"Train"
"65483","2000-11-01",-96.54357,29.800243,"2000-11-01","/home/ecologia/Documents/Lorena/capas/WorldClim_1970-2020_monthly_recortado/2000-11",44604967,89,22.2999992370605,8.80000019073486,"Train"
"65484","2000-11-01",-97.59048,30.976568,"2000-11-01","/home/ecologia/Documents/Lorena/capas/WorldClim_1970-2020_monthly_recortado/2000-11",43062443,64,20.1000003814697,7.90000009536743,"Test"
"65485","2000-11-01",-101.21334,17.982082,"2000-11-01","/home/ecologia/Documents/Lorena/capas/WorldClim_1970-2020_monthly_recortado/2000-11",60126848,29,27.1000003814697,13.8000001907349,"Test"
"65486","2000-11-01",-83.80281,42.589066,"2000-11-01","/home/ecologia/Documents/Lorena/capas/WorldClim_1970-2020_monthly_recortado/2000-11",27826070,64,7.80000019073486,-0.699999988079071,"Test"
"65487","2000-11-01",-98.504456,29.184578,"2000-11-01","/home/ecologia/Documents/Lorena/capas/WorldClim_1970-2020_monthly_recortado/2000-11",45414218,49,22.2000007629395,9.60000038146973,"Train"
"65488","2000-11-01",-103.66699,30.349176,"2000-11-01","/home/ecologia/Documents/Lorena/capas/WorldClim_1970-2020_monthly_recortado/2000-11",43893077,12,20.2999992370605,2.79999995231628,"Train"
"65489","2000-11-01",-84.26613,30.475388,"2000-11-01","/home/ecologia/Documents/Lorena/capas/WorldClim_1970-2020_monthly_recortado/2000-11",43720382,90,22.6000003814697,9,"Train"
"65490","2000-11-01",-95.11257,29.61233,"2000-11-01","/home/ecologia/Documents/Lorena/capas/WorldClim_1970-2020_monthly_recortado/2000-11",44856736,108,22.2000007629395,11.6999998092651,"Train"
"65491","2000-11-01",-103.98637,20.768152,"2000-11-01","/home/ecologia/Documents/Lorena/capas/WorldClim_1970-2020_monthly_recortado/2000-11",56461950,12,28.7999992370605,9.69999980926514,"Test"
"65492","2000-11-01",-99.19605,19.032383,"2000-11-01","/home/ecologia/Documents/Lorena/capas/WorldClim_1970-2020_monthly_recortado/2000-11",58748776,18,20.1000003814697,6.19999980926514,"Train"
"65493","2000-11-01",-87.30785,30.41798,"2000-11-01","/home/ecologia/Documents/Lorena/capas/WorldClim_1970-2020_monthly_recortado/2000-11",43796590,111,21.3999996185303,10.3000001907349,"Train"
"65494","2000-11-01",-80.322174,37.190536,"2000-11-01","/home/ecologia/Documents/Lorena/capas/WorldClim_1970-2020_monthly_recortado/2000-11",34914960,77,13.8000001907349,0.800000011920929,"Train"
"65495","2000-11-01",-95.60314,29.746527,"2000-11-01","/home/ecologia/Documents/Lorena/capas/WorldClim_1970-2020_monthly_recortado/2000-11",44681653,100,23,10.8000001907349,"Train"
"65496","2000-11-01",-88.311966,30.856781,"2000-11-01","/home/ecologia/Documents/Lorena/capas/WorldClim_1970-2020_monthly_recortado/2000-11",43227641,123,21.1000003814697,7.59999990463257,"Test"
"65497","2000-11-01",-75.45832,40.722473,"2000-11-01","/home/ecologia/Documents/Lorena/capas/WorldClim_1970-2020_monthly_recortado/2000-11",30277408,100,11.5,0.100000001490116,"Train"
"65498","2000-11-01",-103.672485,30.382353,"2000-11-01","/home/ecologia/Documents/Lorena/capas/WorldClim_1970-2020_monthly_recortado/2000-11",43849321,11,20.2999992370605,2.70000004768372,"Test"
"65499","2000-11-01",-75.58905,40.353214,"2000-11-01","/home/ecologia/Documents/Lorena/capas/WorldClim_1970-2020_monthly_recortado/2000-11",30758708,97,12.1000003814697,1,"Train"
"65500","2000-11-01",-98.83777,29.537624,"2000-11-01","/home/ecologia/Documents/Lorena/capas/WorldClim_1970-2020_monthly_recortado/2000-11",44954740,53,20.7999992370605,8.30000019073486,"Test"
"65501","2000-11-01",-97.8368,28.0106,"2000-11-01","/home/ecologia/Documents/Lorena/capas/WorldClim_1970-2020_monthly_recortado/2000-11",46956697,40,24.2999992370605,11.6000003814697,"Test"
"65502","2000-11-01",-98.499695,29.310596,"2000-11-01","/home/ecologia/Documents/Lorena/capas/WorldClim_1970-2020_monthly_recortado/2000-11",45250134,52,22.2000007629395,9.60000038146973,"Train"
"65503","2000-11-01",-74.19289,39.93902,"2000-11-01","/home/ecologia/Documents/Lorena/capas/WorldClim_1970-2020_monthly_recortado/2000-11",31305825,97,13.5,2.90000009536743,"Test"
"65504","2000-11-01",-90.144455,30.008593,"2000-11-01","/home/ecologia/Documents/Lorena/capas/WorldClim_1970-2020_monthly_recortado/2000-11",44332260,119,22.5,10.6999998092651,"Train"
"65505","2000-11-01",-73.34721,40.8959,"2000-11-01","/home/ecologia/Documents/Lorena/capas/WorldClim_1970-2020_monthly_recortado/2000-11",30047942,100,11.8000001907349,3.29999995231628,"Train"
"65506","2000-11-01",-75.29358,40.784172,"2000-11-01","/home/ecologia/Documents/Lorena/capas/WorldClim_1970-2020_monthly_recortado/2000-11",30189915,100,11.3999996185303,0.100000001490116,"Test"
"65507","2000-11-01",-92.374725,30.219723,"2000-11-01","/home/ecologia/Documents/Lorena/capas/WorldClim_1970-2020_monthly_recortado/2000-11",44058518,114,21.5,9.5,"Test"
"65508","2000-11-01",-76.71246,39.484055,"2000-11-01","/home/ecologia/Documents/Lorena/capas/WorldClim_1970-2020_monthly_recortado/2000-11",31896229,94,12.3999996185303,2.09999990463257,"Test"
"65509","2000-11-01",-84.02576,39.010582,"2000-11-01","/home/ecologia/Documents/Lorena/capas/WorldClim_1970-2020_monthly_recortado/2000-11",32518874,89,12.1000003814697,1.10000002384186,"Train"
"65510","2000-11-01",-74.954544,38.988014,"2000-11-01","/home/ecologia/Documents/Lorena/capas/WorldClim_1970-2020_monthly_recortado/2000-11",32552780,83,13.8000001907349,4.5,"Train"
"65511","2000-11-01",-80.09174,40.40638,"2000-11-01","/home/ecologia/Documents/Lorena/capas/WorldClim_1970-2020_monthly_recortado/2000-11",30692533,75,11.6000003814697,0.699999988079071,"Train"
"65512","2000-11-01",-98.261894,26.097263,"2000-11-01","/home/ecologia/Documents/Lorena/capas/WorldClim_1970-2020_monthly_recortado/2000-11",49472616,26,25.3999996185303,14.3000001907349,"Test"
"65513","2000-11-01",-99.70333,17.550941,"2000-11-01","/home/ecologia/Documents/Lorena/capas/WorldClim_1970-2020_monthly_recortado/2000-11",60684918,33,23.1000003814697,11.3000001907349,"Train"
"65514","2000-11-01",-84.08942,39.626717,"2000-11-01","/home/ecologia/Documents/Lorena/capas/WorldClim_1970-2020_monthly_recortado/2000-11",31709381,82,11.1999998092651,0.899999976158142,"Test"
"65515","2000-11-01",-104.77459,23.985643,"2000-11-01","/home/ecologia/Documents/Lorena/capas/WorldClim_1970-2020_monthly_recortado/2000-11",52239402,16,22.5,3.40000009536743,"Test"
"65516","2000-11-01",-97.99036,18.784767,"2000-11-01","/home/ecologia/Documents/Lorena/capas/WorldClim_1970-2020_monthly_recortado/2000-11",59066152,9,23.7999992370605,6.80000019073486,"Test"
"65517","2000-11-01",-98.25613,30.59381,"2000-11-01","/home/ecologia/Documents/Lorena/capas/WorldClim_1970-2020_monthly_recortado/2000-11",43565557,56,20.8999996185303,7.19999980926514,"Train"
"65518","2000-11-01",-78.871544,39.932354,"2000-11-01","/home/ecologia/Documents/Lorena/capas/WorldClim_1970-2020_monthly_recortado/2000-11",31316203,91,8.39999961853027,-0.200000002980232,"Train"
"65519","2000-11-01",-122.26823,47.7617,"2000-11-01","/home/ecologia/Documents/Lorena/capas/WorldClim_1970-2020_monthly_recortado/2000-11",21028335,146,10,3.5,"Test"
"65520","2000-11-01",-95.12222,29.50504,"2000-11-01","/home/ecologia/Documents/Lorena/capas/WorldClim_1970-2020_monthly_recortado/2000-11",44998942,108,22,11.6999998092651,"Train"
"65521","2000-11-01",-75.13299,40.3989,"2000-11-01","/home/ecologia/Documents/Lorena/capas/WorldClim_1970-2020_monthly_recortado/2000-11",30704068,100,11.8999996185303,0.899999976158142,"Train"
"65522","2000-11-01",-103.77085,30.373278,"2000-11-01","/home/ecologia/Documents/Lorena/capas/WorldClim_1970-2020_monthly_recortado/2000-11",43860248,12,19.1000003814697,3,"Train"
"65523","2000-11-01",-98.34366,26.213205,"2000-11-01","/home/ecologia/Documents/Lorena/capas/WorldClim_1970-2020_monthly_recortado/2000-11",49319460,25,26,13.6999998092651,"Train"
"65524","2000-11-01",-94.81933,29.911633,"2000-11-01","/home/ecologia/Documents/Lorena/capas/WorldClim_1970-2020_monthly_recortado/2000-11",44462967,121,21.7999992370605,10.1000003814697,"Train"
"65525","2000-11-01",-83.19397,42.21361,"2000-11-01","/home/ecologia/Documents/Lorena/capas/WorldClim_1970-2020_monthly_recortado/2000-11",28318398,74,8.80000019073486,0.600000023841858,"Train"
"65526","2000-11-01",-85.61858,42.900078,"2000-11-01","/home/ecologia/Documents/Lorena/capas/WorldClim_1970-2020_monthly_recortado/2000-11",27410170,83,8.30000019073486,-0.200000002980232,"Train"
"65527","2000-11-01",-84.41669,34.13361,"2000-11-01","/home/ecologia/Documents/Lorena/capas/WorldClim_1970-2020_monthly_recortado/2000-11",38918142,98,16.7999992370605,4.59999990463257,"Train"
"65528","2000-11-01",-88.38096,42.069073,"2000-11-01","/home/ecologia/Documents/Lorena/capas/WorldClim_1970-2020_monthly_recortado/2000-11",28503739,73,8,-1.5,"Test"
"65529","2000-11-01",-79.919655,40.431625,"2000-11-01","/home/ecologia/Documents/Lorena/capas/WorldClim_1970-2020_monthly_recortado/2000-11",30659737,78,11.6999998092651,0.800000011920929,"Test"
"65530","2000-11-01",-98.107124,29.69597,"2000-11-01","/home/ecologia/Documents/Lorena/capas/WorldClim_1970-2020_monthly_recortado/2000-11",44746987,67,22,8.80000019073486,"Train"
"65531","2000-11-01",-101.08127,19.658802,"2000-11-01","/home/ecologia/Documents/Lorena/capas/WorldClim_1970-2020_monthly_recortado/2000-11",57917186,18,21.5,7.69999980926514,"Train"
"65532","2000-11-01",-101.36132,19.70189,"2000-11-01","/home/ecologia/Documents/Lorena/capas/WorldClim_1970-2020_monthly_recortado/2000-11",57862457,15,23.7999992370605,5.5,"Test"
"65533","2000-11-01",-90.5601,29.6957,"2000-11-01","/home/ecologia/Documents/Lorena/capas/WorldClim_1970-2020_monthly_recortado/2000-11",44747892,113,22.2999992370605,10.3999996185303,"Train"
"65534","2000-11-01",-97.81247,30.650957,"2000-11-01","/home/ecologia/Documents/Lorena/capas/WorldClim_1970-2020_monthly_recortado/2000-11",43489037,64,20.5,7.59999990463257,"Train"
"65535","2000-11-01",-94.28241,30.212261,"2000-11-01","/home/ecologia/Documents/Lorena/capas/WorldClim_1970-2020_monthly_recortado/2000-11",44069228,121,21,9,"Train"
"65536","2000-11-01",-82.49029,29.70658,"2000-11-01","/home/ecologia/Documents/Lorena/capas/WorldClim_1970-2020_monthly_recortado/2000-11",44737922,60,24.5,10.1999998092651,"Train"
"65537","2000-11-01",-149.77829,61.12173,"2000-11-01","/home/ecologia/Documents/Lorena/capas/WorldClim_1970-2020_monthly_recortado/2000-11",3489817,68,-2.29999995231628,-8.80000019073486,"Train"
"65538","2000-11-01",-98.22127,29.990015,"2000-11-01","/home/ecologia/Documents/Lorena/capas/WorldClim_1970-2020_monthly_recortado/2000-11",44364108,68,20.7999992370605,7.80000019073486,"Train"
"65539","2000-11-01",-95.54287,29.560678,"2000-11-01","/home/ecologia/Documents/Lorena/capas/WorldClim_1970-2020_monthly_recortado/2000-11",44922318,102,22.6000003814697,10.5,"Train"
"65540","2000-11-01",-79.205666,38.053993,"2000-11-01","/home/ecologia/Documents/Lorena/capas/WorldClim_1970-2020_monthly_recortado/2000-11",33777438,89,12.8000001907349,0,"Train"
"65541","2000-11-01",-82.40485,34.92412,"2000-11-01","/home/ecologia/Documents/Lorena/capas/WorldClim_1970-2020_monthly_recortado/2000-11",37890118,119,16.2999992370605,3.90000009536743,"Train"
"65542","2000-11-01",-80.520134,41.448322,"2000-11-01","/home/ecologia/Documents/Lorena/capas/WorldClim_1970-2020_monthly_recortado/2000-11",29325107,90,9.30000019073486,-0.100000001490116,"Test"
"65543","2000-11-01",-96.61795,17.1863,"2000-11-01","/home/ecologia/Documents/Lorena/capas/WorldClim_1970-2020_monthly_recortado/2000-11",61166604,36,14.5,5.40000009536743,"Test"
"65544","2000-11-01",-88.274376,42.098625,"2000-11-01","/home/ecologia/Documents/Lorena/capas/WorldClim_1970-2020_monthly_recortado/2000-11",28470935,72,8.5,-0.899999976158142,"Train"
"65545","2000-11-01",-74.10665,39.757195,"2000-11-01","/home/ecologia/Documents/Lorena/capas/WorldClim_1970-2020_monthly_recortado/2000-11",31546494,96,13.3999996185303,4.5,"Test"
"65546","2000-11-01",-92.19452,29.61167,"2000-11-01","/home/ecologia/Documents/Lorena/capas/WorldClim_1970-2020_monthly_recortado/2000-11",44857086,102,21.7999992370605,11.6000003814697,"Train"
"65547","2000-11-01",-98.37685,26.219364,"2000-11-01","/home/ecologia/Documents/Lorena/capas/WorldClim_1970-2020_monthly_recortado/2000-11",49308517,24,25.8999996185303,13.6999998092651,"Test"
"65548","2000-11-01",-97.9098,30.22189,"2000-11-01","/home/ecologia/Documents/Lorena/capas/WorldClim_1970-2020_monthly_recortado/2000-11",44057853,65,20.5,8.19999980926514,"Train"
"65549","2000-11-01",-82.887115,40.07338,"2000-11-01","/home/ecologia/Documents/Lorena/capas/WorldClim_1970-2020_monthly_recortado/2000-11",31129758,81,11.3000001907349,1,"Train"
"65550","2000-11-01",-87.58026,34.844803,"2000-11-01","/home/ecologia/Documents/Lorena/capas/WorldClim_1970-2020_monthly_recortado/2000-11",37987948,127,17.2000007629395,4.5,"Train"
"65551","2000-11-01",-73.21877,41.256783,"2000-11-01","/home/ecologia/Documents/Lorena/capas/WorldClim_1970-2020_monthly_recortado/2000-11",29577580,113,11.1000003814697,1.39999997615814,"Train"
"65552","2000-11-01",-91.57431,41.679,"2000-11-01","/home/ecologia/Documents/Lorena/capas/WorldClim_1970-2020_monthly_recortado/2000-11",29017489,55,8.39999961853027,-1.20000004768372,"Test"
"65553","2000-11-01",-99.145294,26.583614,"2000-11-01","/home/ecologia/Documents/Lorena/capas/WorldClim_1970-2020_monthly_recortado/2000-11",48827109,24,24.8999996185303,13.1999998092651,"Test"
"65554","2000-11-01",-93.97955,29.978271,"2000-11-01","/home/ecologia/Documents/Lorena/capas/WorldClim_1970-2020_monthly_recortado/2000-11",44375556,119,22.2000007629395,10.3000001907349,"Train"
"65555","2000-11-01",-95.608696,29.875034,"2000-11-01","/home/ecologia/Documents/Lorena/capas/WorldClim_1970-2020_monthly_recortado/2000-11",44506628,104,22.8999996185303,10.1000003814697,"Train"
"65556","2000-11-01",-80.53183,34.894062,"2000-11-01","/home/ecologia/Documents/Lorena/capas/WorldClim_1970-2020_monthly_recortado/2000-11",37923160,84,17.6000003814697,4.40000009536743,"Test"
"65557","2000-11-01",-74.72789,40.35491,"2000-11-01","/home/ecologia/Documents/Lorena/capas/WorldClim_1970-2020_monthly_recortado/2000-11",30758811,99,12.3999996185303,1.39999997615814,"Train"
"65558","2000-11-01",-89.76543,43.079903,"2000-11-01","/home/ecologia/Documents/Lorena/capas/WorldClim_1970-2020_monthly_recortado/2000-11",27179954,54,6.59999990463257,-3.20000004768372,"Train"
"65559","2000-11-01",-89.87736,45.462147,"2000-11-01","/home/ecologia/Documents/Lorena/capas/WorldClim_1970-2020_monthly_recortado/2000-11",24051386,54,3,-5.90000009536743,"Train"
"65560","2000-11-01",-96.30692,30.542036,"2000-11-01","/home/ecologia/Documents/Lorena/capas/WorldClim_1970-2020_monthly_recortado/2000-11",43631425,82,21.2999992370605,8.89999961853027,"Train"
"65561","2000-11-01",-95.62884,29.824728,"2000-11-01","/home/ecologia/Documents/Lorena/capas/WorldClim_1970-2020_monthly_recortado/2000-11",44583199,101,22.5,10.1999998092651,"Train"
"65562","2000-11-01",-84.79906,37.552315,"2000-11-01","/home/ecologia/Documents/Lorena/capas/WorldClim_1970-2020_monthly_recortado/2000-11",34433107,103,13.6000003814697,2.20000004768372,"Train"
"65563","2000-11-01",-80.26873,27.10239,"2000-11-01","/home/ecologia/Documents/Lorena/capas/WorldClim_1970-2020_monthly_recortado/2000-11",48151156,88,26.8999996185303,16.7999992370605,"Train"
"65564","2000-11-01",-85.50471,42.398502,"2000-11-01","/home/ecologia/Documents/Lorena/capas/WorldClim_1970-2020_monthly_recortado/2000-11",28077463,75,8.30000019073486,-0.699999988079071,"Train"
"65565","2000-11-01",-71.616554,42.269226,"2000-11-01","/home/ecologia/Documents/Lorena/capas/WorldClim_1970-2020_monthly_recortado/2000-11",28243215,114,10.8999996185303,-0.100000001490116,"Train"
"65566","2000-11-01",-87.57201,38.35082,"2000-11-01","/home/ecologia/Documents/Lorena/capas/WorldClim_1970-2020_monthly_recortado/2000-11",33382630,110,12.6999998092651,2.59999990463257,"Test"
"65567","2000-11-01",-97.96543,30.309393,"2000-11-01","/home/ecologia/Documents/Lorena/capas/WorldClim_1970-2020_monthly_recortado/2000-11",43937518,64,20.5,8.19999980926514,"Test"
"65568","2000-11-01",-74.80696,40.228584,"2000-11-01","/home/ecologia/Documents/Lorena/capas/WorldClim_1970-2020_monthly_recortado/2000-11",30922887,95,13.1999998092651,2.09999990463257,"Test"
"65569","2000-11-01",-90.09997,30.373524,"2000-11-01","/home/ecologia/Documents/Lorena/capas/WorldClim_1970-2020_monthly_recortado/2000-11",43861889,118,21.5,9.30000019073486,"Test"
"65570","2000-11-01",-95.42727,30.751907,"2000-11-01","/home/ecologia/Documents/Lorena/capas/WorldClim_1970-2020_monthly_recortado/2000-11",43358055,103,20.7999992370605,8.19999980926514,"Train"
"65571","2000-11-01",-97.23741,27.588924,"2000-11-01","/home/ecologia/Documents/Lorena/capas/WorldClim_1970-2020_monthly_recortado/2000-11",47514658,42,22.8999996185303,15.1999998092651,"Train"
"65572","2000-11-01",-95.28108,29.677774,"2000-11-01","/home/ecologia/Documents/Lorena/capas/WorldClim_1970-2020_monthly_recortado/2000-11",44769204,108,22.7000007629395,11.6000003814697,"Train"
"65573","2000-11-01",-97.269,28.953106,"2000-11-01","/home/ecologia/Documents/Lorena/capas/WorldClim_1970-2020_monthly_recortado/2000-11",45720658,62,23.5,10.6999998092651,"Test"
"65574","2000-11-01",-93.77447,31.42175,"2000-11-01","/home/ecologia/Documents/Lorena/capas/WorldClim_1970-2020_monthly_recortado/2000-11",42483134,111,20.2999992370605,6.90000009536743,"Train"
"65575","2000-11-01",-96.50849,17.091343,"2000-11-01","/home/ecologia/Documents/Lorena/capas/WorldClim_1970-2020_monthly_recortado/2000-11",61297885,31,18.6000003814697,8.5,"Train"
"65576","2000-11-01",-81.185905,35.818417,"2000-11-01","/home/ecologia/Documents/Lorena/capas/WorldClim_1970-2020_monthly_recortado/2000-11",36708852,86,16.5,2.5,"Train"
"65577","2000-11-01",-89.66653,45.35137,"2000-11-01","/home/ecologia/Documents/Lorena/capas/WorldClim_1970-2020_monthly_recortado/2000-11",24193619,53,3,-5.69999980926514,"Train"
"65578","2000-11-01",-99.02361,29.964445,"2000-11-01","/home/ecologia/Documents/Lorena/capas/WorldClim_1970-2020_monthly_recortado/2000-11",44396829,55,20.7999992370605,6.5,"Train"
"65579","2000-11-01",-97.79411,33.056873,"2000-11-01","/home/ecologia/Documents/Lorena/capas/WorldClim_1970-2020_monthly_recortado/2000-11",40338607,58,18.7999992370605,5.5,"Test"
"65580","2000-11-01",-78.47357,38.05689,"2000-11-01","/home/ecologia/Documents/Lorena/capas/WorldClim_1970-2020_monthly_recortado/2000-11",33777526,88,15.3000001907349,2.09999990463257,"Train"
"65581","2000-11-01",-76.56829,38.428154,"2000-11-01","/home/ecologia/Documents/Lorena/capas/WorldClim_1970-2020_monthly_recortado/2000-11",33285499,83,15,3.90000009536743,"Test"
"65582","2000-11-01",-101.31763,19.614859,"2000-11-01","/home/ecologia/Documents/Lorena/capas/WorldClim_1970-2020_monthly_recortado/2000-11",57982791,17,23.1000003814697,6.09999990463257,"Test"
"65583","2000-11-01",-87.83293,30.593887,"2000-11-01","/home/ecologia/Documents/Lorena/capas/WorldClim_1970-2020_monthly_recortado/2000-11",43566808,123,21.6000003814697,8.69999980926514,"Test"
"65584","2000-11-01",-85.844444,44.15213,"2000-11-01","/home/ecologia/Documents/Lorena/capas/WorldClim_1970-2020_monthly_recortado/2000-11",25769293,NA,NA,NA,"Test"
"65585","2000-11-01",-82.311554,35.602497,"2000-11-01","/home/ecologia/Documents/Lorena/capas/WorldClim_1970-2020_monthly_recortado/2000-11",36993131,105,14.5,1.10000002384186,"Train"
"65586","2000-11-01",-92.03425,30.231438,"2000-11-01","/home/ecologia/Documents/Lorena/capas/WorldClim_1970-2020_monthly_recortado/2000-11",44047619,117,22,9.5,"Train"
"65587","2000-11-01",-98.76762,29.971872,"2000-11-01","/home/ecologia/Documents/Lorena/capas/WorldClim_1970-2020_monthly_recortado/2000-11",44385920,61,20.8999996185303,6.69999980926514,"Train"
"65588","2000-11-01",-73.9141,41.595844,"2000-11-01","/home/ecologia/Documents/Lorena/capas/WorldClim_1970-2020_monthly_recortado/2000-11",29128998,94,11,0.400000005960464,"Train"
"65589","2000-11-01",-102.63011,21.858711,"2000-11-01","/home/ecologia/Documents/Lorena/capas/WorldClim_1970-2020_monthly_recortado/2000-11",55029104,12,25,7.19999980926514,"Train"
"65590","2000-11-01",-74.365,40.652122,"2000-11-01","/home/ecologia/Documents/Lorena/capas/WorldClim_1970-2020_monthly_recortado/2000-11",30365051,107,12.3999996185303,1.79999995231628,"Test"
"65591","2000-11-01",-94.01225,29.969181,"2000-11-01","/home/ecologia/Documents/Lorena/capas/WorldClim_1970-2020_monthly_recortado/2000-11",44386491,119,22,10.1999998092651,"Test"
"65592","2000-11-01",-85.48945,38.241955,"2000-11-01","/home/ecologia/Documents/Lorena/capas/WorldClim_1970-2020_monthly_recortado/2000-11",33525087,99,13.1999998092651,2.09999990463257,"Train"
"65593","2000-11-01",-115.24135,36.224663,"2000-11-01","/home/ecologia/Documents/Lorena/capas/WorldClim_1970-2020_monthly_recortado/2000-11",36179694,9,19.2999992370605,5.30000019073486,"Test"
"65594","2000-11-01",-70.72168,41.7626,"2000-11-01","/home/ecologia/Documents/Lorena/capas/WorldClim_1970-2020_monthly_recortado/2000-11",28910601,119,11.1000003814697,2.09999990463257,"Train"
"65595","2000-11-01",-74.83419,39.160065,"2000-11-01","/home/ecologia/Documents/Lorena/capas/WorldClim_1970-2020_monthly_recortado/2000-11",32323075,84,13.8000001907349,3.70000004768372,"Test"
"65596","2000-11-01",-72.31667,45.3,"2000-11-01","/home/ecologia/Documents/Lorena/capas/WorldClim_1970-2020_monthly_recortado/2000-11",24261334,109,4.59999990463257,-3.09999990463257,"Test"
"65597","2000-11-01",-77.0162,39.02787,"2000-11-01","/home/ecologia/Documents/Lorena/capas/WorldClim_1970-2020_monthly_recortado/2000-11",32497838,91,14.1000003814697,2.70000004768372,"Train"
"65598","2000-11-01",-100.7274,20.917831,"2000-11-01","/home/ecologia/Documents/Lorena/capas/WorldClim_1970-2020_monthly_recortado/2000-11",56265439,8,22.8999996185303,6.59999990463257,"Train"
"65599","2000-11-01",-109.70806,23.06139,"2000-11-01","/home/ecologia/Documents/Lorena/capas/WorldClim_1970-2020_monthly_recortado/2000-11",53453039,NA,NA,NA,"Test"
"65600","2000-11-01",-65.98106,48.176212,"2000-11-01","/home/ecologia/Documents/Lorena/capas/WorldClim_1970-2020_monthly_recortado/2000-11",20488140,NA,NA,NA,"Test"
"65601","2000-11-01",-96.28278,30.564722,"2000-11-01","/home/ecologia/Documents/Lorena/capas/WorldClim_1970-2020_monthly_recortado/2000-11",43609550,83,21.5,8.89999961853027,"Test"
"65602","2000-11-01",-77.74875,39.45823,"2000-11-01","/home/ecologia/Documents/Lorena/capas/WorldClim_1970-2020_monthly_recortado/2000-11",31939861,81,13,1.60000002384186,"Test"
"65603","2000-11-01",-88.35823,42.654667,"2000-11-01","/home/ecologia/Documents/Lorena/capas/WorldClim_1970-2020_monthly_recortado/2000-11",27738012,65,7.69999980926514,-1.79999995231628,"Train"
"65604","2000-11-01",-76.944016,40.701435,"2000-11-01","/home/ecologia/Documents/Lorena/capas/WorldClim_1970-2020_monthly_recortado/2000-11",30299107,93,10.6000003814697,0.400000005960464,"Train"
"65605","2000-11-01",-98.501785,29.645622,"2000-11-01","/home/ecologia/Documents/Lorena/capas/WorldClim_1970-2020_monthly_recortado/2000-11",44812573,65,20.8999996185303,8.60000038146973,"Test"
"65606","2000-11-01",-76.628845,38.848347,"2000-11-01","/home/ecologia/Documents/Lorena/capas/WorldClim_1970-2020_monthly_recortado/2000-11",32738542,84,14.1000003814697,2.79999995231628,"Train"
"65607","2000-11-01",-98.33349,30.288588,"2000-11-01","/home/ecologia/Documents/Lorena/capas/WorldClim_1970-2020_monthly_recortado/2000-11",43970290,59,21.1000003814697,7.30000019073486,"Test"
"65608","2000-11-01",-88.03392,30.723524,"2000-11-01","/home/ecologia/Documents/Lorena/capas/WorldClim_1970-2020_monthly_recortado/2000-11",43402698,122,21.8999996185303,9.19999980926514,"Train"
"65609","2000-11-01",-75.21235,38.443146,"2000-11-01","/home/ecologia/Documents/Lorena/capas/WorldClim_1970-2020_monthly_recortado/2000-11",33263784,80,14.5,4.19999980926514,"Train"
"65610","2000-11-01",-91.0403,37.21065,"2000-11-01","/home/ecologia/Documents/Lorena/capas/WorldClim_1970-2020_monthly_recortado/2000-11",34880857,109,14.1000003814697,1.20000004768372,"Train"
"65611","2000-11-01",-87.843185,30.427097,"2000-11-01","/home/ecologia/Documents/Lorena/capas/WorldClim_1970-2020_monthly_recortado/2000-11",43785586,118,21.3999996185303,9.69999980926514,"Train"
"65612","2000-11-01",-85.4516,32.578487,"2000-11-01","/home/ecologia/Documents/Lorena/capas/WorldClim_1970-2020_monthly_recortado/2000-11",40963611,108,19.7999992370605,6,"Train"
"65613","2000-11-01",-91.10495,30.369633,"2000-11-01","/home/ecologia/Documents/Lorena/capas/WorldClim_1970-2020_monthly_recortado/2000-11",43861768,114,21.8999996185303,9.10000038146973,"Train"
"65614","2000-11-01",-91.14674,30.387075,"2000-11-01","/home/ecologia/Documents/Lorena/capas/WorldClim_1970-2020_monthly_recortado/2000-11",43839885,115,21.7999992370605,9.10000038146973,"Train"
"65615","2000-11-01",-84.847466,36.9823,"2000-11-01","/home/ecologia/Documents/Lorena/capas/WorldClim_1970-2020_monthly_recortado/2000-11",35187892,108,15.1999998092651,3.09999990463257,"Test"
"65616","2000-11-01",-96.4639,29.898098,"2000-11-01","/home/ecologia/Documents/Lorena/capas/WorldClim_1970-2020_monthly_recortado/2000-11",44484648,90,22.1000003814697,8.89999961853027,"Train"
"65617","2000-11-01",-75.792206,40.459324,"2000-11-01","/home/ecologia/Documents/Lorena/capas/WorldClim_1970-2020_monthly_recortado/2000-11",30616476,98,11.6999998092651,0.899999976158142,"Train"
"65618","2000-11-01",-97.59224,27.847158,"2000-11-01","/home/ecologia/Documents/Lorena/capas/WorldClim_1970-2020_monthly_recortado/2000-11",47175506,41,24.2999992370605,13,"Train"
"65619","2000-11-01",-77.54732,44.296013,"2000-11-01","/home/ecologia/Documents/Lorena/capas/WorldClim_1970-2020_monthly_recortado/2000-11",25584326,95,6.5,-1.5,"Test"
"65620","2000-11-01",-80.372406,25.647692,"2000-11-01","/home/ecologia/Documents/Lorena/capas/WorldClim_1970-2020_monthly_recortado/2000-11",50065469,76,27.7999992370605,19.1000003814697,"Train"
"65621","2000-11-01",-104.50034,23.977568,"2000-11-01","/home/ecologia/Documents/Lorena/capas/WorldClim_1970-2020_monthly_recortado/2000-11",52250373,13,23.5,4.09999990463257,"Train"
"65622","2000-11-01",-70.78625,42.21876,"2000-11-01","/home/ecologia/Documents/Lorena/capas/WorldClim_1970-2020_monthly_recortado/2000-11",28308948,111,10.8000001907349,1.89999997615814,"Train"
"65623","2000-11-01",-98.48419,29.633158,"2000-11-01","/home/ecologia/Documents/Lorena/capas/WorldClim_1970-2020_monthly_recortado/2000-11",44834453,64,21.2999992370605,8.89999961853027,"Train"
"65624","2000-11-01",-93.143265,44.821373,"2000-11-01","/home/ecologia/Documents/Lorena/capas/WorldClim_1970-2020_monthly_recortado/2000-11",24893297,49,4.69999980926514,-4.19999980926514,"Train"
"65625","2000-11-01",-110.23222,31.436808,"2000-11-01","/home/ecologia/Documents/Lorena/capas/WorldClim_1970-2020_monthly_recortado/2000-11",42459281,19,20.2999992370605,3.70000004768372,"Test"
"65626","2000-11-01",-97.94752,30.16837,"2000-11-01","/home/ecologia/Documents/Lorena/capas/WorldClim_1970-2020_monthly_recortado/2000-11",44123483,67,20.7000007629395,8,"Train"
"65627","2000-11-01",-95.644,29.682,"2000-11-01","/home/ecologia/Documents/Lorena/capas/WorldClim_1970-2020_monthly_recortado/2000-11",44769160,99,23.2999992370605,10.6999998092651,"Train"
"65628","2000-11-01",-75.4886,40.360493,"2000-11-01","/home/ecologia/Documents/Lorena/capas/WorldClim_1970-2020_monthly_recortado/2000-11",30747781,96,12.1999998092651,1.20000004768372,"Test"
"65629","2000-11-01",-83.48045,43.313942,"2000-11-01","/home/ecologia/Documents/Lorena/capas/WorldClim_1970-2020_monthly_recortado/2000-11",26874416,65,7.80000019073486,-0.600000023841858,"Train"
"65630","2000-11-01",-97.959564,26.148788,"2000-11-01","/home/ecologia/Documents/Lorena/capas/WorldClim_1970-2020_monthly_recortado/2000-11",49407018,33,25.7000007629395,14,"Test"
"65631","2000-11-01",-99.1322,30.0015,"2000-11-01","/home/ecologia/Documents/Lorena/capas/WorldClim_1970-2020_monthly_recortado/2000-11",44342121,50,20.6000003814697,6.09999990463257,"Test"
"65632","2000-11-01",-85.49584,36.758595,"2000-11-01","/home/ecologia/Documents/Lorena/capas/WorldClim_1970-2020_monthly_recortado/2000-11",35472228,113,15.3000001907349,2.59999990463257,"Train"
"65633","2000-11-01",-74.12719,41.0365,"2000-11-01","/home/ecologia/Documents/Lorena/capas/WorldClim_1970-2020_monthly_recortado/2000-11",29861885,110,11.6999998092651,1.60000002384186,"Test"
"65634","2000-11-01",-88.33003,42.036686,"2000-11-01","/home/ecologia/Documents/Lorena/capas/WorldClim_1970-2020_monthly_recortado/2000-11",28547501,74,8.39999961853027,-1.10000002384186,"Test"
"65635","2000-11-01",-76.44279,39.01977,"2000-11-01","/home/ecologia/Documents/Lorena/capas/WorldClim_1970-2020_monthly_recortado/2000-11",32508845,85,13.8999996185303,3.70000004768372,"Test"
"65636","2000-11-01",-83.78024,42.52943,"2000-11-01","/home/ecologia/Documents/Lorena/capas/WorldClim_1970-2020_monthly_recortado/2000-11",27902646,65,8,-0.5,"Train"
"65637","2000-11-01",-89.026566,42.200325,"2000-11-01","/home/ecologia/Documents/Lorena/capas/WorldClim_1970-2020_monthly_recortado/2000-11",28328637,67,7.59999990463257,-1.89999997615814,"Train"
"65638","2000-11-01",-100.96007,20.504951,"2000-11-01","/home/ecologia/Documents/Lorena/capas/WorldClim_1970-2020_monthly_recortado/2000-11",56812361,9,25.3999996185303,7.90000009536743,"Train"
"65639","2000-11-01",-85.86412,35.98295,"2000-11-01","/home/ecologia/Documents/Lorena/capas/WorldClim_1970-2020_monthly_recortado/2000-11",36500450,124,15.5,2.5,"Train"
"65640","2000-11-01",-103.59855,30.282375,"2000-11-01","/home/ecologia/Documents/Lorena/capas/WorldClim_1970-2020_monthly_recortado/2000-11",43980598,13,19.1000003814697,3.29999995231628,"Train"
"65641","2000-11-01",-83.81387,34.17333,"2000-11-01","/home/ecologia/Documents/Lorena/capas/WorldClim_1970-2020_monthly_recortado/2000-11",38874459,104,17.1000003814697,4.5,"Test"
"65642","2000-11-01",-102.993515,19.916037,"2000-11-01","/home/ecologia/Documents/Lorena/capas/WorldClim_1970-2020_monthly_recortado/2000-11",57588786,24,21.7000007629395,7.09999990463257,"Train"
"65643","2000-11-01",-77.337975,43.156452,"2000-11-01","/home/ecologia/Documents/Lorena/capas/WorldClim_1970-2020_monthly_recortado/2000-11",27082994,88,8.60000038146973,-0.100000001490116,"Train"
"65644","2000-11-01",-81.07805,40.86679,"2000-11-01","/home/ecologia/Documents/Lorena/capas/WorldClim_1970-2020_monthly_recortado/2000-11",30079831,82,9.80000019073486,0,"Train"
"65645","2000-11-01",-84.12844,34.092064,"2000-11-01","/home/ecologia/Documents/Lorena/capas/WorldClim_1970-2020_monthly_recortado/2000-11",38972872,103,17,4.80000019073486,"Train"
"65646","2000-11-01",-103.54038,19.53381,"2000-11-01","/home/ecologia/Documents/Lorena/capas/WorldClim_1970-2020_monthly_recortado/2000-11",58080976,41,21.6000003814697,8.60000038146973,"Test"
"65647","2000-11-01",-103.303024,20.334244,"2000-11-01","/home/ecologia/Documents/Lorena/capas/WorldClim_1970-2020_monthly_recortado/2000-11",57030860,18,22.2999992370605,8.60000038146973,"Test"
"65648","2000-11-01",-77.00703,38.97206,"2000-11-01","/home/ecologia/Documents/Lorena/capas/WorldClim_1970-2020_monthly_recortado/2000-11",32574412,88,14.3999996185303,3,"Test"
"65649","2000-11-01",-99.49441,27.499435,"2000-11-01","/home/ecologia/Documents/Lorena/capas/WorldClim_1970-2020_monthly_recortado/2000-11",47634716,27,25.2999992370605,12.1000003814697,"Train"
"65650","2000-11-01",-96.51987,16.184824,"2000-11-01","/home/ecologia/Documents/Lorena/capas/WorldClim_1970-2020_monthly_recortado/2000-11",62479296,23,22.2000007629395,11.1999998092651,"Train"
"65651","2000-11-01",-78.74361,41.13147,"2000-11-01","/home/ecologia/Documents/Lorena/capas/WorldClim_1970-2020_monthly_recortado/2000-11",29741002,89,9.10000038146973,-0.800000011920929,"Train"
"65652","2000-11-01",-89.995056,39.40765,"2000-11-01","/home/ecologia/Documents/Lorena/capas/WorldClim_1970-2020_monthly_recortado/2000-11",32004025,82,11.1999998092651,0.699999988079071,"Train"
"65653","2000-11-01",-91.075745,29.711548,"2000-11-01","/home/ecologia/Documents/Lorena/capas/WorldClim_1970-2020_monthly_recortado/2000-11",44725952,111,21.5,11,"Train"
"65654","2000-11-01",-96.70029,49.610264,"2000-11-01","/home/ecologia/Documents/Lorena/capas/WorldClim_1970-2020_monthly_recortado/2000-11",18602945,28,-0.5,-8.89999961853027,"Train"
"65655","2000-11-01",-93.52959,35.11119,"2000-11-01","/home/ecologia/Documents/Lorena/capas/WorldClim_1970-2020_monthly_recortado/2000-11",37637186,117,16.3999996185303,3.40000009536743,"Test"
"65656","2000-11-01",-97.40687,27.652527,"2000-11-01","/home/ecologia/Documents/Lorena/capas/WorldClim_1970-2020_monthly_recortado/2000-11",47427126,43,24.3999996185303,14,"Train"
"65657","2000-11-01",-86.068306,40.092884,"2000-11-01","/home/ecologia/Documents/Lorena/capas/WorldClim_1970-2020_monthly_recortado/2000-11",31096559,83,10.3000001907349,0.600000023841858,"Train"
"65658","2000-11-01",-96.75926,17.148687,"2000-11-01","/home/ecologia/Documents/Lorena/capas/WorldClim_1970-2020_monthly_recortado/2000-11",61221282,12,28.2999992370605,11.3999996185303,"Test"
"65659","2000-11-01",-102.10847,31.960487,"2000-11-01","/home/ecologia/Documents/Lorena/capas/WorldClim_1970-2020_monthly_recortado/2000-11",41771098,17,19.3999996185303,3.5,"Train"
"65660","2000-11-01",-76.451294,39.003696,"2000-11-01","/home/ecologia/Documents/Lorena/capas/WorldClim_1970-2020_monthly_recortado/2000-11",32530722,85,14,3.70000004768372,"Train"
"65661","2000-11-01",-97.07142,28.05047,"2000-11-01","/home/ecologia/Documents/Lorena/capas/WorldClim_1970-2020_monthly_recortado/2000-11",46902094,53,23.1000003814697,13.8000001907349,"Train"
"65662","2000-11-01",-96.985054,28.13255,"2000-11-01","/home/ecologia/Documents/Lorena/capas/WorldClim_1970-2020_monthly_recortado/2000-11",46803653,58,23.1000003814697,13.5,"Train"
"65663","2000-11-01",-110.87644,32.508133,"2000-11-01","/home/ecologia/Documents/Lorena/capas/WorldClim_1970-2020_monthly_recortado/2000-11",41059011,26,21.3999996185303,6.5,"Train"
"65664","2000-11-01",-89.48356,43.031097,"2000-11-01","/home/ecologia/Documents/Lorena/capas/WorldClim_1970-2020_monthly_recortado/2000-11",27245621,57,6.80000019073486,-3.09999990463257,"Test"
"65665","2000-11-01",-90.312874,29.955864,"2000-11-01","/home/ecologia/Documents/Lorena/capas/WorldClim_1970-2020_monthly_recortado/2000-11",44408813,118,21.7999992370605,10.5,"Train"
"65666","2000-11-01",-95.19187,32.301968,"2000-11-01","/home/ecologia/Documents/Lorena/capas/WorldClim_1970-2020_monthly_recortado/2000-11",41323429,103,19.5,6.5,"Train"
"65667","2000-11-01",-76.61194,40.18705,"2000-11-01","/home/ecologia/Documents/Lorena/capas/WorldClim_1970-2020_monthly_recortado/2000-11",30977365,90,12,1.20000004768372,"Test"
"65668","2000-11-01",-99.32302,19.734417,"2000-11-01","/home/ecologia/Documents/Lorena/capas/WorldClim_1970-2020_monthly_recortado/2000-11",57818946,16,20.2999992370605,4.30000019073486,"Train"
"65669","2000-11-01",-91.64225,41.800533,"2000-11-01","/home/ecologia/Documents/Lorena/capas/WorldClim_1970-2020_monthly_recortado/2000-11",28853395,55,7.90000009536743,-1.39999997615814,"Train"
"65670","2000-11-01",-94.835655,29.804045,"2000-11-01","/home/ecologia/Documents/Lorena/capas/WorldClim_1970-2020_monthly_recortado/2000-11",44605172,115,22.1000003814697,10.3999996185303,"Test"
"65671","2000-11-01",-110.05859,31.925224,"2000-11-01","/home/ecologia/Documents/Lorena/capas/WorldClim_1970-2020_monthly_recortado/2000-11",41813900,18,19.8999996185303,2.70000004768372,"Train"
"65672","2000-11-01",-82.935745,39.96107,"2000-11-01","/home/ecologia/Documents/Lorena/capas/WorldClim_1970-2020_monthly_recortado/2000-11",31271959,80,11.6000003814697,1.20000004768372,"Train"
"65673","2000-11-01",-80.426445,25.692507,"2000-11-01","/home/ecologia/Documents/Lorena/capas/WorldClim_1970-2020_monthly_recortado/2000-11",49999828,76,27.6000003814697,19.1000003814697,"Test"
"65674","2000-11-01",-83.04854,33.95276,"2000-11-01","/home/ecologia/Documents/Lorena/capas/WorldClim_1970-2020_monthly_recortado/2000-11",39158965,87,18.1000003814697,4.80000019073486,"Test"
"65675","2000-11-01",-100.72128,20.410282,"2000-11-01","/home/ecologia/Documents/Lorena/capas/WorldClim_1970-2020_monthly_recortado/2000-11",56932719,9,23.7999992370605,7.19999980926514,"Test"
"65676","2000-11-01",-105.924545,35.5263,"2000-11-01","/home/ecologia/Documents/Lorena/capas/WorldClim_1970-2020_monthly_recortado/2000-11",37088749,24,12.6000003814697,-4.30000019073486,"Test"
"65677","2000-11-01",-76.187195,39.614872,"2000-11-01","/home/ecologia/Documents/Lorena/capas/WorldClim_1970-2020_monthly_recortado/2000-11",31732207,92,13.1000003814697,2.90000009536743,"Train"
"65678","2000-11-01",-105.331474,20.750393,"2000-11-01","/home/ecologia/Documents/Lorena/capas/WorldClim_1970-2020_monthly_recortado/2000-11",56483667,31,31,18.7000007629395,"Test"
"65679","2000-11-01",-98.22472,26.265038,"2000-11-01","/home/ecologia/Documents/Lorena/capas/WorldClim_1970-2020_monthly_recortado/2000-11",49253841,26,25.8999996185303,13.8999996185303,"Train"
"65680","2000-11-01",-95.54249,30.129452,"2000-11-01","/home/ecologia/Documents/Lorena/capas/WorldClim_1970-2020_monthly_recortado/2000-11",44178466,107,21.7999992370605,9.10000038146973,"Train"
"65681","2000-11-01",-82.25739,27.915714,"2000-11-01","/home/ecologia/Documents/Lorena/capas/WorldClim_1970-2020_monthly_recortado/2000-11",47089835,52,26.1000003814697,14.1999998092651,"Train"
"65682","2000-11-01",-72.49172,42.577263,"2000-11-01","/home/ecologia/Documents/Lorena/capas/WorldClim_1970-2020_monthly_recortado/2000-11",27838366,100,9.80000019073486,-1.20000004768372,"Train"
"65683","2000-11-01",-92.228806,35.091145,"2000-11-01","/home/ecologia/Documents/Lorena/capas/WorldClim_1970-2020_monthly_recortado/2000-11",37670159,134,16.6000003814697,4.19999980926514,"Train"
"65684","2000-11-01",-84.668175,38.92633,"2000-11-01","/home/ecologia/Documents/Lorena/capas/WorldClim_1970-2020_monthly_recortado/2000-11",32628187,88,12.1999998092651,1.29999995231628,"Train"
"65685","2000-11-01",-91.0561,30.448318,"2000-11-01","/home/ecologia/Documents/Lorena/capas/WorldClim_1970-2020_monthly_recortado/2000-11",43763323,115,22,9,"Test"
"65686","2000-11-01",-98.04984,30.21413,"2000-11-01","/home/ecologia/Documents/Lorena/capas/WorldClim_1970-2020_monthly_recortado/2000-11",44068776,64,20.6000003814697,7.80000019073486,"Train"
"65687","2000-11-01",-75.37698,39.986755,"2000-11-01","/home/ecologia/Documents/Lorena/capas/WorldClim_1970-2020_monthly_recortado/2000-11",31240049,97,12.3999996185303,2.40000009536743,"Test"
"65688","2000-11-01",-72.60783,42.14869,"2000-11-01","/home/ecologia/Documents/Lorena/capas/WorldClim_1970-2020_monthly_recortado/2000-11",28407181,101,11.1999998092651,-0.100000001490116,"Test"
"65689","2000-11-01",-83.95428,43.32088,"2000-11-01","/home/ecologia/Documents/Lorena/capas/WorldClim_1970-2020_monthly_recortado/2000-11",26863420,66,7.5,-0.800000011920929,"Train"
"65690","2000-11-01",-100.98794,21.460615,"2000-11-01","/home/ecologia/Documents/Lorena/capas/WorldClim_1970-2020_monthly_recortado/2000-11",55554373,11,21.5,6.30000019073486,"Train"
"65691","2000-11-01",-76.51382,38.512283,"2000-11-01","/home/ecologia/Documents/Lorena/capas/WorldClim_1970-2020_monthly_recortado/2000-11",33176116,83,14.6000003814697,3.5,"Test"
"65692","2000-11-01",-74.3835,40.6409,"2000-11-01","/home/ecologia/Documents/Lorena/capas/WorldClim_1970-2020_monthly_recortado/2000-11",30386926,106,12.5,1.79999995231628,"Test"
"65693","2000-11-01",-88.95312,39.845695,"2000-11-01","/home/ecologia/Documents/Lorena/capas/WorldClim_1970-2020_monthly_recortado/2000-11",31424383,82,11,0.899999976158142,"Train"
"65694","2000-11-01",-96.25579,29.95041,"2000-11-01","/home/ecologia/Documents/Lorena/capas/WorldClim_1970-2020_monthly_recortado/2000-11",44408100,95,22.2999992370605,9,"Test"
"65695","2000-11-01",-98.50205,30.09013,"2000-11-01","/home/ecologia/Documents/Lorena/capas/WorldClim_1970-2020_monthly_recortado/2000-11",44232806,63,20.6000003814697,7.09999990463257,"Train"
"65696","2000-11-01",-98.01289,30.208227,"2000-11-01","/home/ecologia/Documents/Lorena/capas/WorldClim_1970-2020_monthly_recortado/2000-11",44079719,66,20.5,7.90000009536743,"Test"
"65697","2000-11-01",-87.78446,41.88503,"2000-11-01","/home/ecologia/Documents/Lorena/capas/WorldClim_1970-2020_monthly_recortado/2000-11",28744468,79,9.19999980926514,0.200000002980232,"Train"
"65698","2000-11-01",-109.16685,31.8935,"2000-11-01","/home/ecologia/Documents/Lorena/capas/WorldClim_1970-2020_monthly_recortado/2000-11",41857763,26,16.8999996185303,0.300000011920929,"Test"
"65699","2000-11-01",-90.08889,32.4309,"2000-11-01","/home/ecologia/Documents/Lorena/capas/WorldClim_1970-2020_monthly_recortado/2000-11",41159957,125,19.7000007629395,6.80000019073486,"Test"
"65700","2000-11-01",-110.77508,32.164734,"2000-11-01","/home/ecologia/Documents/Lorena/capas/WorldClim_1970-2020_monthly_recortado/2000-11",41507522,18,22.7000007629395,6.5,"Train"
"65701","2000-11-01",-98.52762,29.598019,"2000-11-01","/home/ecologia/Documents/Lorena/capas/WorldClim_1970-2020_monthly_recortado/2000-11",44878204,63,21.3999996185303,9,"Test"
"65702","2000-11-01",-84.032,33.845,"2000-11-01","/home/ecologia/Documents/Lorena/capas/WorldClim_1970-2020_monthly_recortado/2000-11",39301054,98,17.5,5.5,"Train"
"65703","2000-11-01",-74.16929,40.53263,"2000-11-01","/home/ecologia/Documents/Lorena/capas/WorldClim_1970-2020_monthly_recortado/2000-11",30529159,103,12.3000001907349,2.59999990463257,"Train"
"65704","2000-11-01",-77.15653,38.82398,"2000-11-01","/home/ecologia/Documents/Lorena/capas/WorldClim_1970-2020_monthly_recortado/2000-11",32771296,84,14.5,3,"Train"
"65705","2000-11-01",-95.54116,29.11016,"2000-11-01","/home/ecologia/Documents/Lorena/capas/WorldClim_1970-2020_monthly_recortado/2000-11",45513025,116,22.3999996185303,11.3000001907349,"Train"
"65706","2000-11-01",-96.14072,29.647598,"2000-11-01","/home/ecologia/Documents/Lorena/capas/WorldClim_1970-2020_monthly_recortado/2000-11",44812857,90,22.8999996185303,9.5,"Test"
"65707","2000-11-01",-97.26643,30.088915,"2000-11-01","/home/ecologia/Documents/Lorena/capas/WorldClim_1970-2020_monthly_recortado/2000-11",44232955,77,21.6000003814697,8.60000038146973,"Train"
"65708","2000-11-01",-75.54119,40.805885,"2000-11-01","/home/ecologia/Documents/Lorena/capas/WorldClim_1970-2020_monthly_recortado/2000-11",30168008,106,10.6000003814697,0,"Test"
"65709","2000-11-01",-97.76229,30.685995,"2000-11-01","/home/ecologia/Documents/Lorena/capas/WorldClim_1970-2020_monthly_recortado/2000-11",43445287,66,20.2000007629395,7.80000019073486,"Train"
"65710","2000-11-01",-89.74332,30.326227,"2000-11-01","/home/ecologia/Documents/Lorena/capas/WorldClim_1970-2020_monthly_recortado/2000-11",43916626,113,21.5,9,"Train"
"65711","2000-11-01",-90.19143,30.686852,"2000-11-01","/home/ecologia/Documents/Lorena/capas/WorldClim_1970-2020_monthly_recortado/2000-11",43446196,128,21.2000007629395,7.69999980926514,"Train"
"65712","2000-11-01",-79.079605,38.15428,"2000-11-01","/home/ecologia/Documents/Lorena/capas/WorldClim_1970-2020_monthly_recortado/2000-11",33646185,79,13.6999998092651,0.5,"Test"
"65713","2000-11-01",-103.71231,19.454685,"2000-11-01","/home/ecologia/Documents/Lorena/capas/WorldClim_1970-2020_monthly_recortado/2000-11",58190345,19,28.1000003814697,12.6000003814697,"Train"
"65714","2000-11-01",-86.74451,33.477985,"2000-11-01","/home/ecologia/Documents/Lorena/capas/WorldClim_1970-2020_monthly_recortado/2000-11",39782044,117,18,4.80000019073486,"Train"
"65715","2000-11-01",-84.07943,36.915253,"2000-11-01","/home/ecologia/Documents/Lorena/capas/WorldClim_1970-2020_monthly_recortado/2000-11",35275496,104,15,1.29999995231628,"Test"
"65716","2000-11-01",-95.51399,30.220682,"2000-11-01","/home/ecologia/Documents/Lorena/capas/WorldClim_1970-2020_monthly_recortado/2000-11",44058141,105,21.7999992370605,9.30000019073486,"Test"
"65717","2000-11-01",-91.14673,30.43438,"2000-11-01","/home/ecologia/Documents/Lorena/capas/WorldClim_1970-2020_monthly_recortado/2000-11",43774251,116,21.8999996185303,9.30000019073486,"Train"
"65718","2000-11-01",-94.14685,36.06694,"2000-11-01","/home/ecologia/Documents/Lorena/capas/WorldClim_1970-2020_monthly_recortado/2000-11",36379127,118,14.3000001907349,2.90000009536743,"Train"
"65719","2000-11-01",-81.312775,42.969574,"2000-11-01","/home/ecologia/Documents/Lorena/capas/WorldClim_1970-2020_monthly_recortado/2000-11",27323175,98,7.30000019073486,0.200000002980232,"Test"
"65720","2000-11-01",-99.20081,19.259853,"2000-11-01","/home/ecologia/Documents/Lorena/capas/WorldClim_1970-2020_monthly_recortado/2000-11",58442483,12,20.5,4.90000009536743,"Train"
"65721","2000-11-01",-88.03595,39.670246,"2000-11-01","/home/ecologia/Documents/Lorena/capas/WorldClim_1970-2020_monthly_recortado/2000-11",31654212,91,10.8000001907349,1,"Test"
"65722","2000-11-01",-84.43704,34.141945,"2000-11-01","/home/ecologia/Documents/Lorena/capas/WorldClim_1970-2020_monthly_recortado/2000-11",38907201,99,16.7000007629395,4.59999990463257,"Train"
"65723","2000-11-01",-122.723076,44.085243,"2000-11-01","/home/ecologia/Documents/Lorena/capas/WorldClim_1970-2020_monthly_recortado/2000-11",25852380,234,11.6999998092651,3.20000004768372,"Test"
"65724","2000-11-01",-72.280464,41.15116,"2000-11-01","/home/ecologia/Documents/Lorena/capas/WorldClim_1970-2020_monthly_recortado/2000-11",29708961,115,12.1000003814697,3.20000004768372,"Test"
"65725","2000-11-01",-103.99195,30.61531,"2000-11-01","/home/ecologia/Documents/Lorena/capas/WorldClim_1970-2020_monthly_recortado/2000-11",43542990,14,18.6000003814697,2.29999995231628,"Test"
"65726","2000-11-01",-82.08586,33.52175,"2000-11-01","/home/ecologia/Documents/Lorena/capas/WorldClim_1970-2020_monthly_recortado/2000-11",39727908,69,20.3999996185303,5.30000019073486,"Train"
"65727","2000-11-01",-102.92882,20.330973,"2000-11-01","/home/ecologia/Documents/Lorena/capas/WorldClim_1970-2020_monthly_recortado/2000-11",57041844,13,24.3999996185303,10.8000001907349,"Train"
"65728","2000-11-01",-110.247505,31.420424,"2000-11-01","/home/ecologia/Documents/Lorena/capas/WorldClim_1970-2020_monthly_recortado/2000-11",42481157,21,19.7999992370605,3.70000004768372,"Test"
"65729","2000-11-01",-84.40892,39.238125,"2000-11-01","/home/ecologia/Documents/Lorena/capas/WorldClim_1970-2020_monthly_recortado/2000-11",32223475,90,12.6000003814697,1.39999997615814,"Train"
"65730","2000-11-01",-101.157265,19.648647,"2000-11-01","/home/ecologia/Documents/Lorena/capas/WorldClim_1970-2020_monthly_recortado/2000-11",57939055,16,23.1000003814697,7,"Train"
"65731","2000-11-01",-74.209114,39.92424,"2000-11-01","/home/ecologia/Documents/Lorena/capas/WorldClim_1970-2020_monthly_recortado/2000-11",31327701,97,13.3999996185303,2.79999995231628,"Train"
"65732","2000-11-01",-80.8848,35.554962,"2000-11-01","/home/ecologia/Documents/Lorena/capas/WorldClim_1970-2020_monthly_recortado/2000-11",37058936,82,17,3.5,"Test"
"65733","2000-11-01",-92.043686,30.385706,"2000-11-01","/home/ecologia/Documents/Lorena/capas/WorldClim_1970-2020_monthly_recortado/2000-11",43839777,128,21.5,8.89999961853027,"Train"
"65734","2000-11-01",-82.38414,27.992514,"2000-11-01","/home/ecologia/Documents/Lorena/capas/WorldClim_1970-2020_monthly_recortado/2000-11",46980429,55,26,14.5,"Test"
"65735","2000-11-01",-76.34599,40.10167,"2000-11-01","/home/ecologia/Documents/Lorena/capas/WorldClim_1970-2020_monthly_recortado/2000-11",31086787,88,12.1000003814697,1.60000002384186,"Test"
"65736","2000-11-01",-89.257385,35.58578,"2000-11-01","/home/ecologia/Documents/Lorena/capas/WorldClim_1970-2020_monthly_recortado/2000-11",37014176,122,16,4.30000019073486,"Test"
"65737","2000-11-01",-76.80012,42.913254,"2000-11-01","/home/ecologia/Documents/Lorena/capas/WorldClim_1970-2020_monthly_recortado/2000-11",27400289,89,8.69999980926514,0.300000011920929,"Train"
"65738","2000-11-01",-99.30859,18.945618,"2000-11-01","/home/ecologia/Documents/Lorena/capas/WorldClim_1970-2020_monthly_recortado/2000-11",58858152,15,23.7000007629395,10,"Test"
"65739","2000-11-01",-84.461494,39.06551,"2000-11-01","/home/ecologia/Documents/Lorena/capas/WorldClim_1970-2020_monthly_recortado/2000-11",32453188,89,12.6999998092651,1.60000002384186,"Train"
"65740","2000-11-01",-102.063805,20.157759,"2000-11-01","/home/ecologia/Documents/Lorena/capas/WorldClim_1970-2020_monthly_recortado/2000-11",57271667,13,25.1000003814697,7.80000019073486,"Test"
"65741","2000-11-01",-87.87522,30.672228,"2000-11-01","/home/ecologia/Documents/Lorena/capas/WorldClim_1970-2020_monthly_recortado/2000-11",43468351,122,21.2000007629395,9.30000019073486,"Train"
"65742","2000-11-01",-96.51735,17.063513,"2000-11-01","/home/ecologia/Documents/Lorena/capas/WorldClim_1970-2020_monthly_recortado/2000-11",61330701,23,23.2999992370605,10.3999996185303,"Train"
"65743","2000-11-01",-84.47253,38.005424,"2000-11-01","/home/ecologia/Documents/Lorena/capas/WorldClim_1970-2020_monthly_recortado/2000-11",33842440,89,13.5,2.29999995231628,"Test"
"65744","2000-11-01",-87.89754,43.17525,"2000-11-01","/home/ecologia/Documents/Lorena/capas/WorldClim_1970-2020_monthly_recortado/2000-11",27048910,58,7.19999980926514,-1,"Test"
"65745","2000-11-01",-98.84562,19.491722,"2000-11-01","/home/ecologia/Documents/Lorena/capas/WorldClim_1970-2020_monthly_recortado/2000-11",58136234,9,23.6000003814697,5.19999980926514,"Train"
"65746","2000-11-01",-75.82805,40.157078,"2000-11-01","/home/ecologia/Documents/Lorena/capas/WorldClim_1970-2020_monthly_recortado/2000-11",31021215,100,11.6000003814697,1.5,"Train"
"65747","2000-11-01",-75.4029,39.898636,"2000-11-01","/home/ecologia/Documents/Lorena/capas/WorldClim_1970-2020_monthly_recortado/2000-11",31360375,93,12.6999998092651,2.79999995231628,"Train"
"65748","2000-11-01",-106.74301,32.32315,"2000-11-01","/home/ecologia/Documents/Lorena/capas/WorldClim_1970-2020_monthly_recortado/2000-11",41300165,12,19.3999996185303,1.29999995231628,"Train"
"65749","2000-11-01",-90.15149,30.519806,"2000-11-01","/home/ecologia/Documents/Lorena/capas/WorldClim_1970-2020_monthly_recortado/2000-11",43664980,123,21.3999996185303,8.39999961853027,"Train"
"65750","2000-11-01",-98.33045,26.181435,"2000-11-01","/home/ecologia/Documents/Lorena/capas/WorldClim_1970-2020_monthly_recortado/2000-11",49363218,25,25.5,13.8000001907349,"Train"
"65751","2000-11-01",-95.020134,29.62083,"2000-11-01","/home/ecologia/Documents/Lorena/capas/WorldClim_1970-2020_monthly_recortado/2000-11",44845808,110,21.6000003814697,11.8000001907349,"Test"
"65752","2000-11-01",-102.839676,21.82161,"2000-11-01","/home/ecologia/Documents/Lorena/capas/WorldClim_1970-2020_monthly_recortado/2000-11",55083774,13,24.6000003814697,7.40000009536743,"Test"
"65753","2000-11-01",-77.011246,38.603848,"2000-11-01","/home/ecologia/Documents/Lorena/capas/WorldClim_1970-2020_monthly_recortado/2000-11",33055727,85,14.3000001907349,3,"Train"
"65754","2000-11-01",-87.43478,34.852463,"2000-11-01","/home/ecologia/Documents/Lorena/capas/WorldClim_1970-2020_monthly_recortado/2000-11",37977026,126,16.8999996185303,4.09999990463257,"Train"
"65755","2000-11-01",-97.95768,29.056067,"2000-11-01","/home/ecologia/Documents/Lorena/capas/WorldClim_1970-2020_monthly_recortado/2000-11",45589308,54,23.6000003814697,9.80000019073486,"Train"
"65756","2000-11-01",-79.00236,40.43789,"2000-11-01","/home/ecologia/Documents/Lorena/capas/WorldClim_1970-2020_monthly_recortado/2000-11",30648908,93,10.1999998092651,0.100000001490116,"Test"
"65757","2000-11-01",-89.04506,35.882313,"2000-11-01","/home/ecologia/Documents/Lorena/capas/WorldClim_1970-2020_monthly_recortado/2000-11",36631336,122,15.6000003814697,3.90000009536743,"Test"
"65758","2000-11-01",-102.159164,32.002964,"2000-11-01","/home/ecologia/Documents/Lorena/capas/WorldClim_1970-2020_monthly_recortado/2000-11",41716397,17,19.3999996185303,3.90000009536743,"Train"
"65759","2000-11-01",-91.12527,30.385584,"2000-11-01","/home/ecologia/Documents/Lorena/capas/WorldClim_1970-2020_monthly_recortado/2000-11",43839887,114,21.8999996185303,9.19999980926514,"Train"
"65760","2000-11-01",-69.98653,41.815174,"2000-11-01","/home/ecologia/Documents/Lorena/capas/WorldClim_1970-2020_monthly_recortado/2000-11",28845055,109,10.5,3.79999995231628,"Test"
"65761","2000-11-01",-89.077095,37.759686,"2000-11-01","/home/ecologia/Documents/Lorena/capas/WorldClim_1970-2020_monthly_recortado/2000-11",34159118,107,13.6000003814697,2.70000004768372,"Train"
"65762","2000-11-01",-94.13266,30.075407,"2000-11-01","/home/ecologia/Documents/Lorena/capas/WorldClim_1970-2020_monthly_recortado/2000-11",44244270,121,22.2999992370605,10.1999998092651,"Train"
"65763","2000-11-01",-100.59983,30.859798,"2000-11-01","/home/ecologia/Documents/Lorena/capas/WorldClim_1970-2020_monthly_recortado/2000-11",43215228,30,19.8999996185303,4.90000009536743,"Train"
"65764","2000-11-01",-95.67818,29.842007,"2000-11-01","/home/ecologia/Documents/Lorena/capas/WorldClim_1970-2020_monthly_recortado/2000-11",44550376,101,22.7999992370605,10,"Train"
"65765","2000-11-01",-102.14066,32.028927,"2000-11-01","/home/ecologia/Documents/Lorena/capas/WorldClim_1970-2020_monthly_recortado/2000-11",41683583,17,19.3999996185303,3.79999995231628,"Train"
"65766","2000-11-01",-99.8336,28.776812,"2000-11-01","/home/ecologia/Documents/Lorena/capas/WorldClim_1970-2020_monthly_recortado/2000-11",45950069,29,23.2999992370605,9.89999961853027,"Train"
"65767","2000-11-01",-98.78225,19.457987,"2000-11-01","/home/ecologia/Documents/Lorena/capas/WorldClim_1970-2020_monthly_recortado/2000-11",58190937,11,19.5,4,"Train"
"65768","2000-11-01",-101.93892,20.944277,"2000-11-01","/home/ecologia/Documents/Lorena/capas/WorldClim_1970-2020_monthly_recortado/2000-11",56232477,9,25,7.09999990463257,"Test"
"65769","2000-11-01",-81.72295,41.40475,"2000-11-01","/home/ecologia/Documents/Lorena/capas/WorldClim_1970-2020_monthly_recortado/2000-11",29379658,84,10.1000003814697,1.29999995231628,"Train"
"65770","2000-11-01",-81.26581,36.238144,"2000-11-01","/home/ecologia/Documents/Lorena/capas/WorldClim_1970-2020_monthly_recortado/2000-11",36161893,89,16,1.29999995231628,"Test"
"65771","2000-11-01",-81.876564,26.527164,"2000-11-01","/home/ecologia/Documents/Lorena/capas/WorldClim_1970-2020_monthly_recortado/2000-11",48905754,44,27.6000003814697,16.5,"Train"
"65772","2000-11-01",-98.51099,29.536001,"2000-11-01","/home/ecologia/Documents/Lorena/capas/WorldClim_1970-2020_monthly_recortado/2000-11",44954779,60,21.7999992370605,9.5,"Train"
"65773","2000-11-01",-95.60576,29.768465,"2000-11-01","/home/ecologia/Documents/Lorena/capas/WorldClim_1970-2020_monthly_recortado/2000-11",44648836,99,22.7000007629395,10.6999998092651,"Test"
"65774","2000-11-01",-84.10538,34.017395,"2000-11-01","/home/ecologia/Documents/Lorena/capas/WorldClim_1970-2020_monthly_recortado/2000-11",39071326,101,17.2000007629395,5.09999990463257,"Test"
"65775","2000-11-01",-95.08394,30.073603,"2000-11-01","/home/ecologia/Documents/Lorena/capas/WorldClim_1970-2020_monthly_recortado/2000-11",44255094,111,21.7000007629395,9.39999961853027,"Train"
"65776","2000-11-01",-97.39918,27.791317,"2000-11-01","/home/ecologia/Documents/Lorena/capas/WorldClim_1970-2020_monthly_recortado/2000-11",47252103,43,24.5,14.3999996185303,"Train"
"65777","2000-11-01",-72.6142,42.069286,"2000-11-01","/home/ecologia/Documents/Lorena/capas/WorldClim_1970-2020_monthly_recortado/2000-11",28505631,100,11.1999998092651,0.100000001490116,"Train"
"65778","2000-11-01",-103.03834,20.34537,"2000-11-01","/home/ecologia/Documents/Lorena/capas/WorldClim_1970-2020_monthly_recortado/2000-11",57019953,15,23.2000007629395,10,"Train"
"65779","2000-11-01",-105.30504,23.694202,"2000-11-01","/home/ecologia/Documents/Lorena/capas/WorldClim_1970-2020_monthly_recortado/2000-11",52622203,26,22,1.60000002384186,"Train"
"65780","2000-11-01",-105.96425,35.691586,"2000-11-01","/home/ecologia/Documents/Lorena/capas/WorldClim_1970-2020_monthly_recortado/2000-11",36880903,22,12.3999996185303,-3.90000009536743,"Train"
"65781","2000-11-01",-99.99799,26.197935,"2000-11-01","/home/ecologia/Documents/Lorena/capas/WorldClim_1970-2020_monthly_recortado/2000-11",49341140,23,23.6000003814697,10.6999998092651,"Train"
"65782","2000-11-01",-97.78469,31.149738,"2000-11-01","/home/ecologia/Documents/Lorena/capas/WorldClim_1970-2020_monthly_recortado/2000-11",42843639,55,20.2999992370605,7.5,"Train"
"65783","2000-11-01",-94.43322,30.951004,"2000-11-01","/home/ecologia/Documents/Lorena/capas/WorldClim_1970-2020_monthly_recortado/2000-11",43095639,111,20.7000007629395,7.19999980926514,"Train"
"65784","2000-11-01",-103.68561,19.82546,"2000-11-01","/home/ecologia/Documents/Lorena/capas/WorldClim_1970-2020_monthly_recortado/2000-11",57698093,31,20.8999996185303,6.80000019073486,"Test"
"65785","2000-11-01",-88.087395,44.57008,"2000-11-01","/home/ecologia/Documents/Lorena/capas/WorldClim_1970-2020_monthly_recortado/2000-11",25222074,56,5.90000009536743,-2.79999995231628,"Train"
"65786","2000-11-01",-97.14721,32.855503,"2000-11-01","/home/ecologia/Documents/Lorena/capas/WorldClim_1970-2020_monthly_recortado/2000-11",40601221,58,19.2000007629395,7.09999990463257,"Train"
"65787","2000-11-01",-109.11593,31.898163,"2000-11-01","/home/ecologia/Documents/Lorena/capas/WorldClim_1970-2020_monthly_recortado/2000-11",41857770,18,19.7000007629395,1,"Train"
"65788","2000-11-01",-77.51011,39.641895,"2000-11-01","/home/ecologia/Documents/Lorena/capas/WorldClim_1970-2020_monthly_recortado/2000-11",31688292,99,10.3000001907349,1.29999995231628,"Train"
"65789","2000-11-01",-99.78159,29.71916,"2000-11-01","/home/ecologia/Documents/Lorena/capas/WorldClim_1970-2020_monthly_recortado/2000-11",44713969,40,21,6.80000019073486,"Train"
"65790","2000-11-01",-89.352036,36.378616,"2000-11-01","/home/ecologia/Documents/Lorena/capas/WorldClim_1970-2020_monthly_recortado/2000-11",35974959,119,15,3.90000009536743,"Train"
"65791","2000-11-01",-76.59217,39.37571,"2000-11-01","/home/ecologia/Documents/Lorena/capas/WorldClim_1970-2020_monthly_recortado/2000-11",32038450,95,13.1000003814697,3.20000004768372,"Test"
"65792","2000-11-01",-75.584404,39.76898,"2000-11-01","/home/ecologia/Documents/Lorena/capas/WorldClim_1970-2020_monthly_recortado/2000-11",31524438,94,12.8999996185303,2.90000009536743,"Train"
"65793","2000-11-01",-95.25643,29.538366,"2000-11-01","/home/ecologia/Documents/Lorena/capas/WorldClim_1970-2020_monthly_recortado/2000-11",44955170,108,22.1000003814697,11.1999998092651,"Train"
"65794","2000-11-01",-98.226654,26.284111,"2000-11-01","/home/ecologia/Documents/Lorena/capas/WorldClim_1970-2020_monthly_recortado/2000-11",49221023,26,25.8999996185303,13.6999998092651,"Train"
"65795","2000-11-01",-98.945145,31.132275,"2000-11-01","/home/ecologia/Documents/Lorena/capas/WorldClim_1970-2020_monthly_recortado/2000-11",42865378,45,20.5,6.09999990463257,"Train"
"65796","2000-11-01",-97.88128,30.10487,"2000-11-01","/home/ecologia/Documents/Lorena/capas/WorldClim_1970-2020_monthly_recortado/2000-11",44211003,70,21.1000003814697,8.10000038146973,"Test"
"65797","2000-11-01",-86.51454,36.89867,"2000-11-01","/home/ecologia/Documents/Lorena/capas/WorldClim_1970-2020_monthly_recortado/2000-11",35297082,112,14.6999998092651,2.59999990463257,"Test"
"65798","2000-11-01",-83.6302,42.179436,"2000-11-01","/home/ecologia/Documents/Lorena/capas/WorldClim_1970-2020_monthly_recortado/2000-11",28362102,72,8.5,-0.300000011920929,"Train"
"65799","2000-11-01",-84.615395,31.332695,"2000-11-01","/home/ecologia/Documents/Lorena/capas/WorldClim_1970-2020_monthly_recortado/2000-11",42604562,84,21.8999996185303,7.69999980926514,"Test"
"65800","2000-11-01",-99.07946,19.221622,"2000-11-01","/home/ecologia/Documents/Lorena/capas/WorldClim_1970-2020_monthly_recortado/2000-11",58497193,10,21.2000007629395,5.19999980926514,"Train"
"65801","2000-11-01",-98.94051,29.602636,"2000-11-01","/home/ecologia/Documents/Lorena/capas/WorldClim_1970-2020_monthly_recortado/2000-11",44867216,52,20.7999992370605,8.39999961853027,"Train"
"65802","2000-11-01",-78.272575,38.539436,"2000-11-01","/home/ecologia/Documents/Lorena/capas/WorldClim_1970-2020_monthly_recortado/2000-11",33143088,88,14.3999996185303,1.5,"Train"
"65803","2000-11-01",-76.77853,39.24939,"2000-11-01","/home/ecologia/Documents/Lorena/capas/WorldClim_1970-2020_monthly_recortado/2000-11",32213452,95,13.3000001907349,2.70000004768372,"Train"
"65804","2000-11-01",-97.90934,27.51832,"2000-11-01","/home/ecologia/Documents/Lorena/capas/WorldClim_1970-2020_monthly_recortado/2000-11",47602089,33,24.6000003814697,12.3000001907349,"Test"
"65805","2000-11-01",-103.76053,19.946255,"2000-11-01","/home/ecologia/Documents/Lorena/capas/WorldClim_1970-2020_monthly_recortado/2000-11",57544938,34,22.1000003814697,6.40000009536743,"Train"
"65806","2000-11-01",-72.171425,41.33247,"2000-11-01","/home/ecologia/Documents/Lorena/capas/WorldClim_1970-2020_monthly_recortado/2000-11",29479255,117,11.8999996185303,2,"Train"
"65807","2000-11-01",-71.3526,42.459118,"2000-11-01","/home/ecologia/Documents/Lorena/capas/WorldClim_1970-2020_monthly_recortado/2000-11",27991649,111,10.8000001907349,-0.100000001490116,"Test"
"65808","2000-11-01",-103.69086,20.195454,"2000-11-01","/home/ecologia/Documents/Lorena/capas/WorldClim_1970-2020_monthly_recortado/2000-11",57216777,26,19.8999996185303,6.69999980926514,"Test"
"65809","2000-11-01",-109.14431,31.914465,"2000-11-01","/home/ecologia/Documents/Lorena/capas/WorldClim_1970-2020_monthly_recortado/2000-11",41835888,20,18.3999996185303,0.800000011920929,"Train"
"65810","2000-11-01",-84.25303,38.20978,"2000-11-01","/home/ecologia/Documents/Lorena/capas/WorldClim_1970-2020_monthly_recortado/2000-11",33568991,88,13.1999998092651,1.29999995231628,"Test"
"65811","2000-11-01",-78.61608,42.200172,"2000-11-01","/home/ecologia/Documents/Lorena/capas/WorldClim_1970-2020_monthly_recortado/2000-11",28329887,97,7.5,-1.89999997615814,"Train"
"65812","2000-11-01",-69.97386,41.83011,"2000-11-01","/home/ecologia/Documents/Lorena/capas/WorldClim_1970-2020_monthly_recortado/2000-11",28823179,109,10.3999996185303,3.79999995231628,"Train"
"65813","2000-11-01",-89.66689,37.376568,"2000-11-01","/home/ecologia/Documents/Lorena/capas/WorldClim_1970-2020_monthly_recortado/2000-11",34662241,110,14,2.40000009536743,"Train"
"65814","2000-11-01",-95.138405,31.79831,"2000-11-01","/home/ecologia/Documents/Lorena/capas/WorldClim_1970-2020_monthly_recortado/2000-11",41990715,99,19.7999992370605,7.19999980926514,"Test"
"65815","2000-11-01",-73.14893,43.057003,"2000-11-01","/home/ecologia/Documents/Lorena/capas/WorldClim_1970-2020_monthly_recortado/2000-11",27214765,96,8,-1.79999995231628,"Train"
"65816","2000-11-01",-73.20546,41.337204,"2000-11-01","/home/ecologia/Documents/Lorena/capas/WorldClim_1970-2020_monthly_recortado/2000-11",29468192,115,10.6000003814697,0.899999976158142,"Test"
"65817","2000-11-01",-85.73989,38.97536,"2000-11-01","/home/ecologia/Documents/Lorena/capas/WorldClim_1970-2020_monthly_recortado/2000-11",32562425,96,12.5,1.5,"Test"
"65818","2000-11-01",-74.97543,39.24992,"2000-11-01","/home/ecologia/Documents/Lorena/capas/WorldClim_1970-2020_monthly_recortado/2000-11",32213668,84,13.8000001907349,3.29999995231628,"Test"
"65819","2000-11-01",-119.19525,34.259094,"2000-11-01","/home/ecologia/Documents/Lorena/capas/WorldClim_1970-2020_monthly_recortado/2000-11",38749884,43,22.5,8.30000019073486,"Test"
"65820","2000-11-01",-99.00713,19.329407,"2000-11-01","/home/ecologia/Documents/Lorena/capas/WorldClim_1970-2020_monthly_recortado/2000-11",58354995,8,23.7000007629395,6.80000019073486,"Train"
"65821","2000-11-01",-111.14976,32.18359,"2000-11-01","/home/ecologia/Documents/Lorena/capas/WorldClim_1970-2020_monthly_recortado/2000-11",41474661,17,23.2999992370605,6.90000009536743,"Test"
"65822","2000-11-01",-97.83382,30.307482,"2000-11-01","/home/ecologia/Documents/Lorena/capas/WorldClim_1970-2020_monthly_recortado/2000-11",43948472,66,20.2999992370605,8.60000038146973,"Test"
"65823","2000-11-01",-84.01191,30.52646,"2000-11-01","/home/ecologia/Documents/Lorena/capas/WorldClim_1970-2020_monthly_recortado/2000-11",43654778,85,22.6000003814697,8.30000019073486,"Train"
"65824","2000-11-01",-98.08195,29.981844,"2000-11-01","/home/ecologia/Documents/Lorena/capas/WorldClim_1970-2020_monthly_recortado/2000-11",44375064,70,20.7999992370605,8.19999980926514,"Train"
"65825","2000-11-01",-95.577225,29.97,"2000-11-01","/home/ecologia/Documents/Lorena/capas/WorldClim_1970-2020_monthly_recortado/2000-11",44386303,103,22.5,10.1000003814697,"Train"
"65826","2000-11-01",-95.654015,29.991106,"2000-11-01","/home/ecologia/Documents/Lorena/capas/WorldClim_1970-2020_monthly_recortado/2000-11",44364416,104,22.3999996185303,9.80000019073486,"Train"
"65827","2000-11-01",-90.4287,30.685635,"2000-11-01","/home/ecologia/Documents/Lorena/capas/WorldClim_1970-2020_monthly_recortado/2000-11",43446167,123,21.3999996185303,7.59999990463257,"Test"
"65828","2000-11-01",-85.500755,42.46279,"2000-11-01","/home/ecologia/Documents/Lorena/capas/WorldClim_1970-2020_monthly_recortado/2000-11",27989951,77,8.10000038146973,-0.600000023841858,"Test"
"65829","2000-11-01",-75.24613,38.25025,"2000-11-01","/home/ecologia/Documents/Lorena/capas/WorldClim_1970-2020_monthly_recortado/2000-11",33515377,78,14.6000003814697,4.5,"Train"
"65830","2000-11-01",-98.80531,19.469122,"2000-11-01","/home/ecologia/Documents/Lorena/capas/WorldClim_1970-2020_monthly_recortado/2000-11",58169056,10,22,4.69999980926514,"Train"
"65831","2000-11-01",-110.23925,31.390451,"2000-11-01","/home/ecologia/Documents/Lorena/capas/WorldClim_1970-2020_monthly_recortado/2000-11",42524914,22,19.5,3.70000004768372,"Train"
"65832","2000-11-01",-110.189964,24.085524,"2000-11-01","/home/ecologia/Documents/Lorena/capas/WorldClim_1970-2020_monthly_recortado/2000-11",52107484,NA,NA,NA,"Train"
"65833","2000-11-01",-97.797035,30.693636,"2000-11-01","/home/ecologia/Documents/Lorena/capas/WorldClim_1970-2020_monthly_recortado/2000-11",43434344,64,20.2999992370605,7.59999990463257,"Test"
"65834","2000-11-01",-75.00701,40.46463,"2000-11-01","/home/ecologia/Documents/Lorena/capas/WorldClim_1970-2020_monthly_recortado/2000-11",30616571,102,11.6999998092651,0.699999988079071,"Train"
"65835","2000-11-01",-86.7844,36.16586,"2000-11-01","/home/ecologia/Documents/Lorena/capas/WorldClim_1970-2020_monthly_recortado/2000-11",36259681,113,16.5,3.5,"Train"
"65836","2000-11-01",-88.982086,43.0085,"2000-11-01","/home/ecologia/Documents/Lorena/capas/WorldClim_1970-2020_monthly_recortado/2000-11",27267560,58,7.09999990463257,-2.5,"Train"
"65837","2000-11-01",-90.862,29.8044,"2000-11-01","/home/ecologia/Documents/Lorena/capas/WorldClim_1970-2020_monthly_recortado/2000-11",44605649,118,22.3999996185303,9.80000019073486,"Train"
"65838","2000-11-01",-75.84137,39.565933,"2000-11-01","/home/ecologia/Documents/Lorena/capas/WorldClim_1970-2020_monthly_recortado/2000-11",31797883,85,13.5,2.90000009536743,"Train"
"65839","2000-11-01",-86.38204,48.715954,"2000-11-01","/home/ecologia/Documents/Lorena/capas/WorldClim_1970-2020_monthly_recortado/2000-11",19785596,71,2,-5,"Train"
"65840","2000-11-01",-97.48495,30.094494,"2000-11-01","/home/ecologia/Documents/Lorena/capas/WorldClim_1970-2020_monthly_recortado/2000-11",44221989,73,21.3999996185303,8.39999961853027,"Test"
"65841","2000-11-01",-103.68514,19.475769,"2000-11-01","/home/ecologia/Documents/Lorena/capas/WorldClim_1970-2020_monthly_recortado/2000-11",58157531,27,25.8999996185303,10.8000001907349,"Test"
"65842","2000-11-01",-75.93645,40.26656,"2000-11-01","/home/ecologia/Documents/Lorena/capas/WorldClim_1970-2020_monthly_recortado/2000-11",30878995,97,11.6999998092651,1.60000002384186,"Train"
"65843","2000-11-01",-84.241615,43.73188,"2000-11-01","/home/ecologia/Documents/Lorena/capas/WorldClim_1970-2020_monthly_recortado/2000-11",26327375,64,7.19999980926514,-1.29999995231628,"Test"
"65844","2000-11-01",-75.64941,40.331215,"2000-11-01","/home/ecologia/Documents/Lorena/capas/WorldClim_1970-2020_monthly_recortado/2000-11",30791518,97,12.1000003814697,1.10000002384186,"Train"
"65845","2000-11-01",-82.93864,39.612225,"2000-11-01","/home/ecologia/Documents/Lorena/capas/WorldClim_1970-2020_monthly_recortado/2000-11",31731397,78,11.8999996185303,0.899999976158142,"Test"
"65846","2000-11-01",-92.51063,34.809193,"2000-11-01","/home/ecologia/Documents/Lorena/capas/WorldClim_1970-2020_monthly_recortado/2000-11",38031112,135,16.7000007629395,4.5,"Test"
"65847","2000-11-01",-62.646496,45.59603,"2000-11-01","/home/ecologia/Documents/Lorena/capas/WorldClim_1970-2020_monthly_recortado/2000-11",23879630,138,7.69999980926514,0.100000001490116,"Train"
"65848","2000-11-01",-71.61705,41.410828,"2000-11-01","/home/ecologia/Documents/Lorena/capas/WorldClim_1970-2020_monthly_recortado/2000-11",29369931,122,11.3000001907349,1.89999997615814,"Train"
"65849","2000-11-01",-98.897835,19.00353,"2000-11-01","/home/ecologia/Documents/Lorena/capas/WorldClim_1970-2020_monthly_recortado/2000-11",58781629,12,23.2000007629395,8.10000038146973,"Train"
"65850","2000-11-01",-87.53753,34.86289,"2000-11-01","/home/ecologia/Documents/Lorena/capas/WorldClim_1970-2020_monthly_recortado/2000-11",37966075,127,16.7999992370605,4,"Train"
"65851","2000-11-01",-77.53085,37.475388,"2000-11-01","/home/ecologia/Documents/Lorena/capas/WorldClim_1970-2020_monthly_recortado/2000-11",34532430,85,16.2000007629395,3.20000004768372,"Train"
"65852","2000-11-01",-97.92156,28.10658,"2000-11-01","/home/ecologia/Documents/Lorena/capas/WorldClim_1970-2020_monthly_recortado/2000-11",46836358,40,23.6000003814697,12,"Train"
"65853","2000-11-01",-73.912445,40.89787,"2000-11-01","/home/ecologia/Documents/Lorena/capas/WorldClim_1970-2020_monthly_recortado/2000-11",30047874,105,12.1999998092651,3.20000004768372,"Train"
"65854","2000-11-01",-82.44926,29.053774,"2000-11-01","/home/ecologia/Documents/Lorena/capas/WorldClim_1970-2020_monthly_recortado/2000-11",45591169,61,24.8999996185303,11.5,"Train"
"65855","2000-11-01",-95.68785,30.125086,"2000-11-01","/home/ecologia/Documents/Lorena/capas/WorldClim_1970-2020_monthly_recortado/2000-11",44178449,108,21.5,9.10000038146973,"Test"
"65856","2000-11-01",-97.397446,27.800543,"2000-11-01","/home/ecologia/Documents/Lorena/capas/WorldClim_1970-2020_monthly_recortado/2000-11",47230225,44,24.1000003814697,14.3000001907349,"Test"
"65857","2000-11-01",-84.12896,37.967636,"2000-11-01","/home/ecologia/Documents/Lorena/capas/WorldClim_1970-2020_monthly_recortado/2000-11",33886237,92,13.5,1.39999997615814,"Train"
"65858","2000-11-01",-96.917854,31.18106,"2000-11-01","/home/ecologia/Documents/Lorena/capas/WorldClim_1970-2020_monthly_recortado/2000-11",42799987,77,20.7000007629395,8.10000038146973,"Train"
"65859","2000-11-01",-84.64831,33.970947,"2000-11-01","/home/ecologia/Documents/Lorena/capas/WorldClim_1970-2020_monthly_recortado/2000-11",39136895,93,16.8999996185303,4.69999980926514,"Train"
"65860","2000-11-01",-88.99117,42.23805,"2000-11-01","/home/ecologia/Documents/Lorena/capas/WorldClim_1970-2020_monthly_recortado/2000-11",28284886,67,7.69999980926514,-1.89999997615814,"Train"
"65861","2000-11-01",-85.54294,38.235195,"2000-11-01","/home/ecologia/Documents/Lorena/capas/WorldClim_1970-2020_monthly_recortado/2000-11",33536019,99,13.6000003814697,2.59999990463257,"Train"
"65862","2000-11-01",-97.77713,30.467365,"2000-11-01","/home/ecologia/Documents/Lorena/capas/WorldClim_1970-2020_monthly_recortado/2000-11",43729699,64,20.7999992370605,8.30000019073486,"Train"
"65863","2000-11-01",-96.630714,28.63128,"2000-11-01","/home/ecologia/Documents/Lorena/capas/WorldClim_1970-2020_monthly_recortado/2000-11",46147356,78,23.8999996185303,12,"Train"
"65864","2000-11-01",-97.516136,25.937563,"2000-11-01","/home/ecologia/Documents/Lorena/capas/WorldClim_1970-2020_monthly_recortado/2000-11",49680547,39,25.3999996185303,15.1000003814697,"Test"
"65865","2000-11-01",-85.36212,38.42423,"2000-11-01","/home/ecologia/Documents/Lorena/capas/WorldClim_1970-2020_monthly_recortado/2000-11",33295383,98,12.8000001907349,1.79999995231628,"Test"
"65866","2000-11-01",-101.36327,20.951927,"2000-11-01","/home/ecologia/Documents/Lorena/capas/WorldClim_1970-2020_monthly_recortado/2000-11",56221607,10,25.7999992370605,8.19999980926514,"Train"
"65867","2000-11-01",-91.11752,30.441956,"2000-11-01","/home/ecologia/Documents/Lorena/capas/WorldClim_1970-2020_monthly_recortado/2000-11",43763315,116,21.8999996185303,9.10000038146973,"Test"
"65868","2000-11-01",-96.00443,29.985567,"2000-11-01","/home/ecologia/Documents/Lorena/capas/WorldClim_1970-2020_monthly_recortado/2000-11",44364374,98,22.5,9,"Train"
"65869","2000-11-01",-95.72937,29.621819,"2000-11-01","/home/ecologia/Documents/Lorena/capas/WorldClim_1970-2020_monthly_recortado/2000-11",44845723,99,22.6000003814697,10,"Train"
"65870","2000-11-01",-80.04999,47.82935,"2000-11-01","/home/ecologia/Documents/Lorena/capas/WorldClim_1970-2020_monthly_recortado/2000-11",20945890,63,1.10000002384186,-6.69999980926514,"Test"
"65871","2000-11-01",-98.70946,29.747997,"2000-11-01","/home/ecologia/Documents/Lorena/capas/WorldClim_1970-2020_monthly_recortado/2000-11",44681280,67,20.7999992370605,7.30000019073486,"Train"
"65872","2000-11-01",-77.97478,39.344322,"2000-11-01","/home/ecologia/Documents/Lorena/capas/WorldClim_1970-2020_monthly_recortado/2000-11",32082041,80,13.1999998092651,1.20000004768372,"Train"
"65873","2000-11-01",-97.86511,30.347826,"2000-11-01","/home/ecologia/Documents/Lorena/capas/WorldClim_1970-2020_monthly_recortado/2000-11",43893774,64,20.5,8.5,"Train"
"65874","2000-11-01",-74.93378,38.945026,"2000-11-01","/home/ecologia/Documents/Lorena/capas/WorldClim_1970-2020_monthly_recortado/2000-11",32607477,82,13.8000001907349,4.59999990463257,"Train"
"65875","2000-11-01",-95.4437,29.029165,"2000-11-01","/home/ecologia/Documents/Lorena/capas/WorldClim_1970-2020_monthly_recortado/2000-11",45622426,118,22.5,11.8000001907349,"Train"
"65876","2000-11-01",-99.761536,29.776276,"2000-11-01","/home/ecologia/Documents/Lorena/capas/WorldClim_1970-2020_monthly_recortado/2000-11",44637398,42,20.7000007629395,6.90000009536743,"Train"
"65877","2000-11-01",-99.181305,19.032034,"2000-11-01","/home/ecologia/Documents/Lorena/capas/WorldClim_1970-2020_monthly_recortado/2000-11",58748778,17,20.2000007629395,6.30000019073486,"Train"
"65878","2000-11-01",-76.823654,38.654366,"2000-11-01","/home/ecologia/Documents/Lorena/capas/WorldClim_1970-2020_monthly_recortado/2000-11",32990116,84,14.1999998092651,2.90000009536743,"Train"
"65879","2000-11-01",-84.80254,37.65899,"2000-11-01","/home/ecologia/Documents/Lorena/capas/WorldClim_1970-2020_monthly_recortado/2000-11",34290899,99,13.6999998092651,2.29999995231628,"Train"
"65880","2000-11-01",-85.6845,36.14921,"2000-11-01","/home/ecologia/Documents/Lorena/capas/WorldClim_1970-2020_monthly_recortado/2000-11",36281691,121,15.6000003814697,2.59999990463257,"Train"
"65881","2000-11-01",-98.63285,30.28805,"2000-11-01","/home/ecologia/Documents/Lorena/capas/WorldClim_1970-2020_monthly_recortado/2000-11",43970255,55,20.7000007629395,6.90000009536743,"Train"
"65882","2000-11-01",-88.4334,42.59172,"2000-11-01","/home/ecologia/Documents/Lorena/capas/WorldClim_1970-2020_monthly_recortado/2000-11",27814575,67,7.59999990463257,-1.5,"Train"
"65883","2000-11-01",-75.215485,40.33936,"2000-11-01","/home/ecologia/Documents/Lorena/capas/WorldClim_1970-2020_monthly_recortado/2000-11",30780631,101,11.6999998092651,1.10000002384186,"Train"
"65884","2000-11-01",-96.74095,17.157713,"2000-11-01","/home/ecologia/Documents/Lorena/capas/WorldClim_1970-2020_monthly_recortado/2000-11",61210346,20,25.2000007629395,10.6000003814697,"Train"
"65885","2000-11-01",-82.91635,40.171356,"2000-11-01","/home/ecologia/Documents/Lorena/capas/WorldClim_1970-2020_monthly_recortado/2000-11",30998487,83,10.6999998092651,0.699999988079071,"Train"
"65886","2000-11-01",-76.58467,39.662678,"2000-11-01","/home/ecologia/Documents/Lorena/capas/WorldClim_1970-2020_monthly_recortado/2000-11",31666525,95,12,1.89999997615814,"Test"
"65887","2000-11-01",-93.21686,30.21497,"2000-11-01","/home/ecologia/Documents/Lorena/capas/WorldClim_1970-2020_monthly_recortado/2000-11",44069355,114,21.7999992370605,10.1000003814697,"Test"
"65888","2000-11-01",-123.35811,43.279575,"2000-11-01","/home/ecologia/Documents/Lorena/capas/WorldClim_1970-2020_monthly_recortado/2000-11",26913387,160,13.1999998092651,3.79999995231628,"Train"
"65889","2000-11-01",-77.31637,38.805805,"2000-11-01","/home/ecologia/Documents/Lorena/capas/WorldClim_1970-2020_monthly_recortado/2000-11",32793155,85,14.1000003814697,2.70000004768372,"Test"
"65890","2000-11-01",-103.50037,20.572205,"2000-11-01","/home/ecologia/Documents/Lorena/capas/WorldClim_1970-2020_monthly_recortado/2000-11",56724544,15,24.5,8.19999980926514,"Train"
"65891","2000-11-01",-99.66382,29.832073,"2000-11-01","/home/ecologia/Documents/Lorena/capas/WorldClim_1970-2020_monthly_recortado/2000-11",44571776,43,20.3999996185303,6.59999990463257,"Train"
"65892","2000-11-01",-72.14668,45.26457,"2000-11-01","/home/ecologia/Documents/Lorena/capas/WorldClim_1970-2020_monthly_recortado/2000-11",24316050,99,5.19999980926514,-2.59999990463257,"Train"
"65893","2000-11-01",-102.95318,29.178244,"2000-11-01","/home/ecologia/Documents/Lorena/capas/WorldClim_1970-2020_monthly_recortado/2000-11",45424623,9,24.6000003814697,7.80000019073486,"Train"
"65894","2000-11-01",-76.33139,40.573074,"2000-11-01","/home/ecologia/Documents/Lorena/capas/WorldClim_1970-2020_monthly_recortado/2000-11",30474205,99,11,0.699999988079071,"Train"
"65895","2000-11-01",-111.00075,31.866468,"2000-11-01","/home/ecologia/Documents/Lorena/capas/WorldClim_1970-2020_monthly_recortado/2000-11",41901299,18,22.2000007629395,5.30000019073486,"Train"
"65896","2000-11-01",-80.108574,26.446426,"2000-11-01","/home/ecologia/Documents/Lorena/capas/WorldClim_1970-2020_monthly_recortado/2000-11",49015356,106,27.2999992370605,18.6000003814697,"Train"
"65897","2000-11-01",-99.14801,18.896057,"2000-11-01","/home/ecologia/Documents/Lorena/capas/WorldClim_1970-2020_monthly_recortado/2000-11",58923806,14,28.2000007629395,12.8999996185303,"Train"
"65898","2000-11-01",-84.21753,30.533464,"2000-11-01","/home/ecologia/Documents/Lorena/capas/WorldClim_1970-2020_monthly_recortado/2000-11",43643814,89,22.5,8.80000019073486,"Test"
"65899","2000-11-01",-97.92867,30.40145,"2000-11-01","/home/ecologia/Documents/Lorena/capas/WorldClim_1970-2020_monthly_recortado/2000-11",43817193,62,20.3999996185303,8.89999961853027,"Train"
"65900","2000-11-01",-77.37897,39.952267,"2000-11-01","/home/ecologia/Documents/Lorena/capas/WorldClim_1970-2020_monthly_recortado/2000-11",31283565,97,10.6999998092651,1.20000004768372,"Train"
"65901","2000-11-01",-108.26968,32.826607,"2000-11-01","/home/ecologia/Documents/Lorena/capas/WorldClim_1970-2020_monthly_recortado/2000-11",40632703,26,15.3000001907349,-2.29999995231628,"Train"
"65902","2000-11-01",-96.76272,17.159828,"2000-11-01","/home/ecologia/Documents/Lorena/capas/WorldClim_1970-2020_monthly_recortado/2000-11",61199404,13,27.8999996185303,11.3999996185303,"Train"
"65903","2000-11-01",-99.273895,19.752724,"2000-11-01","/home/ecologia/Documents/Lorena/capas/WorldClim_1970-2020_monthly_recortado/2000-11",57797074,18,20.5,4.40000009536743,"Train"
"65904","2000-11-01",-98.51337,29.502216,"2000-11-01","/home/ecologia/Documents/Lorena/capas/WorldClim_1970-2020_monthly_recortado/2000-11",44998535,59,22.1000003814697,9.69999980926514,"Train"
"65905","2000-11-01",-85.54028,42.376457,"2000-11-01","/home/ecologia/Documents/Lorena/capas/WorldClim_1970-2020_monthly_recortado/2000-11",28099337,74,8.30000019073486,-0.699999988079071,"Train"
"65906","2000-11-01",-74.017,40.23397,"2000-11-01","/home/ecologia/Documents/Lorena/capas/WorldClim_1970-2020_monthly_recortado/2000-11",30912042,100,12.8000001907349,3.20000004768372,"Train"
"65907","2000-11-01",-98.55624,29.607248,"2000-11-01","/home/ecologia/Documents/Lorena/capas/WorldClim_1970-2020_monthly_recortado/2000-11",44867262,62,21.2000007629395,8.89999961853027,"Train"
"65908","2000-11-01",-90.5542,30.0745,"2000-11-01","/home/ecologia/Documents/Lorena/capas/WorldClim_1970-2020_monthly_recortado/2000-11",44255638,114,21.8999996185303,9.69999980926514,"Test"
"65909","2000-11-01",-97.77183,30.262934,"2000-11-01","/home/ecologia/Documents/Lorena/capas/WorldClim_1970-2020_monthly_recortado/2000-11",44003175,66,21,9.19999980926514,"Train"
"65910","2000-11-01",-93.19501,37.605152,"2000-11-01","/home/ecologia/Documents/Lorena/capas/WorldClim_1970-2020_monthly_recortado/2000-11",34366465,92,13.1000003814697,1.5,"Train"
"65911","2000-11-01",-101.13295,19.57093,"2000-11-01","/home/ecologia/Documents/Lorena/capas/WorldClim_1970-2020_monthly_recortado/2000-11",58037509,22,20,6.90000009536743,"Test"
"65912","2000-11-01",-75.94659,41.646618,"2000-11-01","/home/ecologia/Documents/Lorena/capas/WorldClim_1970-2020_monthly_recortado/2000-11",29063120,85,9,-0.699999988079071,"Train"
"65913","2000-11-01",-75.65715,39.79981,"2000-11-01","/home/ecologia/Documents/Lorena/capas/WorldClim_1970-2020_monthly_recortado/2000-11",31491613,94,12.6000003814697,2.5,"Test"
"65914","2000-11-01",-75.462814,42.28053,"2000-11-01","/home/ecologia/Documents/Lorena/capas/WorldClim_1970-2020_monthly_recortado/2000-11",28231814,91,8.5,-1,"Train"
"65915","2000-11-01",-63.54023,44.518845,"2000-11-01","/home/ecologia/Documents/Lorena/capas/WorldClim_1970-2020_monthly_recortado/2000-11",25290654,141,8.10000038146973,1,"Train"
"65916","2000-11-01",-90.84231,29.808397,"2000-11-01","/home/ecologia/Documents/Lorena/capas/WorldClim_1970-2020_monthly_recortado/2000-11",44594712,118,22.2999992370605,9.89999961853027,"Train"
"65917","2000-11-01",-83.50983,30.736782,"2000-11-01","/home/ecologia/Documents/Lorena/capas/WorldClim_1970-2020_monthly_recortado/2000-11",43381363,75,22.3999996185303,8.60000038146973,"Test"
"65918","2000-11-01",-75.64765,39.52524,"2000-11-01","/home/ecologia/Documents/Lorena/capas/WorldClim_1970-2020_monthly_recortado/2000-11",31841662,84,13.5,2.90000009536743,"Train"
"65919","2000-11-01",-72.83042,41.80961,"2000-11-01","/home/ecologia/Documents/Lorena/capas/WorldClim_1970-2020_monthly_recortado/2000-11",28844714,104,10.8000001907349,0.200000002980232,"Train"
"65920","2000-11-01",-94.86832,32.363724,"2000-11-01","/home/ecologia/Documents/Lorena/capas/WorldClim_1970-2020_monthly_recortado/2000-11",41246895,111,19.3999996185303,6.40000009536743,"Train"
"65921","2000-11-01",-81.78018,40.599815,"2000-11-01","/home/ecologia/Documents/Lorena/capas/WorldClim_1970-2020_monthly_recortado/2000-11",30440734,80,9.69999980926514,0.200000002980232,"Test"
"65922","2000-11-01",-94.36958,36.848984,"2000-11-01","/home/ecologia/Documents/Lorena/capas/WorldClim_1970-2020_monthly_recortado/2000-11",35361773,106,14.1999998092651,2,"Train"
"65923","2000-11-01",-103.12557,20.347584,"2000-11-01","/home/ecologia/Documents/Lorena/capas/WorldClim_1970-2020_monthly_recortado/2000-11",57019942,15,25.2999992370605,10.5,"Test"
"65924","2000-11-01",-98.34763,29.578608,"2000-11-01","/home/ecologia/Documents/Lorena/capas/WorldClim_1970-2020_monthly_recortado/2000-11",44900104,63,21.8999996185303,9.39999961853027,"Train"
"65925","2000-11-01",-98.080124,30.203974,"2000-11-01","/home/ecologia/Documents/Lorena/capas/WorldClim_1970-2020_monthly_recortado/2000-11",44079711,65,20.6000003814697,7.59999990463257,"Train"
"65926","2000-11-01",-97.63107,26.13255,"2000-11-01","/home/ecologia/Documents/Lorena/capas/WorldClim_1970-2020_monthly_recortado/2000-11",49428936,37,25.1000003814697,14.1000003814697,"Test"
"65927","2000-11-01",-71.71209,41.92245,"2000-11-01","/home/ecologia/Documents/Lorena/capas/WorldClim_1970-2020_monthly_recortado/2000-11",28702641,120,10.6000003814697,0.200000002980232,"Test"
"65928","2000-11-01",-70.88717,41.64828,"2000-11-01","/home/ecologia/Documents/Lorena/capas/WorldClim_1970-2020_monthly_recortado/2000-11",29063727,118,11.3999996185303,2.20000004768372,"Test"
"65929","2000-11-01",-99.145676,30.168968,"2000-11-01","/home/ecologia/Documents/Lorena/capas/WorldClim_1970-2020_monthly_recortado/2000-11",44123339,47,20,6.09999990463257,"Test"
"65930","2000-11-01",-99.12218,19.598303,"2000-11-01","/home/ecologia/Documents/Lorena/capas/WorldClim_1970-2020_monthly_recortado/2000-11",58004933,12,20.2999992370605,5.09999990463257,"Test"
"65931","2000-11-01",-76.80381,39.86864,"2000-11-01","/home/ecologia/Documents/Lorena/capas/WorldClim_1970-2020_monthly_recortado/2000-11",31393024,92,11.8999996185303,1.5,"Train"
"65932","2000-11-01",-95.183655,30.077675,"2000-11-01","/home/ecologia/Documents/Lorena/capas/WorldClim_1970-2020_monthly_recortado/2000-11",44244143,105,22.1000003814697,9.69999980926514,"Train"
"65933","2000-11-01",-83.62716,32.87286,"2000-11-01","/home/ecologia/Documents/Lorena/capas/WorldClim_1970-2020_monthly_recortado/2000-11",40580965,80,20.2000007629395,6.30000019073486,"Train"
"65934","2000-11-01",-72.63611,42.21326,"2000-11-01","/home/ecologia/Documents/Lorena/capas/WorldClim_1970-2020_monthly_recortado/2000-11",28319665,105,10.5,-0.5,"Test"
"65935","2000-11-01",-95.41582,30.152243,"2000-11-01","/home/ecologia/Documents/Lorena/capas/WorldClim_1970-2020_monthly_recortado/2000-11",44145665,103,22.1000003814697,9.5,"Train"
"65936","2000-11-01",-98.273056,26.278542,"2000-11-01","/home/ecologia/Documents/Lorena/capas/WorldClim_1970-2020_monthly_recortado/2000-11",49231957,26,25.7000007629395,13.6000003814697,"Test"
"65937","2000-11-01",-99.19143,19.25536,"2000-11-01","/home/ecologia/Documents/Lorena/capas/WorldClim_1970-2020_monthly_recortado/2000-11",58453424,13,20.7999992370605,4.90000009536743,"Test"
"65938","2000-11-01",-81.20169,36.51832,"2000-11-01","/home/ecologia/Documents/Lorena/capas/WorldClim_1970-2020_monthly_recortado/2000-11",35789974,101,12.8999996185303,-0.100000001490116,"Train"
"65939","2000-11-01",-75.045456,40.002445,"2000-11-01","/home/ecologia/Documents/Lorena/capas/WorldClim_1970-2020_monthly_recortado/2000-11",31218211,90,13.5,2.79999995231628,"Test"
"65940","2000-11-01",-84.04122,33.97058,"2000-11-01","/home/ecologia/Documents/Lorena/capas/WorldClim_1970-2020_monthly_recortado/2000-11",39136968,99,17.7000007629395,5.30000019073486,"Train"
"65941","2000-11-01",-92.3926,35.0029,"2000-11-01","/home/ecologia/Documents/Lorena/capas/WorldClim_1970-2020_monthly_recortado/2000-11",37779529,133,16.7999992370605,4.59999990463257,"Train"
"65942","2000-11-01",-84.23755,37.595078,"2000-11-01","/home/ecologia/Documents/Lorena/capas/WorldClim_1970-2020_monthly_recortado/2000-11",34378479,94,14,2.20000004768372,"Train"
"65943","2000-11-01",-96.508995,29.850903,"2000-11-01","/home/ecologia/Documents/Lorena/capas/WorldClim_1970-2020_monthly_recortado/2000-11",44539337,89,22.2999992370605,8.80000019073486,"Train"
"65944","2000-11-01",-96.50398,16.051636,"2000-11-01","/home/ecologia/Documents/Lorena/capas/WorldClim_1970-2020_monthly_recortado/2000-11",62654322,25,22.7999992370605,12.1000003814697,"Train"
"65945","2000-11-01",-70.43697,41.61681,"2000-11-01","/home/ecologia/Documents/Lorena/capas/WorldClim_1970-2020_monthly_recortado/2000-11",29096598,115,10.8999996185303,2.90000009536743,"Train"
"65946","2000-11-01",-78.38381,38.092335,"2000-11-01","/home/ecologia/Documents/Lorena/capas/WorldClim_1970-2020_monthly_recortado/2000-11",33722841,89,14.8999996185303,2,"Train"
"65947","2000-11-01",-90.08236,30.364767,"2000-11-01","/home/ecologia/Documents/Lorena/capas/WorldClim_1970-2020_monthly_recortado/2000-11",43872830,117,21.5,9.30000019073486,"Train"
"65948","2000-11-01",-99.08943,19.609467,"2000-11-01","/home/ecologia/Documents/Lorena/capas/WorldClim_1970-2020_monthly_recortado/2000-11",57983059,9,21.6000003814697,5.30000019073486,"Test"
"65949","2000-11-01",-79.00277,38.21694,"2000-11-01","/home/ecologia/Documents/Lorena/capas/WorldClim_1970-2020_monthly_recortado/2000-11",33558682,78,13.5,0.5,"Train"
"65950","2000-11-01",-81.33234,35.86642,"2000-11-01","/home/ecologia/Documents/Lorena/capas/WorldClim_1970-2020_monthly_recortado/2000-11",36654140,91,15.8999996185303,2.09999990463257,"Train"
"65951","2000-11-01",-101.29273,19.652296,"2000-11-01","/home/ecologia/Documents/Lorena/capas/WorldClim_1970-2020_monthly_recortado/2000-11",57928099,14,24.2000007629395,6.19999980926514,"Train"
"65952","2000-11-01",-77.565285,39.95101,"2000-11-01","/home/ecologia/Documents/Lorena/capas/WorldClim_1970-2020_monthly_recortado/2000-11",31283543,90,11.6999998092651,1.10000002384186,"Test"
"65953","2000-11-01",-92.398735,34.795254,"2000-11-01","/home/ecologia/Documents/Lorena/capas/WorldClim_1970-2020_monthly_recortado/2000-11",38053004,138,16.8999996185303,5.09999990463257,"Train"
"65954","2000-11-01",-95.46198,30.142647,"2000-11-01","/home/ecologia/Documents/Lorena/capas/WorldClim_1970-2020_monthly_recortado/2000-11",44156598,104,21.8999996185303,9.5,"Train"
"65955","2000-11-01",-84.00031,43.409233,"2000-11-01","/home/ecologia/Documents/Lorena/capas/WorldClim_1970-2020_monthly_recortado/2000-11",26743085,67,7.40000009536743,-0.699999988079071,"Test"
"65956","2000-11-01",-95.06448,29.46187,"2000-11-01","/home/ecologia/Documents/Lorena/capas/WorldClim_1970-2020_monthly_recortado/2000-11",45053644,108,21.7000007629395,11.8000001907349,"Train"
"65957","2000-11-01",-101.91274,33.588825,"2000-11-01","/home/ecologia/Documents/Lorena/capas/WorldClim_1970-2020_monthly_recortado/2000-11",39638017,19,17.2000007629395,2.29999995231628,"Train"
"65958","2000-11-01",-77.70823,40.060238,"2000-11-01","/home/ecologia/Documents/Lorena/capas/WorldClim_1970-2020_monthly_recortado/2000-11",31141319,86,11.5,1.10000002384186,"Test"
"65959","2000-11-01",-92.258415,34.781223,"2000-11-01","/home/ecologia/Documents/Lorena/capas/WorldClim_1970-2020_monthly_recortado/2000-11",38074898,137,17.2000007629395,5.19999980926514,"Train"
"65960","2000-11-01",-76.70476,42.617126,"2000-11-01","/home/ecologia/Documents/Lorena/capas/WorldClim_1970-2020_monthly_recortado/2000-11",27783166,80,8.89999961853027,0.600000023841858,"Train"
"65961","2000-11-01",-78.78567,38.428783,"2000-11-01","/home/ecologia/Documents/Lorena/capas/WorldClim_1970-2020_monthly_recortado/2000-11",33285233,79,13,0.5,"Train"
"65962","2000-11-01",-84.2835,42.689125,"2000-11-01","/home/ecologia/Documents/Lorena/capas/WorldClim_1970-2020_monthly_recortado/2000-11",27694744,71,7.90000009536743,-0.800000011920929,"Train"
"65963","2000-11-01",-85.98759,39.88629,"2000-11-01","/home/ecologia/Documents/Lorena/capas/WorldClim_1970-2020_monthly_recortado/2000-11",31370044,87,10.6999998092651,0.899999976158142,"Test"
"65964","2000-11-01",-72.72611,41.33895,"2000-11-01","/home/ecologia/Documents/Lorena/capas/WorldClim_1970-2020_monthly_recortado/2000-11",29468249,110,11.3000001907349,1.70000004768372,"Train"
"65965","2000-11-01",-101.19305,19.573383,"2000-11-01","/home/ecologia/Documents/Lorena/capas/WorldClim_1970-2020_monthly_recortado/2000-11",58037501,21,21.7999992370605,6.80000019073486,"Train"
"65966","2000-11-01",-82.34586,27.428547,"2000-11-01","/home/ecologia/Documents/Lorena/capas/WorldClim_1970-2020_monthly_recortado/2000-11",47724286,53,26.7000007629395,14.3000001907349,"Train"
"65967","2000-11-01",-90.33729,30.67939,"2000-11-01","/home/ecologia/Documents/Lorena/capas/WorldClim_1970-2020_monthly_recortado/2000-11",43457117,124,21.3999996185303,7.59999990463257,"Train"
"65968","2000-11-01",-98.551605,29.835072,"2000-11-01","/home/ecologia/Documents/Lorena/capas/WorldClim_1970-2020_monthly_recortado/2000-11",44560970,67,20.7000007629395,7.40000009536743,"Train"
"65969","2000-11-01",-92.49444,34.716667,"2000-11-01","/home/ecologia/Documents/Lorena/capas/WorldClim_1970-2020_monthly_recortado/2000-11",38151443,137,16.6000003814697,4.5,"Test"
"65970","2000-11-01",-88.152756,30.517076,"2000-11-01","/home/ecologia/Documents/Lorena/capas/WorldClim_1970-2020_monthly_recortado/2000-11",43665220,121,21.2999992370605,9.30000019073486,"Test"
"65971","2000-11-01",-71.090965,42.845104,"2000-11-01","/home/ecologia/Documents/Lorena/capas/WorldClim_1970-2020_monthly_recortado/2000-11",27488487,106,10.1999998092651,-0.400000005960464,"Train"
"65972","2000-11-01",-104.50993,21.125498,"2000-11-01","/home/ecologia/Documents/Lorena/capas/WorldClim_1970-2020_monthly_recortado/2000-11",55991510,24,22.7000007629395,6.80000019073486,"Train"
"65973","2000-11-01",-99.11349,19.02055,"2000-11-01","/home/ecologia/Documents/Lorena/capas/WorldClim_1970-2020_monthly_recortado/2000-11",58759725,20,20.7000007629395,6.90000009536743,"Train"
"65974","2000-11-01",-102.55554,22.092327,"2000-11-01","/home/ecologia/Documents/Lorena/capas/WorldClim_1970-2020_monthly_recortado/2000-11",54722821,12,21.8999996185303,5.30000019073486,"Train"
"65975","2000-11-01",-72.48968,41.59368,"2000-11-01","/home/ecologia/Documents/Lorena/capas/WorldClim_1970-2020_monthly_recortado/2000-11",29129169,117,10.6999998092651,0.800000011920929,"Train"
"65976","2000-11-01",-97.82454,28.54423,"2000-11-01","/home/ecologia/Documents/Lorena/capas/WorldClim_1970-2020_monthly_recortado/2000-11",46256603,48,23.6000003814697,10.5,"Train"
"65977","2000-11-01",-96.64866,17.09946,"2000-11-01","/home/ecologia/Documents/Lorena/capas/WorldClim_1970-2020_monthly_recortado/2000-11",61286930,15,26.2000007629395,11.1000003814697,"Train"
"65978","2000-11-01",-86.827034,30.680307,"2000-11-01","/home/ecologia/Documents/Lorena/capas/WorldClim_1970-2020_monthly_recortado/2000-11",43457538,103,21.2000007629395,8.69999980926514,"Train"
"65979","2000-11-01",-89.01647,40.73924,"2000-11-01","/home/ecologia/Documents/Lorena/capas/WorldClim_1970-2020_monthly_recortado/2000-11",30253903,76,9.5,-0.5,"Train"
"65980","2000-11-01",-82.730484,35.226765,"2000-11-01","/home/ecologia/Documents/Lorena/capas/WorldClim_1970-2020_monthly_recortado/2000-11",37485336,138,15.3000001907349,1.20000004768372,"Test"
"65981","2000-11-01",-94.42288,36.398415,"2000-11-01","/home/ecologia/Documents/Lorena/capas/WorldClim_1970-2020_monthly_recortado/2000-11",35952473,109,14.6999998092651,2.40000009536743,"Train"
"65982","2000-11-01",-90.94232,30.3107,"2000-11-01","/home/ecologia/Documents/Lorena/capas/WorldClim_1970-2020_monthly_recortado/2000-11",43938360,116,21.7999992370605,8.89999961853027,"Train"
"65983","2000-11-01",-70.88979,42.2418,"2000-11-01","/home/ecologia/Documents/Lorena/capas/WorldClim_1970-2020_monthly_recortado/2000-11",28276119,109,11.1000003814697,1.79999995231628,"Train"
"65984","2000-11-01",-89.00976,36.87066,"2000-11-01","/home/ecologia/Documents/Lorena/capas/WorldClim_1970-2020_monthly_recortado/2000-11",35329599,112,14.6999998092651,3.09999990463257,"Train"
"65985","2000-11-01",-86.51596,34.73597,"2000-11-01","/home/ecologia/Documents/Lorena/capas/WorldClim_1970-2020_monthly_recortado/2000-11",38130283,130,15.6000003814697,3.59999990463257,"Train"
"65986","2000-11-01",-73.24535,42.45008,"2000-11-01","/home/ecologia/Documents/Lorena/capas/WorldClim_1970-2020_monthly_recortado/2000-11",28002361,93,8.39999961853027,-2,"Train"
"65987","2000-11-01",-90.496895,30.079678,"2000-11-01","/home/ecologia/Documents/Lorena/capas/WorldClim_1970-2020_monthly_recortado/2000-11",44244706,116,21.7999992370605,9.80000019073486,"Train"
"65988","2000-11-01",-90.11673,30.524202,"2000-11-01","/home/ecologia/Documents/Lorena/capas/WorldClim_1970-2020_monthly_recortado/2000-11",43664984,123,21.2999992370605,8.30000019073486,"Train"
"65989","2000-11-01",-96.80116,28.3108,"2000-11-01","/home/ecologia/Documents/Lorena/capas/WorldClim_1970-2020_monthly_recortado/2000-11",46563017,72,23.2999992370605,13,"Train"
"65990","2000-11-01",-98.42671,29.693983,"2000-11-01","/home/ecologia/Documents/Lorena/capas/WorldClim_1970-2020_monthly_recortado/2000-11",44746948,67,20.7000007629395,8.19999980926514,"Train"
"65991","2000-11-01",-99.10479,19.596,"2000-11-01","/home/ecologia/Documents/Lorena/capas/WorldClim_1970-2020_monthly_recortado/2000-11",58004935,11,20.2999992370605,5,"Train"
"65992","2000-11-01",-104.64979,23.961245,"2000-11-01","/home/ecologia/Documents/Lorena/capas/WorldClim_1970-2020_monthly_recortado/2000-11",52272234,16,23.6000003814697,4.59999990463257,"Train"
"65993","2000-11-01",-95.568954,30.347046,"2000-11-01","/home/ecologia/Documents/Lorena/capas/WorldClim_1970-2020_monthly_recortado/2000-11",43894049,105,21.5,9.69999980926514,"Train"
"65994","2000-11-01",-82.94796,32.55271,"2000-11-01","/home/ecologia/Documents/Lorena/capas/WorldClim_1970-2020_monthly_recortado/2000-11",40996729,76,21,6.40000009536743,"Train"
"65995","2000-11-01",-81.88549,40.556053,"2000-11-01","/home/ecologia/Documents/Lorena/capas/WorldClim_1970-2020_monthly_recortado/2000-11",30495416,81,10,0.400000005960464,"Train"
"65996","2000-11-01",-72.57453,42.25839,"2000-11-01","/home/ecologia/Documents/Lorena/capas/WorldClim_1970-2020_monthly_recortado/2000-11",28254039,101,10.6000003814697,-0.600000023841858,"Train"
"65997","2000-11-01",-86.5128,36.914524,"2000-11-01","/home/ecologia/Documents/Lorena/capas/WorldClim_1970-2020_monthly_recortado/2000-11",35275204,112,14.6999998092651,2.59999990463257,"Test"
"65998","2000-11-01",-110.223976,31.378338,"2000-11-01","/home/ecologia/Documents/Lorena/capas/WorldClim_1970-2020_monthly_recortado/2000-11",42535855,21,20,3.70000004768372,"Train"
"65999","2000-11-01",-74.93287,38.964466,"2000-11-01","/home/ecologia/Documents/Lorena/capas/WorldClim_1970-2020_monthly_recortado/2000-11",32585600,82,13.8000001907349,4.5,"Train"
"66000","2000-11-01",-75.386734,40.234554,"2000-11-01","/home/ecologia/Documents/Lorena/capas/WorldClim_1970-2020_monthly_recortado/2000-11",30911878,96,12.6000003814697,1.29999995231628,"Test"
"66001","2000-11-01",-72.39788,42.049206,"2000-11-01","/home/ecologia/Documents/Lorena/capas/WorldClim_1970-2020_monthly_recortado/2000-11",28538474,108,10.3000001907349,-0.400000005960464,"Test"
"66002","2000-11-01",-95.60656,29.563583,"2000-11-01","/home/ecologia/Documents/Lorena/capas/WorldClim_1970-2020_monthly_recortado/2000-11",44922311,101,22.6000003814697,10.5,"Train"
"66003","2000-11-01",-104.9923,21.487095,"2000-11-01","/home/ecologia/Documents/Lorena/capas/WorldClim_1970-2020_monthly_recortado/2000-11",55521075,28,24.3999996185303,9.10000038146973,"Test"
"66004","2000-11-01",-84.215675,35.962543,"2000-11-01","/home/ecologia/Documents/Lorena/capas/WorldClim_1970-2020_monthly_recortado/2000-11",36522526,96,15.6999998092651,2.29999995231628,"Train"
"66005","2000-11-01",-72.50748,41.603344,"2000-11-01","/home/ecologia/Documents/Lorena/capas/WorldClim_1970-2020_monthly_recortado/2000-11",29118228,116,10.6999998092651,0.800000011920929,"Train"
"66006","2000-11-01",-103.61669,19.51153,"2000-11-01","/home/ecologia/Documents/Lorena/capas/WorldClim_1970-2020_monthly_recortado/2000-11",58113783,66,15.1000003814697,3.5,"Train"
"66007","2000-11-01",-95.12152,29.566103,"2000-11-01","/home/ecologia/Documents/Lorena/capas/WorldClim_1970-2020_monthly_recortado/2000-11",44922369,108,22.2999992370605,11.8999996185303,"Test"
"66008","2000-11-01",-74.38388,40.65362,"2000-11-01","/home/ecologia/Documents/Lorena/capas/WorldClim_1970-2020_monthly_recortado/2000-11",30365048,107,12.3999996185303,1.70000004768372,"Test"
"66009","2000-11-01",-82.47297,40.786983,"2000-11-01","/home/ecologia/Documents/Lorena/capas/WorldClim_1970-2020_monthly_recortado/2000-11",30189054,90,9.5,0.200000002980232,"Test"
"66010","2000-11-01",-97.37422,27.73886,"2000-11-01","/home/ecologia/Documents/Lorena/capas/WorldClim_1970-2020_monthly_recortado/2000-11",47317740,43,24.7999992370605,14.6000003814697,"Test"
"66011","2000-11-01",-105.855995,23.5822,"2000-11-01","/home/ecologia/Documents/Lorena/capas/WorldClim_1970-2020_monthly_recortado/2000-11",52775283,42,22.2999992370605,4.30000019073486,"Test"
"66012","2000-11-01",-92.07296,30.398859,"2000-11-01","/home/ecologia/Documents/Lorena/capas/WorldClim_1970-2020_monthly_recortado/2000-11",43828835,128,21.3999996185303,8.89999961853027,"Train"
"66013","2000-11-01",-103.28403,20.402992,"2000-11-01","/home/ecologia/Documents/Lorena/capas/WorldClim_1970-2020_monthly_recortado/2000-11",56943350,14,26,9.80000019073486,"Test"
"66014","2000-11-01",-84.71809,33.370354,"2000-11-01","/home/ecologia/Documents/Lorena/capas/WorldClim_1970-2020_monthly_recortado/2000-11",39924494,101,18.3999996185303,4.90000009536743,"Train"
"66015","2000-11-01",-77.98261,39.151737,"2000-11-01","/home/ecologia/Documents/Lorena/capas/WorldClim_1970-2020_monthly_recortado/2000-11",32333637,83,13.3000001907349,1.20000004768372,"Test"
"66016","2000-11-01",-81.15303,39.861115,"2000-11-01","/home/ecologia/Documents/Lorena/capas/WorldClim_1970-2020_monthly_recortado/2000-11",31403441,83,10.8999996185303,0.200000002980232,"Test"
"66017","2000-11-01",-80.334885,25.692663,"2000-11-01","/home/ecologia/Documents/Lorena/capas/WorldClim_1970-2020_monthly_recortado/2000-11",49999839,79,27.5,19.5,"Train"
"66018","2000-11-01",-97.47623,35.735252,"2000-11-01","/home/ecologia/Documents/Lorena/capas/WorldClim_1970-2020_monthly_recortado/2000-11",36816287,64,15.6000003814697,3.20000004768372,"Test"
"66019","2000-11-01",-70.45167,41.74181,"2000-11-01","/home/ecologia/Documents/Lorena/capas/WorldClim_1970-2020_monthly_recortado/2000-11",28932511,116,11.1000003814697,2.79999995231628,"Train"
"66020","2000-11-01",-95.21735,29.532566,"2000-11-01","/home/ecologia/Documents/Lorena/capas/WorldClim_1970-2020_monthly_recortado/2000-11",44966113,108,22.1000003814697,11.3999996185303,"Train"
"66021","2000-11-01",-104.326454,21.25955,"2000-11-01","/home/ecologia/Documents/Lorena/capas/WorldClim_1970-2020_monthly_recortado/2000-11",55816508,15,32,16.2000007629395,"Train"
"66022","2000-11-01",-74.84288,39.897984,"2000-11-01","/home/ecologia/Documents/Lorena/capas/WorldClim_1970-2020_monthly_recortado/2000-11",31360442,92,13.3999996185303,2.29999995231628,"Test"
"66023","2000-11-01",-93.23175,37.186726,"2000-11-01","/home/ecologia/Documents/Lorena/capas/WorldClim_1970-2020_monthly_recortado/2000-11",34913411,100,13.3000001907349,1.70000004768372,"Test"
"66024","2000-11-01",-98.461136,29.497374,"2000-11-01","/home/ecologia/Documents/Lorena/capas/WorldClim_1970-2020_monthly_recortado/2000-11",45009480,60,21.7999992370605,9.60000038146973,"Test"
"66025","2000-11-01",-76.97759,41.164772,"2000-11-01","/home/ecologia/Documents/Lorena/capas/WorldClim_1970-2020_monthly_recortado/2000-11",29697458,91,10.1000003814697,0.200000002980232,"Test"
"66026","2000-11-01",-73.40276,41.13912,"2000-11-01","/home/ecologia/Documents/Lorena/capas/WorldClim_1970-2020_monthly_recortado/2000-11",29730704,109,11.6999998092651,1.89999997615814,"Train"
"66027","2000-11-01",-81.91694,40.52868,"2000-11-01","/home/ecologia/Documents/Lorena/capas/WorldClim_1970-2020_monthly_recortado/2000-11",30528229,79,10.5,0.400000005960464,"Test"
"66028","2000-11-01",-106.491035,35.055668,"2000-11-01","/home/ecologia/Documents/Lorena/capas/WorldClim_1970-2020_monthly_recortado/2000-11",37712204,18,14,-1.10000002384186,"Train"
"66029","2000-11-01",-85.69595,38.117,"2000-11-01","/home/ecologia/Documents/Lorena/capas/WorldClim_1970-2020_monthly_recortado/2000-11",33689147,96,13.8999996185303,2.79999995231628,"Train"
"66030","2000-11-01",-91.251755,30.460512,"2000-11-01","/home/ecologia/Documents/Lorena/capas/WorldClim_1970-2020_monthly_recortado/2000-11",43741421,115,21.6000003814697,8.69999980926514,"Test"
"66031","2000-11-01",-98.34844,19.07602,"2000-11-01","/home/ecologia/Documents/Lorena/capas/WorldClim_1970-2020_monthly_recortado/2000-11",58683244,12,24.8999996185303,5.59999990463257,"Test"
"66032","2000-11-01",-101.118034,19.654875,"2000-11-01","/home/ecologia/Documents/Lorena/capas/WorldClim_1970-2020_monthly_recortado/2000-11",57928120,18,22.5,7.19999980926514,"Train"
"66033","2000-11-01",-86.87531,40.41674,"2000-11-01","/home/ecologia/Documents/Lorena/capas/WorldClim_1970-2020_monthly_recortado/2000-11",30669841,75,10.5,0.600000023841858,"Train"
"66034","2000-11-01",-76.14003,39.582085,"2000-11-01","/home/ecologia/Documents/Lorena/capas/WorldClim_1970-2020_monthly_recortado/2000-11",31775969,93,13,3,"Train"
"66035","2000-11-01",-98.25327,29.970154,"2000-11-01","/home/ecologia/Documents/Lorena/capas/WorldClim_1970-2020_monthly_recortado/2000-11",44385982,67,20.7000007629395,7.80000019073486,"Test"
"66036","2000-11-01",-96.35983,16.825245,"2000-11-01","/home/ecologia/Documents/Lorena/capas/WorldClim_1970-2020_monthly_recortado/2000-11",61637012,13,24.1000003814697,10.8000001907349,"Test"
"66037","2000-11-01",-73.32874,40.710217,"2000-11-01","/home/ecologia/Documents/Lorena/capas/WorldClim_1970-2020_monthly_recortado/2000-11",30288602,95,12.1000003814697,3.79999995231628,"Test"
"66038","2000-11-01",-97.84373,28.763031,"2000-11-01","/home/ecologia/Documents/Lorena/capas/WorldClim_1970-2020_monthly_recortado/2000-11",45972186,50,23.7000007629395,10.5,"Train"
"66039","2000-11-01",-94.133255,36.092285,"2000-11-01","/home/ecologia/Documents/Lorena/capas/WorldClim_1970-2020_monthly_recortado/2000-11",36346312,118,14.6000003814697,2.79999995231628,"Train"
"66040","2000-11-01",-71.37637,42.870728,"2000-11-01","/home/ecologia/Documents/Lorena/capas/WorldClim_1970-2020_monthly_recortado/2000-11",27455635,114,9.69999980926514,-1.29999995231628,"Test"
"66041","2000-11-01",-103.72278,19.852777,"2000-11-01","/home/ecologia/Documents/Lorena/capas/WorldClim_1970-2020_monthly_recortado/2000-11",57665272,32,21.2999992370605,6.80000019073486,"Train"
"66042","2000-11-01",-81.24091,35.683666,"2000-11-01","/home/ecologia/Documents/Lorena/capas/WorldClim_1970-2020_monthly_recortado/2000-11",36883870,88,16.3999996185303,2.79999995231628,"Test"
"66043","2000-11-01",-84.658485,37.18261,"2000-11-01","/home/ecologia/Documents/Lorena/capas/WorldClim_1970-2020_monthly_recortado/2000-11",34925378,108,14,2,"Test"
"66044","2000-11-01",-82.2916,28.770695,"2000-11-01","/home/ecologia/Documents/Lorena/capas/WorldClim_1970-2020_monthly_recortado/2000-11",45963114,56,25.5,12.1999998092651,"Train"
"66045","2000-11-01",-72.98721,40.94318,"2000-11-01","/home/ecologia/Documents/Lorena/capas/WorldClim_1970-2020_monthly_recortado/2000-11",29982351,100,11.8000001907349,3.09999990463257,"Train"
"66046","2000-11-01",-73.88123,40.94235,"2000-11-01","/home/ecologia/Documents/Lorena/capas/WorldClim_1970-2020_monthly_recortado/2000-11",29982244,106,12.1999998092651,2.79999995231628,"Train"
"66047","2000-11-01",-103.52554,20.701206,"2000-11-01","/home/ecologia/Documents/Lorena/capas/WorldClim_1970-2020_monthly_recortado/2000-11",56549517,14,24.7000007629395,8,"Test"
"66048","2000-11-01",-110.23312,31.408941,"2000-11-01","/home/ecologia/Documents/Lorena/capas/WorldClim_1970-2020_monthly_recortado/2000-11",42492098,21,20,3.70000004768372,"Train"
"66049","2000-11-01",-97.7244,30.702812,"2000-11-01","/home/ecologia/Documents/Lorena/capas/WorldClim_1970-2020_monthly_recortado/2000-11",43423414,66,20.2999992370605,8,"Train"
"66050","2000-11-01",-77.35431,38.64027,"2000-11-01","/home/ecologia/Documents/Lorena/capas/WorldClim_1970-2020_monthly_recortado/2000-11",33011930,84,14.5,2.70000004768372,"Train"
"66051","2000-11-01",-98.38282,30.036814,"2000-11-01","/home/ecologia/Documents/Lorena/capas/WorldClim_1970-2020_monthly_recortado/2000-11",44298455,66,20.7000007629395,7.19999980926514,"Train"
"66052","2000-11-01",-95.64672,29.893066,"2000-11-01","/home/ecologia/Documents/Lorena/capas/WorldClim_1970-2020_monthly_recortado/2000-11",44484746,100,23,10.1999998092651,"Test"
"66053","2000-11-01",-86.06789,39.98772,"2000-11-01","/home/ecologia/Documents/Lorena/capas/WorldClim_1970-2020_monthly_recortado/2000-11",31238766,83,10.8000001907349,0.800000011920929,"Test"
"66054","2000-11-01",-102.717064,22.004723,"2000-11-01","/home/ecologia/Documents/Lorena/capas/WorldClim_1970-2020_monthly_recortado/2000-11",54843130,13,24.2000007629395,7,"Train"
"66055","2000-11-01",-70.57929,43.517773,"2000-11-01","/home/ecologia/Documents/Lorena/capas/WorldClim_1970-2020_monthly_recortado/2000-11",26602489,127,8.60000038146973,-1.60000002384186,"Train"
"66056","2000-11-01",-106.8854,32.31314,"2000-11-01","/home/ecologia/Documents/Lorena/capas/WorldClim_1970-2020_monthly_recortado/2000-11",41311087,13,19.1000003814697,0.400000005960464,"Train"
"66057","2000-11-01",-86.72365,33.384644,"2000-11-01","/home/ecologia/Documents/Lorena/capas/WorldClim_1970-2020_monthly_recortado/2000-11",39902376,114,18.3999996185303,4.80000019073486,"Test"
"66058","2000-11-01",-90.56936,38.63838,"2000-11-01","/home/ecologia/Documents/Lorena/capas/WorldClim_1970-2020_monthly_recortado/2000-11",33010344,85,12.8999996185303,1.79999995231628,"Test"
"66059","2000-11-01",-96.560776,28.676222,"2000-11-01","/home/ecologia/Documents/Lorena/capas/WorldClim_1970-2020_monthly_recortado/2000-11",46081730,80,23,12.3999996185303,"Train"
"66060","2000-11-01",-84.384186,42.893635,"2000-11-01","/home/ecologia/Documents/Lorena/capas/WorldClim_1970-2020_monthly_recortado/2000-11",27421257,66,7.80000019073486,-0.899999976158142,"Test"
"66061","2000-11-01",-97.70043,30.393753,"2000-11-01","/home/ecologia/Documents/Lorena/capas/WorldClim_1970-2020_monthly_recortado/2000-11",43828159,65,21.1000003814697,8.69999980926514,"Train"
"66062","2000-11-01",-82.59335,34.59569,"2000-11-01","/home/ecologia/Documents/Lorena/capas/WorldClim_1970-2020_monthly_recortado/2000-11",38316716,105,17.5,4,"Train"
"66063","2000-11-01",-95.43541,30.259317,"2000-11-01","/home/ecologia/Documents/Lorena/capas/WorldClim_1970-2020_monthly_recortado/2000-11",44003455,104,21.7000007629395,9,"Train"
"66064","2000-11-01",-77.55627,40.135624,"2000-11-01","/home/ecologia/Documents/Lorena/capas/WorldClim_1970-2020_monthly_recortado/2000-11",31042886,86,11.8000001907349,0.899999976158142,"Test"
"66065","2000-11-01",-89.58801,35.254032,"2000-11-01","/home/ecologia/Documents/Lorena/capas/WorldClim_1970-2020_monthly_recortado/2000-11",37451696,128,16.2999992370605,4.59999990463257,"Train"
"66066","2000-11-01",-91.15647,30.417486,"2000-11-01","/home/ecologia/Documents/Lorena/capas/WorldClim_1970-2020_monthly_recortado/2000-11",43796128,114,21.8999996185303,9.30000019073486,"Test"
"66067","2000-11-01",-96.618034,17.088348,"2000-11-01","/home/ecologia/Documents/Lorena/capas/WorldClim_1970-2020_monthly_recortado/2000-11",61297872,14,26.2000007629395,11.1000003814697,"Train"
"66068","2000-11-01",-83.74981,42.537838,"2000-11-01","/home/ecologia/Documents/Lorena/capas/WorldClim_1970-2020_monthly_recortado/2000-11",27891711,65,7.80000019073486,-0.5,"Train"
"66069","2000-11-01",-93.18117,45.46605,"2000-11-01","/home/ecologia/Documents/Lorena/capas/WorldClim_1970-2020_monthly_recortado/2000-11",24050990,38,3.90000009536743,-5.59999990463257,"Train"
"66070","2000-11-01",-97.77072,26.787653,"2000-11-01","/home/ecologia/Documents/Lorena/capas/WorldClim_1970-2020_monthly_recortado/2000-11",48564738,37,24.7999992370605,13.1999998092651,"Train"
"66071","2000-11-01",-98.90851,29.986254,"2000-11-01","/home/ecologia/Documents/Lorena/capas/WorldClim_1970-2020_monthly_recortado/2000-11",44364025,57,20.8999996185303,6.5,"Train"
"66072","2000-11-01",-76.74647,40.808353,"2000-11-01","/home/ecologia/Documents/Lorena/capas/WorldClim_1970-2020_monthly_recortado/2000-11",30156924,92,10.6000003814697,0.300000011920929,"Train"
"66073","2000-11-01",-98.85446,29.84958,"2000-11-01","/home/ecologia/Documents/Lorena/capas/WorldClim_1970-2020_monthly_recortado/2000-11",44549995,63,20.1000003814697,7.30000019073486,"Test"
"66074","2000-11-01",-98.26592,26.208212,"2000-11-01","/home/ecologia/Documents/Lorena/capas/WorldClim_1970-2020_monthly_recortado/2000-11",49330409,25,26,14,"Train"
"66075","2000-11-01",-102.28887,21.853582,"2000-11-01","/home/ecologia/Documents/Lorena/capas/WorldClim_1970-2020_monthly_recortado/2000-11",55040084,10,24.2999992370605,6.19999980926514,"Train"
"66076","2000-11-01",-97.893074,30.337383,"2000-11-01","/home/ecologia/Documents/Lorena/capas/WorldClim_1970-2020_monthly_recortado/2000-11",43904709,62,20.7000007629395,8.39999961853027,"Train"
"66077","2000-11-01",-124.24291,43.15695,"2000-11-01","/home/ecologia/Documents/Lorena/capas/WorldClim_1970-2020_monthly_recortado/2000-11",27077365,245,14.1000003814697,4.59999990463257,"Train"
"66078","2000-11-01",-86.58609,34.73039,"2000-11-01","/home/ecologia/Documents/Lorena/capas/WorldClim_1970-2020_monthly_recortado/2000-11",38141213,120,17.3999996185303,4,"Train"
"66079","2000-11-01",-84.20412,39.45012,"2000-11-01","/home/ecologia/Documents/Lorena/capas/WorldClim_1970-2020_monthly_recortado/2000-11",31939086,86,11.5,0.699999988079071,"Train"
"66080","2000-11-01",-94.80331,38.916718,"2000-11-01","/home/ecologia/Documents/Lorena/capas/WorldClim_1970-2020_monthly_recortado/2000-11",32637910,71,11.8000001907349,1,"Train"
"66081","2000-11-01",-86.727974,33.4843,"2000-11-01","/home/ecologia/Documents/Lorena/capas/WorldClim_1970-2020_monthly_recortado/2000-11",39771107,116,18.2000007629395,4.80000019073486,"Train"
"66082","2000-11-01",-90.6642,43.5492,"2000-11-01","/home/ecologia/Documents/Lorena/capas/WorldClim_1970-2020_monthly_recortado/2000-11",26567262,53,6.19999980926514,-3.40000009536743,"Test"
"66083","2000-11-01",-80.462494,25.469934,"2000-11-01","/home/ecologia/Documents/Lorena/capas/WorldClim_1970-2020_monthly_recortado/2000-11",50295177,68,28,18.6000003814697,"Train"
"66084","2000-11-01",-84.14733,30.151566,"2000-11-01","/home/ecologia/Documents/Lorena/capas/WorldClim_1970-2020_monthly_recortado/2000-11",44147017,86,22.7000007629395,9.39999961853027,"Train"
"66085","2000-11-01",-98.23648,30.049482,"2000-11-01","/home/ecologia/Documents/Lorena/capas/WorldClim_1970-2020_monthly_recortado/2000-11",44287533,66,20.7000007629395,7.59999990463257,"Train"
"66086","2000-11-01",-96.38868,30.15529,"2000-11-01","/home/ecologia/Documents/Lorena/capas/WorldClim_1970-2020_monthly_recortado/2000-11",44145548,94,22.1000003814697,9,"Test"
"66087","2000-11-01",-76.11049,40.264072,"2000-11-01","/home/ecologia/Documents/Lorena/capas/WorldClim_1970-2020_monthly_recortado/2000-11",30878974,94,11.6999998092651,1.39999997615814,"Train"
"66088","2000-11-01",-81.994354,40.66853,"2000-11-01","/home/ecologia/Documents/Lorena/capas/WorldClim_1970-2020_monthly_recortado/2000-11",30342257,80,10,0.400000005960464,"Train"
"66089","2000-11-01",-99.14763,19.22601,"2000-11-01","/home/ecologia/Documents/Lorena/capas/WorldClim_1970-2020_monthly_recortado/2000-11",58486246,10,21.1000003814697,5,"Train"
"66090","2000-11-01",-97.32754,27.711304,"2000-11-01","/home/ecologia/Documents/Lorena/capas/WorldClim_1970-2020_monthly_recortado/2000-11",47350562,42,24,14.8000001907349,"Test"
"66091","2000-11-01",-100.531364,20.80967,"2000-11-01","/home/ecologia/Documents/Lorena/capas/WorldClim_1970-2020_monthly_recortado/2000-11",56407670,10,21.6000003814697,6.30000019073486,"Train"
"66092","2000-11-01",-91.06916,30.381771,"2000-11-01","/home/ecologia/Documents/Lorena/capas/WorldClim_1970-2020_monthly_recortado/2000-11",43850833,115,22.1000003814697,9.10000038146973,"Test"
"66093","2000-11-01",-86.0133,39.90098,"2000-11-01","/home/ecologia/Documents/Lorena/capas/WorldClim_1970-2020_monthly_recortado/2000-11",31348163,86,10.8000001907349,1.10000002384186,"Train"
"66094","2000-11-01",-82.21065,36.34871,"2000-11-01","/home/ecologia/Documents/Lorena/capas/WorldClim_1970-2020_monthly_recortado/2000-11",36019572,80,15.1000003814697,1.29999995231628,"Train"
"66095","2000-11-01",-74.83884,39.86518,"2000-11-01","/home/ecologia/Documents/Lorena/capas/WorldClim_1970-2020_monthly_recortado/2000-11",31404199,92,13.3000001907349,2.29999995231628,"Train"
"66096","2000-11-01",-77.94223,34.226944,"2000-11-01","/home/ecologia/Documents/Lorena/capas/WorldClim_1970-2020_monthly_recortado/2000-11",38798590,81,20.2000007629395,7.30000019073486,"Train"
"66097","2000-11-01",-97.169136,26.111942,"2000-11-01","/home/ecologia/Documents/Lorena/capas/WorldClim_1970-2020_monthly_recortado/2000-11",49450869,46,22.8999996185303,16.7000007629395,"Train"
"66098","2000-11-01",-85.39287,44.21282,"2000-11-01","/home/ecologia/Documents/Lorena/capas/WorldClim_1970-2020_monthly_recortado/2000-11",25692774,70,5.69999980926514,-2.70000004768372,"Test"
"66099","2000-11-01",-72.347984,40.91909,"2000-11-01","/home/ecologia/Documents/Lorena/capas/WorldClim_1970-2020_monthly_recortado/2000-11",30015245,111,11.8000001907349,3,"Test"
"66100","2000-11-01",-81.91796,40.55446,"2000-11-01","/home/ecologia/Documents/Lorena/capas/WorldClim_1970-2020_monthly_recortado/2000-11",30495412,79,10.3999996185303,0.400000005960464,"Train"
"66101","2000-11-01",-73.15597,40.74295,"2000-11-01","/home/ecologia/Documents/Lorena/capas/WorldClim_1970-2020_monthly_recortado/2000-11",30244867,95,11.8000001907349,3.59999990463257,"Train"
"66102","2000-11-01",-87.65758,44.08859,"2000-11-01","/home/ecologia/Documents/Lorena/capas/WorldClim_1970-2020_monthly_recortado/2000-11",25856588,59,6.40000009536743,-1.5,"Test"
"66103","2000-11-01",-87.662704,44.103672,"2000-11-01","/home/ecologia/Documents/Lorena/capas/WorldClim_1970-2020_monthly_recortado/2000-11",25834709,59,6.30000019073486,-1.70000004768372,"Train"
"66104","2000-11-01",-85.89424,36.352505,"2000-11-01","/home/ecologia/Documents/Lorena/capas/WorldClim_1970-2020_monthly_recortado/2000-11",36008191,118,15.6000003814697,2.79999995231628,"Train"
"66105","2000-11-01",-90.53107,38.63864,"2000-11-01","/home/ecologia/Documents/Lorena/capas/WorldClim_1970-2020_monthly_recortado/2000-11",33010349,86,12.8999996185303,1.79999995231628,"Train"
"66106","2000-11-01",-76.700516,40.567146,"2000-11-01","/home/ecologia/Documents/Lorena/capas/WorldClim_1970-2020_monthly_recortado/2000-11",30474160,94,10.8999996185303,0.699999988079071,"Train"
"66107","2000-11-01",-77.66436,40.321003,"2000-11-01","/home/ecologia/Documents/Lorena/capas/WorldClim_1970-2020_monthly_recortado/2000-11",30802215,85,11.3000001907349,0.800000011920929,"Train"
"66108","2000-11-01",-97.50237,28.909798,"2000-11-01","/home/ecologia/Documents/Lorena/capas/WorldClim_1970-2020_monthly_recortado/2000-11",45775325,56,23.6000003814697,10.6000003814697,"Train"
"66109","2000-11-01",-91.23283,30.290825,"2000-11-01","/home/ecologia/Documents/Lorena/capas/WorldClim_1970-2020_monthly_recortado/2000-11",43971143,115,21.5,9.39999961853027,"Train"
"66110","2000-11-01",-79.39194,35.173965,"2000-11-01","/home/ecologia/Documents/Lorena/capas/WorldClim_1970-2020_monthly_recortado/2000-11",37562309,79,17.7999992370605,4.69999980926514,"Test"
"66111","2000-11-01",-88.75166,38.347702,"2000-11-01","/home/ecologia/Documents/Lorena/capas/WorldClim_1970-2020_monthly_recortado/2000-11",33393427,105,12.6999998092651,1.89999997615814,"Train"
"66112","2000-11-01",-103.50169,29.362373,"2000-11-01","/home/ecologia/Documents/Lorena/capas/WorldClim_1970-2020_monthly_recortado/2000-11",45183899,11,23.5,6.5,"Train"
"66113","2000-11-01",-99.75335,29.427582,"2000-11-01","/home/ecologia/Documents/Lorena/capas/WorldClim_1970-2020_monthly_recortado/2000-11",45096837,35,21.8999996185303,7.90000009536743,"Train"
"66114","2000-11-01",-86.35211,39.391434,"2000-11-01","/home/ecologia/Documents/Lorena/capas/WorldClim_1970-2020_monthly_recortado/2000-11",32026340,94,11.6999998092651,1.20000004768372,"Train"
"66115","2000-11-01",-81.519455,27.791933,"2000-11-01","/home/ecologia/Documents/Lorena/capas/WorldClim_1970-2020_monthly_recortado/2000-11",47243069,52,26.2000007629395,14.3000001907349,"Train"
"66116","2000-11-01",-85.84349,36.358006,"2000-11-01","/home/ecologia/Documents/Lorena/capas/WorldClim_1970-2020_monthly_recortado/2000-11",36008197,119,15.3999996185303,2.79999995231628,"Train"
"66117","2000-11-01",-103.23862,20.634089,"2000-11-01","/home/ecologia/Documents/Lorena/capas/WorldClim_1970-2020_monthly_recortado/2000-11",56637064,14,27.2999992370605,8.80000019073486,"Train"
"66118","2000-11-01",-79.801155,40.418808,"2000-11-01","/home/ecologia/Documents/Lorena/capas/WorldClim_1970-2020_monthly_recortado/2000-11",30670690,79,11.5,0.600000023841858,"Train"
"66119","2000-11-01",-79.3159,37.416645,"2000-11-01","/home/ecologia/Documents/Lorena/capas/WorldClim_1970-2020_monthly_recortado/2000-11",34619728,82,14.8000001907349,2.20000004768372,"Test"
"66120","2000-11-01",-90.66263,42.50012,"2000-11-01","/home/ecologia/Documents/Lorena/capas/WorldClim_1970-2020_monthly_recortado/2000-11",27934637,58,7.40000009536743,-1.89999997615814,"Train"
"66121","2000-11-01",-104.01634,20.725912,"2000-11-01","/home/ecologia/Documents/Lorena/capas/WorldClim_1970-2020_monthly_recortado/2000-11",56516642,13,27.2000007629395,9.39999961853027,"Train"
"66122","2000-11-01",-72.62706,40.945545,"2000-11-01","/home/ecologia/Documents/Lorena/capas/WorldClim_1970-2020_monthly_recortado/2000-11",29982394,107,11.8000001907349,2.90000009536743,"Train"
"66123","2000-11-01",-99.73732,29.587713,"2000-11-01","/home/ecologia/Documents/Lorena/capas/WorldClim_1970-2020_monthly_recortado/2000-11",44888998,38,21.1000003814697,7.40000009536743,"Train"
"66124","2000-11-01",-94.38985,29.57368,"2000-11-01","/home/ecologia/Documents/Lorena/capas/WorldClim_1970-2020_monthly_recortado/2000-11",44911518,106,21.1000003814697,11.3000001907349,"Train"
"66125","2000-11-01",-73.14148,41.21601,"2000-11-01","/home/ecologia/Documents/Lorena/capas/WorldClim_1970-2020_monthly_recortado/2000-11",29632285,108,11.8000001907349,2,"Train"
"66126","2000-11-01",-110.2874,31.48002,"2000-11-01","/home/ecologia/Documents/Lorena/capas/WorldClim_1970-2020_monthly_recortado/2000-11",42404579,19,20,4,"Train"
"66127","2000-11-01",-96.20663,28.71172,"2000-11-01","/home/ecologia/Documents/Lorena/capas/WorldClim_1970-2020_monthly_recortado/2000-11",46038017,86,22.8999996185303,12.3000001907349,"Train"
"66128","2000-11-01",-74.22299,39.75471,"2000-11-01","/home/ecologia/Documents/Lorena/capas/WorldClim_1970-2020_monthly_recortado/2000-11",31546480,96,13.5,3.20000004768372,"Test"
"66129","2000-11-01",-97.71477,30.72142,"2000-11-01","/home/ecologia/Documents/Lorena/capas/WorldClim_1970-2020_monthly_recortado/2000-11",43401537,66,20.2999992370605,7.80000019073486,"Train"
"66130","2000-11-01",-95.20076,29.5317,"2000-11-01","/home/ecologia/Documents/Lorena/capas/WorldClim_1970-2020_monthly_recortado/2000-11",44966115,108,22.1000003814697,11.5,"Train"
"66131","2000-11-01",-95.52908,30.2176,"2000-11-01","/home/ecologia/Documents/Lorena/capas/WorldClim_1970-2020_monthly_recortado/2000-11",44058139,104,21.7000007629395,9.10000038146973,"Train"
"66132","2000-11-01",-97.59705,30.50785,"2000-11-01","/home/ecologia/Documents/Lorena/capas/WorldClim_1970-2020_monthly_recortado/2000-11",43685965,68,21.1000003814697,8,"Train"
"66133","2000-11-01",-83.23907,35.37068,"2000-11-01","/home/ecologia/Documents/Lorena/capas/WorldClim_1970-2020_monthly_recortado/2000-11",37299312,108,15.5,0.5,"Train"
"66134","2000-11-01",-72.7282,40.95951,"2000-11-01","/home/ecologia/Documents/Lorena/capas/WorldClim_1970-2020_monthly_recortado/2000-11",29960504,107,11.6999998092651,3,"Train"
"66135","2000-11-01",-72.27647,45.29922,"2000-11-01","/home/ecologia/Documents/Lorena/capas/WorldClim_1970-2020_monthly_recortado/2000-11",24272278,108,4.5,-3,"Train"
"66136","2000-11-01",-77.34362,37.34246,"2000-11-01","/home/ecologia/Documents/Lorena/capas/WorldClim_1970-2020_monthly_recortado/2000-11",34707476,84,16.6000003814697,3.59999990463257,"Test"
"66137","2000-11-01",-99.15625,29.18843,"2000-11-01","/home/ecologia/Documents/Lorena/capas/WorldClim_1970-2020_monthly_recortado/2000-11",45414140,40,22.3999996185303,9.10000038146973,"Test"
"66138","2000-11-01",-82.98504,40.17574,"2000-11-01","/home/ecologia/Documents/Lorena/capas/WorldClim_1970-2020_monthly_recortado/2000-11",30987539,82,10.8000001907349,0.800000011920929,"Train"
"66139","2000-11-01",-97.25113,26.08062,"2000-11-01","/home/ecologia/Documents/Lorena/capas/WorldClim_1970-2020_monthly_recortado/2000-11",49494615,46,23.8999996185303,16,"Test"
"66140","2000-11-01",-74.55527,39.55105,"2000-11-01","/home/ecologia/Documents/Lorena/capas/WorldClim_1970-2020_monthly_recortado/2000-11",31808976,88,13.5,3,"Train"
"66141","2000-11-01",-102.3009,19.78841,"2000-11-01","/home/ecologia/Documents/Lorena/capas/WorldClim_1970-2020_monthly_recortado/2000-11",57752954,26,21,6.40000009536743,"Train"
"66142","2000-11-01",-95.41973,29.05745,"2000-11-01","/home/ecologia/Documents/Lorena/capas/WorldClim_1970-2020_monthly_recortado/2000-11",45589612,117,22.6000003814697,11.8999996185303,"Train"
"66143","2000-11-01",-97.7298,26.1722,"2000-11-01","/home/ecologia/Documents/Lorena/capas/WorldClim_1970-2020_monthly_recortado/2000-11",49374229,35,25.2000007629395,13.8999996185303,"Test"
"66144","2000-11-01",-96.64339,33.72245,"2000-11-01","/home/ecologia/Documents/Lorena/capas/WorldClim_1970-2020_monthly_recortado/2000-11",39463625,76,17.7000007629395,5.40000009536743,"Train"
"66145","2000-11-01",-82.67246,39.99455,"2000-11-01","/home/ecologia/Documents/Lorena/capas/WorldClim_1970-2020_monthly_recortado/2000-11",31228235,84,10.8999996185303,0.400000005960464,"Train"
"66146","2000-11-01",-92.75345,31.25801,"2000-11-01","/home/ecologia/Documents/Lorena/capas/WorldClim_1970-2020_monthly_recortado/2000-11",42702036,130,20.3999996185303,7.5,"Train"
"66147","2000-11-01",-98.12339,29.75347,"2000-11-01","/home/ecologia/Documents/Lorena/capas/WorldClim_1970-2020_monthly_recortado/2000-11",44670412,67,21.2000007629395,8.60000038146973,"Test"
"66148","2000-11-01",-78.96567,38.40366,"2000-11-01","/home/ecologia/Documents/Lorena/capas/WorldClim_1970-2020_monthly_recortado/2000-11",33318029,72,13.3999996185303,0.400000005960464,"Train"
"66149","2000-11-01",-96.91122,32.53444,"2000-11-01","/home/ecologia/Documents/Lorena/capas/WorldClim_1970-2020_monthly_recortado/2000-11",41016931,62,18.8999996185303,6.80000019073486,"Test"
"66150","2000-11-01",-97.05318,28.79605,"2000-11-01","/home/ecologia/Documents/Lorena/capas/WorldClim_1970-2020_monthly_recortado/2000-11",45928525,63,23.6000003814697,11.3000001907349,"Train"
"66151","2000-11-01",-84.47835,34.06738,"2000-11-01","/home/ecologia/Documents/Lorena/capas/WorldClim_1970-2020_monthly_recortado/2000-11",39005647,95,16.8999996185303,5,"Test"
"66152","2000-11-01",-98.09472,29.83926,"2000-11-01","/home/ecologia/Documents/Lorena/capas/WorldClim_1970-2020_monthly_recortado/2000-11",44561025,70,21,8.39999961853027,"Train"
"66153","2000-11-01",-90.30883,30.51938,"2000-11-01","/home/ecologia/Documents/Lorena/capas/WorldClim_1970-2020_monthly_recortado/2000-11",43664961,122,21.5,8.10000038146973,"Test"
"66154","2000-11-01",-98.36645,26.1796,"2000-11-01","/home/ecologia/Documents/Lorena/capas/WorldClim_1970-2020_monthly_recortado/2000-11",49363214,25,25.6000003814697,13.8000001907349,"Train"
"66155","2000-11-01",-99.57719,29.33021,"2000-11-01","/home/ecologia/Documents/Lorena/capas/WorldClim_1970-2020_monthly_recortado/2000-11",45228126,34,23.5,8.19999980926514,"Train"
"66156","2000-11-01",-84.99448,43.64855,"2000-11-01","/home/ecologia/Documents/Lorena/capas/WorldClim_1970-2020_monthly_recortado/2000-11",26436674,67,7,-1.89999997615814,"Test"
"66157","2000-11-01",-101.2275,17.96636,"2000-11-01","/home/ecologia/Documents/Lorena/capas/WorldClim_1970-2020_monthly_recortado/2000-11",60148724,25,27.2000007629395,14,"Train"
"66158","2000-11-01",-81.28153,36.12556,"2000-11-01","/home/ecologia/Documents/Lorena/capas/WorldClim_1970-2020_monthly_recortado/2000-11",36304098,90,16,1.39999997615814,"Train"
"66159","2000-11-01",-97.30952,26.10853,"2000-11-01","/home/ecologia/Documents/Lorena/capas/WorldClim_1970-2020_monthly_recortado/2000-11",49450852,45,24.5,15.5,"Train"
"66160","2000-11-01",-87.70415,30.56837,"2000-11-01","/home/ecologia/Documents/Lorena/capas/WorldClim_1970-2020_monthly_recortado/2000-11",43599640,120,21.7000007629395,8.69999980926514,"Test"
"66161","2000-11-01",-101.3248,23.24568,"2000-11-01","/home/ecologia/Documents/Lorena/capas/WorldClim_1970-2020_monthly_recortado/2000-11",53213387,9,23.2000007629395,4.19999980926514,"Train"
"66162","2000-11-01",-76.77065,39.854,"2000-11-01","/home/ecologia/Documents/Lorena/capas/WorldClim_1970-2020_monthly_recortado/2000-11",31414906,90,12.3000001907349,1.5,"Test"
"66163","2000-11-01",-86.30971,41.34364,"2000-11-01","/home/ecologia/Documents/Lorena/capas/WorldClim_1970-2020_monthly_recortado/2000-11",29455680,79,9.19999980926514,-0.100000001490116,"Train"
"66164","2000-11-01",-92.12899,30.13661,"2000-11-01","/home/ecologia/Documents/Lorena/capas/WorldClim_1970-2020_monthly_recortado/2000-11",44167937,111,21.7999992370605,9.60000038146973,"Train"
"66165","2000-11-01",-82.06522,33.50854,"2000-11-01","/home/ecologia/Documents/Lorena/capas/WorldClim_1970-2020_monthly_recortado/2000-11",39738850,69,20.3999996185303,5.40000009536743,"Test"
"66166","2000-11-01",-81.65913,36.22339,"2000-11-01","/home/ecologia/Documents/Lorena/capas/WorldClim_1970-2020_monthly_recortado/2000-11",36183723,107,12.1999998092651,0.300000011920929,"Test"
"66167","2000-11-01",-98.44054,29.49868,"2000-11-01","/home/ecologia/Documents/Lorena/capas/WorldClim_1970-2020_monthly_recortado/2000-11",45009483,59,21.7999992370605,9.5,"Train"
"66168","2000-11-01",-87.21687,30.4213,"2000-11-01","/home/ecologia/Documents/Lorena/capas/WorldClim_1970-2020_monthly_recortado/2000-11",43796600,111,21.6000003814697,10.3000001907349,"Train"
"66169","2000-11-01",-97.77022,31.15076,"2000-11-01","/home/ecologia/Documents/Lorena/capas/WorldClim_1970-2020_monthly_recortado/2000-11",42832702,54,20.2999992370605,7.5,"Test"
"66170","2000-11-01",-94.84734,31.29274,"2000-11-01","/home/ecologia/Documents/Lorena/capas/WorldClim_1970-2020_monthly_recortado/2000-11",42647090,98,20.6000003814697,7.09999990463257,"Train"
"66171","2000-11-01",-97.39672,17.90273,"2000-11-01","/home/ecologia/Documents/Lorena/capas/WorldClim_1970-2020_monthly_recortado/2000-11",60225757,10,23.2000007629395,6.59999990463257,"Train"
"66172","2000-11-01",-87.84771,41.78328,"2000-11-01","/home/ecologia/Documents/Lorena/capas/WorldClim_1970-2020_monthly_recortado/2000-11",28886668,79,9.30000019073486,0.200000002980232,"Train"
"66173","2000-11-01",-74.84446,39.92338,"2000-11-01","/home/ecologia/Documents/Lorena/capas/WorldClim_1970-2020_monthly_recortado/2000-11",31327625,92,13.3999996185303,2.29999995231628,"Test"
"66174","2000-11-01",-88.44303,44.18516,"2000-11-01","/home/ecologia/Documents/Lorena/capas/WorldClim_1970-2020_monthly_recortado/2000-11",25725225,56,5.90000009536743,-2.59999990463257,"Test"
"66175","2000-11-01",-89.80861,30.28805,"2000-11-01","/home/ecologia/Documents/Lorena/capas/WorldClim_1970-2020_monthly_recortado/2000-11",43971313,111,21.6000003814697,9.19999980926514,"Train"
"66176","2000-11-01",-72.94283,40.95315,"2000-11-01","/home/ecologia/Documents/Lorena/capas/WorldClim_1970-2020_monthly_recortado/2000-11",29971417,100,11.8000001907349,3.20000004768372,"Train"
"66177","2000-11-01",-94.9349,29.2169,"2000-11-01","/home/ecologia/Documents/Lorena/capas/WorldClim_1970-2020_monthly_recortado/2000-11",45370890,95,20.7999992370605,13.3000001907349,"Train"
"66178","2000-11-01",-97.38304,19.61568,"2000-11-01","/home/ecologia/Documents/Lorena/capas/WorldClim_1970-2020_monthly_recortado/2000-11",57983264,18,20.1000003814697,3.59999990463257,"Train"
"66179","2000-11-01",-87.87363,30.52002,"2000-11-01","/home/ecologia/Documents/Lorena/capas/WorldClim_1970-2020_monthly_recortado/2000-11",43665254,123,21.2999992370605,9.60000038146973,"Train"
"66180","2000-11-01",-87.35068,30.5951,"2000-11-01","/home/ecologia/Documents/Lorena/capas/WorldClim_1970-2020_monthly_recortado/2000-11",43566865,115,21.2999992370605,9.10000038146973,"Train"
"66181","2000-11-01",-91.15451,30.45079,"2000-11-01","/home/ecologia/Documents/Lorena/capas/WorldClim_1970-2020_monthly_recortado/2000-11",43752372,116,21.8999996185303,9.30000019073486,"Train"
"66182","2000-11-01",-92.55191,34.68779,"2000-11-01","/home/ecologia/Documents/Lorena/capas/WorldClim_1970-2020_monthly_recortado/2000-11",38195192,137,16.6000003814697,4.19999980926514,"Test"
"66183","2000-11-01",-83.63612,41.01044,"2000-11-01","/home/ecologia/Documents/Lorena/capas/WorldClim_1970-2020_monthly_recortado/2000-11",29893561,71,9.69999980926514,0.5,"Test"
"66184","2000-11-01",-76.18213,40.17202,"2000-11-01","/home/ecologia/Documents/Lorena/capas/WorldClim_1970-2020_monthly_recortado/2000-11",30999295,91,11.8999996185303,1.5,"Test"
"66185","2000-11-01",-87.17956,30.60387,"2000-11-01","/home/ecologia/Documents/Lorena/capas/WorldClim_1970-2020_monthly_recortado/2000-11",43555947,107,21.3999996185303,9.39999961853027,"Train"
"66186","2000-11-01",-98.57328,29.51484,"2000-11-01","/home/ecologia/Documents/Lorena/capas/WorldClim_1970-2020_monthly_recortado/2000-11",44987589,59,21.8999996185303,9.60000038146973,"Train"
"66187","2000-11-01",-104.0369,20.63435,"2000-11-01","/home/ecologia/Documents/Lorena/capas/WorldClim_1970-2020_monthly_recortado/2000-11",56636968,19,23,7.80000019073486,"Train"
"66188","2000-11-01",-118.2221,34.10251,"2000-11-01","/home/ecologia/Documents/Lorena/capas/WorldClim_1970-2020_monthly_recortado/2000-11",38957842,44,23.2999992370605,8.89999961853027,"Train"
"66189","2000-11-01",-95.22758,29.40887,"2000-11-01","/home/ecologia/Documents/Lorena/capas/WorldClim_1970-2020_monthly_recortado/2000-11",45119258,108,22,11.3000001907349,"Train"
"66190","2000-11-01",-98.23257,29.55023,"2000-11-01","/home/ecologia/Documents/Lorena/capas/WorldClim_1970-2020_monthly_recortado/2000-11",44932935,61,22.1000003814697,9,"Train"
"66191","2000-11-01",-75.22104,40.68842,"2000-11-01","/home/ecologia/Documents/Lorena/capas/WorldClim_1970-2020_monthly_recortado/2000-11",30321192,97,12.1999998092651,0.600000023841858,"Train"
"66192","2000-11-01",-75.51881,39.7837,"2000-11-01","/home/ecologia/Documents/Lorena/capas/WorldClim_1970-2020_monthly_recortado/2000-11",31502568,95,12.6999998092651,2.90000009536743,"Train"
"66193","2000-11-01",-97.74253,30.34892,"2000-11-01","/home/ecologia/Documents/Lorena/capas/WorldClim_1970-2020_monthly_recortado/2000-11",43893788,64,20.8999996185303,9,"Train"
"66194","2000-11-01",-81.32143,35.78703,"2000-11-01","/home/ecologia/Documents/Lorena/capas/WorldClim_1970-2020_monthly_recortado/2000-11",36752592,89,16.3999996185303,2.59999990463257,"Train"
"66195","2000-11-01",-92.01051,46.84042,"2000-11-01","/home/ecologia/Documents/Lorena/capas/WorldClim_1970-2020_monthly_recortado/2000-11",22246195,50,3.59999990463257,-4,"Train"
"66196","2000-11-01",-81.33522,29.9019,"2000-11-01","/home/ecologia/Documents/Lorena/capas/WorldClim_1970-2020_monthly_recortado/2000-11",44475524,61,23.2999992370605,13.3999996185303,"Test"
"66197","2000-11-01",-75.25429,40.86861,"2000-11-01","/home/ecologia/Documents/Lorena/capas/WorldClim_1970-2020_monthly_recortado/2000-11",30080530,105,10.6999998092651,-0.100000001490116,"Test"
"66198","2000-11-01",-98.17951,30.31645,"2000-11-01","/home/ecologia/Documents/Lorena/capas/WorldClim_1970-2020_monthly_recortado/2000-11",43937492,61,20.7999992370605,7.69999980926514,"Train"
"66199","2000-11-01",-84.52473,42.64522,"2000-11-01","/home/ecologia/Documents/Lorena/capas/WorldClim_1970-2020_monthly_recortado/2000-11",27749411,67,8.10000038146973,-0.800000011920929,"Test"
"66200","2000-11-01",-96.96241,28.84075,"2000-11-01","/home/ecologia/Documents/Lorena/capas/WorldClim_1970-2020_monthly_recortado/2000-11",45873841,64,23.7000007629395,11.1000003814697,"Train"
"66201","2000-11-01",-85.88201,38.0675,"2000-11-01","/home/ecologia/Documents/Lorena/capas/WorldClim_1970-2020_monthly_recortado/2000-11",33754759,93,14.1000003814697,2.59999990463257,"Train"
"66202","2000-11-01",-97.20624,31.55147,"2000-11-01","/home/ecologia/Documents/Lorena/capas/WorldClim_1970-2020_monthly_recortado/2000-11",42307698,69,19.8999996185303,8.39999961853027,"Train"
"66203","2000-11-01",-97.89136,29.88628,"2000-11-01","/home/ecologia/Documents/Lorena/capas/WorldClim_1970-2020_monthly_recortado/2000-11",44495416,76,22,8.30000019073486,"Train"
"66204","2000-11-01",-74.63602,41.23189,"2000-11-01","/home/ecologia/Documents/Lorena/capas/WorldClim_1970-2020_monthly_recortado/2000-11",29610227,101,10.5,-0.5,"Train"
"66205","2000-11-01",-75.4195,39.8916,"2000-11-01","/home/ecologia/Documents/Lorena/capas/WorldClim_1970-2020_monthly_recortado/2000-11",31371312,92,12.8000001907349,2.90000009536743,"Train"
"66206","2000-11-01",-97.21939,28.086,"2000-11-01","/home/ecologia/Documents/Lorena/capas/WorldClim_1970-2020_monthly_recortado/2000-11",46858320,54,24.1000003814697,12.6999998092651,"Test"
"66207","2000-11-01",-86.07221,42.78999,"2000-11-01","/home/ecologia/Documents/Lorena/capas/WorldClim_1970-2020_monthly_recortado/2000-11",27563262,83,8.39999961853027,-0.100000001490116,"Train"
"66208","2000-11-01",-73.51261,41.06759,"2000-11-01","/home/ecologia/Documents/Lorena/capas/WorldClim_1970-2020_monthly_recortado/2000-11",29818203,108,12,2.29999995231628,"Train"
"66209","2000-11-01",-83.65026,41.02641,"2000-11-01","/home/ecologia/Documents/Lorena/capas/WorldClim_1970-2020_monthly_recortado/2000-11",29871681,71,9.69999980926514,0.5,"Train"
"66210","2000-11-01",-88.2392,30.64691,"2000-11-01","/home/ecologia/Documents/Lorena/capas/WorldClim_1970-2020_monthly_recortado/2000-11",43501125,129,21.2999992370605,8.69999980926514,"Test"
"66211","2000-11-01",-95.22873,29.56148,"2000-11-01","/home/ecologia/Documents/Lorena/capas/WorldClim_1970-2020_monthly_recortado/2000-11",44922356,108,22.2000007629395,11.3999996185303,"Train"
"66212","2000-11-01",-95.3106,29.54262,"2000-11-01","/home/ecologia/Documents/Lorena/capas/WorldClim_1970-2020_monthly_recortado/2000-11",44944224,108,22.2000007629395,11,"Train"
"66213","2000-11-01",-81.04099,35.93007,"2000-11-01","/home/ecologia/Documents/Lorena/capas/WorldClim_1970-2020_monthly_recortado/2000-11",36566663,88,16,1.79999995231628,"Train"
"66214","2000-11-01",-96.49617,16.12872,"2000-11-01","/home/ecologia/Documents/Lorena/capas/WorldClim_1970-2020_monthly_recortado/2000-11",62555872,21,19.3999996185303,9.5,"Test"
"66215","2000-11-01",-70.74481,42.15537,"2000-11-01","/home/ecologia/Documents/Lorena/capas/WorldClim_1970-2020_monthly_recortado/2000-11",28396465,115,10.8000001907349,1.89999997615814,"Test"
"66216","2000-11-01",-103.9887,20.63254,"2000-11-01","/home/ecologia/Documents/Lorena/capas/WorldClim_1970-2020_monthly_recortado/2000-11",56647913,17,24.1000003814697,8,"Train"
"66217","2000-11-01",-81.22342,34.97263,"2000-11-01","/home/ecologia/Documents/Lorena/capas/WorldClim_1970-2020_monthly_recortado/2000-11",37824626,87,17.1000003814697,3.90000009536743,"Train"
"66218","2000-11-01",-88.2983,41.9726,"2000-11-01","/home/ecologia/Documents/Lorena/capas/WorldClim_1970-2020_monthly_recortado/2000-11",28635017,75,8.5,-1,"Train"
"66219","2000-11-01",-79.79663,40.39955,"2000-11-01","/home/ecologia/Documents/Lorena/capas/WorldClim_1970-2020_monthly_recortado/2000-11",30703508,77,11.8999996185303,0.600000023841858,"Train"
"66220","2000-11-01",-97.80764,30.1287,"2000-11-01","/home/ecologia/Documents/Lorena/capas/WorldClim_1970-2020_monthly_recortado/2000-11",44178195,69,21,8.19999980926514,"Train"
"66221","2000-11-01",-95.91108,30.46613,"2000-11-01","/home/ecologia/Documents/Lorena/capas/WorldClim_1970-2020_monthly_recortado/2000-11",43740862,96,21.7000007629395,8.89999961853027,"Train"
"66222","2000-11-01",-88.16569,42.54612,"2000-11-01","/home/ecologia/Documents/Lorena/capas/WorldClim_1970-2020_monthly_recortado/2000-11",27880242,66,7.80000019073486,-1.5,"Train"
"66223","2000-11-01",-71.38189,42.88411,"2000-11-01","/home/ecologia/Documents/Lorena/capas/WorldClim_1970-2020_monthly_recortado/2000-11",27433757,114,9.69999980926514,-1.29999995231628,"Train"
"66224","2000-11-01",-87.35942,30.53222,"2000-11-01","/home/ecologia/Documents/Lorena/capas/WorldClim_1970-2020_monthly_recortado/2000-11",43654376,114,21.2999992370605,9.30000019073486,"Train"
"66225","2000-11-01",-97.76256,30.36119,"2000-11-01","/home/ecologia/Documents/Lorena/capas/WorldClim_1970-2020_monthly_recortado/2000-11",43871908,65,20.5,8.80000019073486,"Test"
"66226","2000-11-01",-81.68482,35.74543,"2000-11-01","/home/ecologia/Documents/Lorena/capas/WorldClim_1970-2020_monthly_recortado/2000-11",36807243,95,16.2000007629395,2.29999995231628,"Train"
"66227","2000-11-01",-110.3076,31.44737,"2000-11-01","/home/ecologia/Documents/Lorena/capas/WorldClim_1970-2020_monthly_recortado/2000-11",42448333,28,17.3999996185303,3,"Train"
"66228","2000-11-01",-87.73947,43.75248,"2000-11-01","/home/ecologia/Documents/Lorena/capas/WorldClim_1970-2020_monthly_recortado/2000-11",26294138,62,6.69999980926514,-1.39999997615814,"Test"
"66229","2000-11-01",-95.50656,30.16172,"2000-11-01","/home/ecologia/Documents/Lorena/capas/WorldClim_1970-2020_monthly_recortado/2000-11",44134715,106,21.7999992370605,9.30000019073486,"Train"
"66230","2000-11-01",-74.93759,39.01804,"2000-11-01","/home/ecologia/Documents/Lorena/capas/WorldClim_1970-2020_monthly_recortado/2000-11",32509026,83,13.8000001907349,4.40000009536743,"Train"
"66231","2000-11-01",-98.13305,26.0788,"2000-11-01","/home/ecologia/Documents/Lorena/capas/WorldClim_1970-2020_monthly_recortado/2000-11",49494510,28,25.3999996185303,13.8000001907349,"Train"
"66232","2000-11-01",-98.22425,26.21404,"2000-11-01","/home/ecologia/Documents/Lorena/capas/WorldClim_1970-2020_monthly_recortado/2000-11",49319475,27,26.1000003814697,14.1000003814697,"Train"
"66233","2000-11-01",-74.21434,39.9555,"2000-11-01","/home/ecologia/Documents/Lorena/capas/WorldClim_1970-2020_monthly_recortado/2000-11",31283945,97,13.6000003814697,2.90000009536743,"Test"
"66234","2000-11-01",-102.431,21.88189,"2000-11-01","/home/ecologia/Documents/Lorena/capas/WorldClim_1970-2020_monthly_recortado/2000-11",55007250,11,23.1000003814697,5.90000009536743,"Train"
"66235","2000-11-01",-97.31818,30.1332,"2000-11-01","/home/ecologia/Documents/Lorena/capas/WorldClim_1970-2020_monthly_recortado/2000-11",44178253,76,21.7999992370605,8.60000038146973,"Train"
"66236","2000-11-01",-90.80978,29.73741,"2000-11-01","/home/ecologia/Documents/Lorena/capas/WorldClim_1970-2020_monthly_recortado/2000-11",44693167,119,22.2999992370605,10.1999998092651,"Train"
"66237","2000-11-01",-106.748,32.33764,"2000-11-01","/home/ecologia/Documents/Lorena/capas/WorldClim_1970-2020_monthly_recortado/2000-11",41278287,13,19.2000007629395,1,"Train"
"66238","2000-11-01",-86.83538,33.48085,"2000-11-01","/home/ecologia/Documents/Lorena/capas/WorldClim_1970-2020_monthly_recortado/2000-11",39782033,115,18.7000007629395,5,"Test"
"66239","2000-11-01",-87.57477,34.82608,"2000-11-01","/home/ecologia/Documents/Lorena/capas/WorldClim_1970-2020_monthly_recortado/2000-11",38009827,126,17.3999996185303,4.90000009536743,"Train"
"66240","2000-11-01",-99.1547,19.56572,"2000-11-01","/home/ecologia/Documents/Lorena/capas/WorldClim_1970-2020_monthly_recortado/2000-11",58048685,10,21.7999992370605,5.59999990463257,"Test"
"66241","2000-11-01",-94.83634,39.76318,"2000-11-01","/home/ecologia/Documents/Lorena/capas/WorldClim_1970-2020_monthly_recortado/2000-11",31533067,48,10.8000001907349,0.300000011920929,"Train"
"66242","2000-11-01",-82.30275,29.62275,"2000-11-01","/home/ecologia/Documents/Lorena/capas/WorldClim_1970-2020_monthly_recortado/2000-11",44847334,59,24.1000003814697,10.6000003814697,"Train"
"66243","2000-11-01",-123.4634,44.49257,"2000-11-01","/home/ecologia/Documents/Lorena/capas/WorldClim_1970-2020_monthly_recortado/2000-11",25316280,284,10.6999998092651,3,"Train"
"66244","2000-11-01",-91.065,30.40308,"2000-11-01","/home/ecologia/Documents/Lorena/capas/WorldClim_1970-2020_monthly_recortado/2000-11",43818017,115,22.1000003814697,9.10000038146973,"Train"
"66245","2000-11-01",-76.29552,40.56852,"2000-11-01","/home/ecologia/Documents/Lorena/capas/WorldClim_1970-2020_monthly_recortado/2000-11",30474209,100,10.8999996185303,0.600000023841858,"Test"
"66246","2000-11-01",-97.41782,30.13736,"2000-11-01","/home/ecologia/Documents/Lorena/capas/WorldClim_1970-2020_monthly_recortado/2000-11",44167302,74,21.2999992370605,8.5,"Train"
"66247","2000-11-01",-93.73208,32.51595,"2000-11-01","/home/ecologia/Documents/Lorena/capas/WorldClim_1970-2020_monthly_recortado/2000-11",41050130,121,19.7000007629395,7,"Train"
"66248","2000-11-01",-86.52181,34.70877,"2000-11-01","/home/ecologia/Documents/Lorena/capas/WorldClim_1970-2020_monthly_recortado/2000-11",38163099,122,16.7000007629395,3.79999995231628,"Test"
"66249","2000-11-01",-88.36475,30.59653,"2000-11-01","/home/ecologia/Documents/Lorena/capas/WorldClim_1970-2020_monthly_recortado/2000-11",43566744,124,21.2999992370605,8.80000019073486,"Test"
"66250","2000-11-01",-103.7771,29.26197,"2000-11-01","/home/ecologia/Documents/Lorena/capas/WorldClim_1970-2020_monthly_recortado/2000-11",45315134,10,24.3999996185303,6.90000009536743,"Test"
"66251","2000-11-01",-89.29962,43.0167,"2000-11-01","/home/ecologia/Documents/Lorena/capas/WorldClim_1970-2020_monthly_recortado/2000-11",27256583,56,7.09999990463257,-2.70000004768372,"Train"
"66252","2000-11-01",-77.1221,38.86,"2000-11-01","/home/ecologia/Documents/Lorena/capas/WorldClim_1970-2020_monthly_recortado/2000-11",32716605,85,14.5,3.09999990463257,"Train"
"66253","2000-11-01",-98.9483,19.05063,"2000-11-01","/home/ecologia/Documents/Lorena/capas/WorldClim_1970-2020_monthly_recortado/2000-11",58715989,13,20.1000003814697,5.69999980926514,"Train"
"66254","2000-11-01",-96.9851,28.14736,"2000-11-01","/home/ecologia/Documents/Lorena/capas/WorldClim_1970-2020_monthly_recortado/2000-11",46781775,59,23.1000003814697,13.5,"Train"
"66255","2000-11-01",-96.72295,30.73121,"2000-11-01","/home/ecologia/Documents/Lorena/capas/WorldClim_1970-2020_monthly_recortado/2000-11",43390717,75,20.7000007629395,8.60000038146973,"Train"
"66256","2000-11-01",-86.62643,34.88725,"2000-11-01","/home/ecologia/Documents/Lorena/capas/WorldClim_1970-2020_monthly_recortado/2000-11",37933367,124,16.5,3.09999990463257,"Test"
"66257","2000-11-01",-110.1068,31.40881,"2000-11-01","/home/ecologia/Documents/Lorena/capas/WorldClim_1970-2020_monthly_recortado/2000-11",42492113,17,21,2.79999995231628,"Train"
"66258","2000-11-01",-84.27663,34.47844,"2000-11-01","/home/ecologia/Documents/Lorena/capas/WorldClim_1970-2020_monthly_recortado/2000-11",38469660,124,15.6000003814697,3.5,"Train"
"66259","2000-11-01",-87.10885,36.44146,"2000-11-01","/home/ecologia/Documents/Lorena/capas/WorldClim_1970-2020_monthly_recortado/2000-11",35898655,117,15.3000001907349,2.40000009536743,"Train"
"66260","2000-11-01",-96.62251,40.81818,"2000-11-01","/home/ecologia/Documents/Lorena/capas/WorldClim_1970-2020_monthly_recortado/2000-11",30143600,39,9.5,-1.89999997615814,"Train"
"66261","2000-11-01",-74.97821,40.40791,"2000-11-01","/home/ecologia/Documents/Lorena/capas/WorldClim_1970-2020_monthly_recortado/2000-11",30693147,96,12.6000003814697,1.20000004768372,"Train"
"66262","2000-11-01",-75.86908,40.34697,"2000-11-01","/home/ecologia/Documents/Lorena/capas/WorldClim_1970-2020_monthly_recortado/2000-11",30769613,95,12.1000003814697,1.60000002384186,"Train"
"66263","2000-11-01",-76.44364,40.3831,"2000-11-01","/home/ecologia/Documents/Lorena/capas/WorldClim_1970-2020_monthly_recortado/2000-11",30725788,95,11.6000003814697,1,"Train"
"66264","2000-11-01",-92.56874,31.52178,"2000-11-01","/home/ecologia/Documents/Lorena/capas/WorldClim_1970-2020_monthly_recortado/2000-11",42352010,132,20.1000003814697,7.30000019073486,"Train"
"66265","2000-11-01",-75.24355,40.85277,"2000-11-01","/home/ecologia/Documents/Lorena/capas/WorldClim_1970-2020_monthly_recortado/2000-11",30102409,102,11.1000003814697,0,"Test"
"66266","2000-11-01",-97.85395,27.51872,"2000-11-01","/home/ecologia/Documents/Lorena/capas/WorldClim_1970-2020_monthly_recortado/2000-11",47602096,33,24.7999992370605,12.6000003814697,"Train"
"66267","2000-11-01",-103.5467,19.63989,"2000-11-01","/home/ecologia/Documents/Lorena/capas/WorldClim_1970-2020_monthly_recortado/2000-11",57949707,33,23.1000003814697,8.39999961853027,"Test"
"66268","2000-11-01",-83.78114,42.31667,"2000-11-01","/home/ecologia/Documents/Lorena/capas/WorldClim_1970-2020_monthly_recortado/2000-11",28176121,72,8.19999980926514,-0.300000011920929,"Test"
"66269","2000-11-01",-96.75728,17.19393,"2000-11-01","/home/ecologia/Documents/Lorena/capas/WorldClim_1970-2020_monthly_recortado/2000-11",61155649,16,25.3999996185303,10.6000003814697,"Train"
"66270","2000-11-01",-71.80896,41.70643,"2000-11-01","/home/ecologia/Documents/Lorena/capas/WorldClim_1970-2020_monthly_recortado/2000-11",28987043,122,11,0.5,"Test"
"66271","2000-11-01",-106.5922,35.09049,"2000-11-01","/home/ecologia/Documents/Lorena/capas/WorldClim_1970-2020_monthly_recortado/2000-11",37668435,15,14.6000003814697,-0.300000011920929,"Train"
"66272","2000-11-01",-95.18614,30.15441,"2000-11-01","/home/ecologia/Documents/Lorena/capas/WorldClim_1970-2020_monthly_recortado/2000-11",44145692,108,21.5,9,"Test"
"66273","2000-11-01",-95.55548,29.58147,"2000-11-01","/home/ecologia/Documents/Lorena/capas/WorldClim_1970-2020_monthly_recortado/2000-11",44900439,102,22.7999992370605,10.6000003814697,"Train"
"66274","2000-11-01",-74.29407,41.03811,"2000-11-01","/home/ecologia/Documents/Lorena/capas/WorldClim_1970-2020_monthly_recortado/2000-11",29861865,108,11.6999998092651,1.20000004768372,"Train"
"66275","2000-11-01",-89.65462,37.37306,"2000-11-01","/home/ecologia/Documents/Lorena/capas/WorldClim_1970-2020_monthly_recortado/2000-11",34673182,110,13.8999996185303,2.40000009536743,"Train"
"66276","2000-11-01",-76.83758,39.28318,"2000-11-01","/home/ecologia/Documents/Lorena/capas/WorldClim_1970-2020_monthly_recortado/2000-11",32169689,95,13.3999996185303,2.40000009536743,"Test"
"66277","2000-11-01",-98.2831,29.55572,"2000-11-01","/home/ecologia/Documents/Lorena/capas/WorldClim_1970-2020_monthly_recortado/2000-11",44932929,61,21.7999992370605,9.19999980926514,"Train"
"66278","2000-11-01",-86.38218,42.14513,"2000-11-01","/home/ecologia/Documents/Lorena/capas/WorldClim_1970-2020_monthly_recortado/2000-11",28405528,85,8.80000019073486,0.5,"Train"
"66279","2000-11-01",-96.55151,17.18088,"2000-11-01","/home/ecologia/Documents/Lorena/capas/WorldClim_1970-2020_monthly_recortado/2000-11",61177551,38,17.8999996185303,7.80000019073486,"Test"
"66280","2000-11-01",-84.48923,39.20928,"2000-11-01","/home/ecologia/Documents/Lorena/capas/WorldClim_1970-2020_monthly_recortado/2000-11",32256283,89,12.8000001907349,1.5,"Train"
"66281","2000-11-01",-95.53368,29.76557,"2000-11-01","/home/ecologia/Documents/Lorena/capas/WorldClim_1970-2020_monthly_recortado/2000-11",44659783,101,22.7000007629395,10.8999996185303,"Train"
"66282","2000-11-01",-96.30666,30.56858,"2000-11-01","/home/ecologia/Documents/Lorena/capas/WorldClim_1970-2020_monthly_recortado/2000-11",43598608,81,21.3999996185303,8.89999961853027,"Train"
"66283","2000-11-01",-99.13087,19.22359,"2000-11-01","/home/ecologia/Documents/Lorena/capas/WorldClim_1970-2020_monthly_recortado/2000-11",58497187,11,21,5,"Test"
"66284","2000-11-01",-83.08367,43.03609,"2000-11-01","/home/ecologia/Documents/Lorena/capas/WorldClim_1970-2020_monthly_recortado/2000-11",27235450,66,7.80000019073486,-0.5,"Train"
"66285","2000-11-01",-95.48527,30.23556,"2000-11-01","/home/ecologia/Documents/Lorena/capas/WorldClim_1970-2020_monthly_recortado/2000-11",44036266,105,21.5,9,"Train"
"66286","2000-11-01",-87.63995,38.00448,"2000-11-01","/home/ecologia/Documents/Lorena/capas/WorldClim_1970-2020_monthly_recortado/2000-11",33842060,107,13.3000001907349,3,"Train"
"66287","2000-11-01",-80.55441,40.95843,"2000-11-01","/home/ecologia/Documents/Lorena/capas/WorldClim_1970-2020_monthly_recortado/2000-11",29959565,82,9.89999961853027,-0.300000011920929,"Test"
"66288","2000-11-01",-96.71236,17.24365,"2000-11-01","/home/ecologia/Documents/Lorena/capas/WorldClim_1970-2020_monthly_recortado/2000-11",61090020,24,16.2000007629395,6.40000009536743,"Test"
"66289","2000-11-01",-74.0905,40.61696,"2000-11-01","/home/ecologia/Documents/Lorena/capas/WorldClim_1970-2020_monthly_recortado/2000-11",30408840,106,12.1999998092651,3.29999995231628,"Train"
"66290","2000-11-01",-86.74161,36.08826,"2000-11-01","/home/ecologia/Documents/Lorena/capas/WorldClim_1970-2020_monthly_recortado/2000-11",36358138,114,16.2000007629395,3.5,"Test"
"66291","2000-11-01",-98.92411,18.986,"2000-11-01","/home/ecologia/Documents/Lorena/capas/WorldClim_1970-2020_monthly_recortado/2000-11",58803504,13,24.7999992370605,9.5,"Train"
"66292","2000-11-01",-92.83349,38.19923,"2000-11-01","/home/ecologia/Documents/Lorena/capas/WorldClim_1970-2020_monthly_recortado/2000-11",33589839,82,13.3000001907349,1.89999997615814,"Train"
"66293","2000-11-01",-87.46133,30.37794,"2000-11-01","/home/ecologia/Documents/Lorena/capas/WorldClim_1970-2020_monthly_recortado/2000-11",43851266,111,21.6000003814697,10,"Test"
"66294","2000-11-01",-95.59622,30.21123,"2000-11-01","/home/ecologia/Documents/Lorena/capas/WorldClim_1970-2020_monthly_recortado/2000-11",44069070,107,21.3999996185303,8.89999961853027,"Train"
"66295","2000-11-01",-98.76405,29.86864,"2000-11-01","/home/ecologia/Documents/Lorena/capas/WorldClim_1970-2020_monthly_recortado/2000-11",44517189,64,20.5,7.09999990463257,"Train"
"66296","2000-11-01",-91.75733,37.92742,"2000-11-01","/home/ecologia/Documents/Lorena/capas/WorldClim_1970-2020_monthly_recortado/2000-11",33940017,100,13.1000003814697,1.20000004768372,"Test"
"66297","2000-11-01",-92.10281,30.00421,"2000-11-01","/home/ecologia/Documents/Lorena/capas/WorldClim_1970-2020_monthly_recortado/2000-11",44342964,105,22,10,"Train"
"66298","2000-11-01",-75.4808,42.29756,"2000-11-01","/home/ecologia/Documents/Lorena/capas/WorldClim_1970-2020_monthly_recortado/2000-11",28209934,91,8.60000038146973,-1,"Train"
"66299","2000-11-01",-98.58088,29.87435,"2000-11-01","/home/ecologia/Documents/Lorena/capas/WorldClim_1970-2020_monthly_recortado/2000-11",44517211,66,20.7999992370605,7.30000019073486,"Train"
"66300","2000-11-01",-97.32858,35.29389,"2000-11-01","/home/ecologia/Documents/Lorena/capas/WorldClim_1970-2020_monthly_recortado/2000-11",37396072,65,15.8000001907349,3.5,"Train"
"66301","2000-11-01",-86.16888,42.20373,"2000-11-01","/home/ecologia/Documents/Lorena/capas/WorldClim_1970-2020_monthly_recortado/2000-11",28328980,85,8.69999980926514,0,"Train"
"66302","2000-11-01",-95.55135,30.47741,"2000-11-01","/home/ecologia/Documents/Lorena/capas/WorldClim_1970-2020_monthly_recortado/2000-11",43719027,103,21.1000003814697,9.39999961853027,"Test"
"66303","2000-11-01",-84.59213,42.66636,"2000-11-01","/home/ecologia/Documents/Lorena/capas/WorldClim_1970-2020_monthly_recortado/2000-11",27727524,66,8,-0.899999976158142,"Train"
"66304","2000-11-01",-95.44368,29.05682,"2000-11-01","/home/ecologia/Documents/Lorena/capas/WorldClim_1970-2020_monthly_recortado/2000-11",45589609,119,22.5,11.6999998092651,"Train"
"66305","2000-11-01",-98.63631,29.87406,"2000-11-01","/home/ecologia/Documents/Lorena/capas/WorldClim_1970-2020_monthly_recortado/2000-11",44517204,67,20.7999992370605,7.09999990463257,"Train"
"66306","2000-11-01",-84.40294,33.86837,"2000-11-01","/home/ecologia/Documents/Lorena/capas/WorldClim_1970-2020_monthly_recortado/2000-11",39268192,91,17.3999996185303,5.80000019073486,"Train"
"66307","2000-11-01",-96.18668,29.89621,"2000-11-01","/home/ecologia/Documents/Lorena/capas/WorldClim_1970-2020_monthly_recortado/2000-11",44484681,93,22.5,9.10000038146973,"Train"
"66308","2000-11-01",-73.88971,41.59272,"2000-11-01","/home/ecologia/Documents/Lorena/capas/WorldClim_1970-2020_monthly_recortado/2000-11",29129001,94,10.8999996185303,0.200000002980232,"Train"
"66309","2000-11-01",-71.1564,42.4154,"2000-11-01","/home/ecologia/Documents/Lorena/capas/WorldClim_1970-2020_monthly_recortado/2000-11",28057307,106,11.1999998092651,0.899999976158142,"Test"
"66310","2000-11-01",-101.4059,20.73484,"2000-11-01","/home/ecologia/Documents/Lorena/capas/WorldClim_1970-2020_monthly_recortado/2000-11",56506016,9,26.1000003814697,8.10000038146973,"Train"
"66311","2000-11-01",-106.5206,31.8484,"2000-11-01","/home/ecologia/Documents/Lorena/capas/WorldClim_1970-2020_monthly_recortado/2000-11",41923715,11,19.1000003814697,3.09999990463257,"Train"
"66312","2000-11-01",-79.01208,38.05038,"2000-11-01","/home/ecologia/Documents/Lorena/capas/WorldClim_1970-2020_monthly_recortado/2000-11",33777461,85,13.6000003814697,0.5,"Train"
"66313","2000-11-01",-93.29829,37.21535,"2000-11-01","/home/ecologia/Documents/Lorena/capas/WorldClim_1970-2020_monthly_recortado/2000-11",34880586,103,13.6000003814697,1.89999997615814,"Train"
"66314","2000-11-01",-95.36855,29.64671,"2000-11-01","/home/ecologia/Documents/Lorena/capas/WorldClim_1970-2020_monthly_recortado/2000-11",44812949,105,22.6000003814697,11.1000003814697,"Train"
"66315","2000-11-01",-80.3922,37.22333,"2000-11-01","/home/ecologia/Documents/Lorena/capas/WorldClim_1970-2020_monthly_recortado/2000-11",34871195,76,13.1000003814697,0.100000001490116,"Train"
"66316","2000-11-01",-79.96811,37.08695,"2000-11-01","/home/ecologia/Documents/Lorena/capas/WorldClim_1970-2020_monthly_recortado/2000-11",35046270,84,14.6000003814697,1.79999995231628,"Train"
"66317","2000-11-01",-97.39626,25.85427,"2000-11-01","/home/ecologia/Documents/Lorena/capas/WorldClim_1970-2020_monthly_recortado/2000-11",49789951,42,24.8999996185303,14.6999998092651,"Train"
"66318","2000-11-01",-75.42748,40.05092,"2000-11-01","/home/ecologia/Documents/Lorena/capas/WorldClim_1970-2020_monthly_recortado/2000-11",31152531,100,12.3000001907349,2.20000004768372,"Train"
"66319","2000-11-01",-88.32674,36.30196,"2000-11-01","/home/ecologia/Documents/Lorena/capas/WorldClim_1970-2020_monthly_recortado/2000-11",36073533,124,15.1999998092651,3.09999990463257,"Test"
"66320","2000-11-01",-83.55715,43.42978,"2000-11-01","/home/ecologia/Documents/Lorena/capas/WorldClim_1970-2020_monthly_recortado/2000-11",26721261,65,7.80000019073486,-0.699999988079071,"Test"
"66321","2000-11-01",-72.78844,42.52649,"2000-11-01","/home/ecologia/Documents/Lorena/capas/WorldClim_1970-2020_monthly_recortado/2000-11",27903965,113,8.39999961853027,-2,"Train"
"66322","2000-11-01",-99.13561,29.98575,"2000-11-01","/home/ecologia/Documents/Lorena/capas/WorldClim_1970-2020_monthly_recortado/2000-11",44363998,50,20.7000007629395,6.09999990463257,"Train"
"66323","2000-11-01",-90.84813,32.30997,"2000-11-01","/home/ecologia/Documents/Lorena/capas/WorldClim_1970-2020_monthly_recortado/2000-11",41313012,121,19.7999992370605,6.59999990463257,"Test"
"66324","2000-11-01",-70.6136,41.66239,"2000-11-01","/home/ecologia/Documents/Lorena/capas/WorldClim_1970-2020_monthly_recortado/2000-11",29041882,118,11.1999998092651,2.90000009536743,"Train"
"66325","2000-11-01",-106.615,31.85413,"2000-11-01","/home/ecologia/Documents/Lorena/capas/WorldClim_1970-2020_monthly_recortado/2000-11",41912765,10,19.7999992370605,2.40000009536743,"Train"
"66326","2000-11-01",-96.912,30.31225,"2000-11-01","/home/ecologia/Documents/Lorena/capas/WorldClim_1970-2020_monthly_recortado/2000-11",43937644,77,21.5,8.60000038146973,"Train"
"66327","2000-11-01",-98.13601,26.29185,"2000-11-01","/home/ecologia/Documents/Lorena/capas/WorldClim_1970-2020_monthly_recortado/2000-11",49210095,28,25.7000007629395,13.6999998092651,"Test"
"66328","2000-11-01",-76.8201,37.24912,"2000-11-01","/home/ecologia/Documents/Lorena/capas/WorldClim_1970-2020_monthly_recortado/2000-11",34838807,84,16.3999996185303,4.5,"Test"
"66329","2000-11-01",-84.40987,30.13899,"2000-11-01","/home/ecologia/Documents/Lorena/capas/WorldClim_1970-2020_monthly_recortado/2000-11",44168863,89,22.5,9.39999961853027,"Test"
"66330","2000-11-01",-108.3021,32.70983,"2000-11-01","/home/ecologia/Documents/Lorena/capas/WorldClim_1970-2020_monthly_recortado/2000-11",40785845,23,16.7000007629395,-2,"Train"
"66331","2000-11-01",-72.71221,41.51728,"2000-11-01","/home/ecologia/Documents/Lorena/capas/WorldClim_1970-2020_monthly_recortado/2000-11",29227593,111,11.1000003814697,1.10000002384186,"Train"
"66332","2000-11-01",-87.73904,43.76721,"2000-11-01","/home/ecologia/Documents/Lorena/capas/WorldClim_1970-2020_monthly_recortado/2000-11",26272260,62,6.69999980926514,-1.29999995231628,"Train"
"66333","2000-11-01",-98.14525,26.07605,"2000-11-01","/home/ecologia/Documents/Lorena/capas/WorldClim_1970-2020_monthly_recortado/2000-11",49494508,27,25.2999992370605,13.8000001907349,"Test"
"66334","2000-11-01",-97.88411,30.47996,"2000-11-01","/home/ecologia/Documents/Lorena/capas/WorldClim_1970-2020_monthly_recortado/2000-11",43718747,63,20.2000007629395,8.10000038146973,"Test"
"66335","2000-11-01",-104.1173,30.6998,"2000-11-01","/home/ecologia/Documents/Lorena/capas/WorldClim_1970-2020_monthly_recortado/2000-11",43433585,17,16.2999992370605,2.59999990463257,"Train"
"66336","2000-11-01",-106.4804,23.30757,"2000-11-01","/home/ecologia/Documents/Lorena/capas/WorldClim_1970-2020_monthly_recortado/2000-11",53136195,29,30.2000007629395,17.7999992370605,"Train"
"66337","2000-11-01",-95.59173,29.65724,"2000-11-01","/home/ecologia/Documents/Lorena/capas/WorldClim_1970-2020_monthly_recortado/2000-11",44801983,99,23.2999992370605,10.8000001907349,"Train"
"66338","2000-11-01",-86.18474,41.73981,"2000-11-01","/home/ecologia/Documents/Lorena/capas/WorldClim_1970-2020_monthly_recortado/2000-11",28941562,82,9,0.200000002980232,"Test"
"66339","2000-11-01",-83.83005,34.32378,"2000-11-01","/home/ecologia/Documents/Lorena/capas/WorldClim_1970-2020_monthly_recortado/2000-11",38677555,114,16.8999996185303,4.80000019073486,"Test"
"66340","2000-11-01",-98.82066,19.49728,"2000-11-01","/home/ecologia/Documents/Lorena/capas/WorldClim_1970-2020_monthly_recortado/2000-11",58136237,8,22.8999996185303,4.90000009536743,"Test"
"66341","2000-11-01",-78.91252,39.19395,"2000-11-01","/home/ecologia/Documents/Lorena/capas/WorldClim_1970-2020_monthly_recortado/2000-11",32278830,76,12,0.100000001490116,"Train"
"66342","2000-11-01",-73.87249,42.94091,"2000-11-01","/home/ecologia/Documents/Lorena/capas/WorldClim_1970-2020_monthly_recortado/2000-11",27367824,89,8.39999961853027,-1.29999995231628,"Train"
"66343","2000-11-01",-95.56277,30.67667,"2000-11-01","/home/ecologia/Documents/Lorena/capas/WorldClim_1970-2020_monthly_recortado/2000-11",43456490,104,20.8999996185303,8.60000038146973,"Train"
"66344","2000-11-01",-93.37736,30.23661,"2000-11-01","/home/ecologia/Documents/Lorena/capas/WorldClim_1970-2020_monthly_recortado/2000-11",44036519,115,21.2999992370605,9.5,"Train"
"66345","2000-11-01",-97.87514,30.53075,"2000-11-01","/home/ecologia/Documents/Lorena/capas/WorldClim_1970-2020_monthly_recortado/2000-11",43653114,62,20.2000007629395,7.69999980926514,"Test"
"66346","2000-11-01",-70.63752,41.63297,"2000-11-01","/home/ecologia/Documents/Lorena/capas/WorldClim_1970-2020_monthly_recortado/2000-11",29085635,116,11.3000001907349,3.09999990463257,"Train"
"66347","2000-11-01",-103.2339,20.28885,"2000-11-01","/home/ecologia/Documents/Lorena/capas/WorldClim_1970-2020_monthly_recortado/2000-11",57096502,14,24.3999996185303,12.3000001907349,"Train"
"66348","2000-11-01",-99.10058,18.99846,"2000-11-01","/home/ecologia/Documents/Lorena/capas/WorldClim_1970-2020_monthly_recortado/2000-11",58792543,15,23.3999996185303,9.80000019073486,"Test"
"66349","2000-11-01",-76.17113,39.61111,"2000-11-01","/home/ecologia/Documents/Lorena/capas/WorldClim_1970-2020_monthly_recortado/2000-11",31732209,92,13.1999998092651,2.90000009536743,"Train"
"66350","2000-11-01",-86.33631,39.48617,"2000-11-01","/home/ecologia/Documents/Lorena/capas/WorldClim_1970-2020_monthly_recortado/2000-11",31895074,92,11.6000003814697,0.899999976158142,"Train"
"66351","2000-11-01",-90.14214,32.56012,"2000-11-01","/home/ecologia/Documents/Lorena/capas/WorldClim_1970-2020_monthly_recortado/2000-11",40984926,128,19.6000003814697,5.90000009536743,"Train"
"66352","2000-11-01",-101.2483,17.95685,"2000-11-01","/home/ecologia/Documents/Lorena/capas/WorldClim_1970-2020_monthly_recortado/2000-11",60159661,23,28.1000003814697,14.8000001907349,"Test"
"66353","2000-11-01",-78.68693,42.40411,"2000-11-01","/home/ecologia/Documents/Lorena/capas/WorldClim_1970-2020_monthly_recortado/2000-11",28067342,98,7.40000009536743,-1.29999995231628,"Train"
"66354","2000-11-01",-101.0292,19.61413,"2000-11-01","/home/ecologia/Documents/Lorena/capas/WorldClim_1970-2020_monthly_recortado/2000-11",57982826,12,24.2999992370605,8.80000019073486,"Train"
"66355","2000-11-01",-103.6048,19.53804,"2000-11-01","/home/ecologia/Documents/Lorena/capas/WorldClim_1970-2020_monthly_recortado/2000-11",58080968,58,15.5,3.20000004768372,"Train"
"66356","2000-11-01",-96.60601,17.09997,"2000-11-01","/home/ecologia/Documents/Lorena/capas/WorldClim_1970-2020_monthly_recortado/2000-11",61286935,20,23.3999996185303,10.5,"Test"
"66357","2000-11-01",-75.02027,40.47005,"2000-11-01","/home/ecologia/Documents/Lorena/capas/WorldClim_1970-2020_monthly_recortado/2000-11",30605630,100,11.8000001907349,0.699999988079071,"Test"
"66358","2000-11-01",-95.77249,29.55332,"2000-11-01","/home/ecologia/Documents/Lorena/capas/WorldClim_1970-2020_monthly_recortado/2000-11",44933230,97,23,10.1000003814697,"Train"
"66359","2000-11-01",-102.3641,21.99785,"2000-11-01","/home/ecologia/Documents/Lorena/capas/WorldClim_1970-2020_monthly_recortado/2000-11",54854112,9,24.1000003814697,5.80000019073486,"Train"
"66360","2000-11-01",-98.42429,30.09145,"2000-11-01","/home/ecologia/Documents/Lorena/capas/WorldClim_1970-2020_monthly_recortado/2000-11",44232816,65,20.7999992370605,7.09999990463257,"Train"
"66361","2000-11-01",-87.46858,34.88979,"2000-11-01","/home/ecologia/Documents/Lorena/capas/WorldClim_1970-2020_monthly_recortado/2000-11",37933266,127,16.5,3.40000009536743,"Train"
"66362","2000-11-01",-81.6717,40.51741,"2000-11-01","/home/ecologia/Documents/Lorena/capas/WorldClim_1970-2020_monthly_recortado/2000-11",30539198,81,9.89999961853027,0.100000001490116,"Train"
"66363","2000-11-01",-101.3391,19.6185,"2000-11-01","/home/ecologia/Documents/Lorena/capas/WorldClim_1970-2020_monthly_recortado/2000-11",57971850,20,21.1000003814697,6,"Test"
"66364","2000-11-01",-98.34078,29.53198,"2000-11-01","/home/ecologia/Documents/Lorena/capas/WorldClim_1970-2020_monthly_recortado/2000-11",44965739,62,22,9.39999961853027,"Train"
"66365","2000-11-01",-90.33907,30.70646,"2000-11-01","/home/ecologia/Documents/Lorena/capas/WorldClim_1970-2020_monthly_recortado/2000-11",43424300,125,21.5,7.59999990463257,"Train"
"66366","2000-11-01",-98.42378,29.50739,"2000-11-01","/home/ecologia/Documents/Lorena/capas/WorldClim_1970-2020_monthly_recortado/2000-11",44998546,59,21.8999996185303,9.5,"Train"
"66367","2000-11-01",-102.4172,22.14119,"2000-11-01","/home/ecologia/Documents/Lorena/capas/WorldClim_1970-2020_monthly_recortado/2000-11",54668142,10,23.5,6.30000019073486,"Train"
"66368","2000-11-01",-95.41662,29.04022,"2000-11-01","/home/ecologia/Documents/Lorena/capas/WorldClim_1970-2020_monthly_recortado/2000-11",45611491,115,22.7000007629395,12,"Train"
"66369","2000-11-01",-82.62067,28.459,"2000-11-01","/home/ecologia/Documents/Lorena/capas/WorldClim_1970-2020_monthly_recortado/2000-11",46367817,60,25.7999992370605,12.8999996185303,"Test"
"66370","2000-11-01",-96.27494,30.59325,"2000-11-01","/home/ecologia/Documents/Lorena/capas/WorldClim_1970-2020_monthly_recortado/2000-11",43565795,81,21.6000003814697,8.89999961853027,"Train"
"66371","2000-11-01",-77.26247,38.89653,"2000-11-01","/home/ecologia/Documents/Lorena/capas/WorldClim_1970-2020_monthly_recortado/2000-11",32672832,86,14.1000003814697,2.59999990463257,"Train"
"66372","2000-11-01",-90.07184,30.00921,"2000-11-01","/home/ecologia/Documents/Lorena/capas/WorldClim_1970-2020_monthly_recortado/2000-11",44332269,119,22.5,10.6999998092651,"Test"
"66373","2000-11-01",-79.96481,40.58966,"2000-11-01","/home/ecologia/Documents/Lorena/capas/WorldClim_1970-2020_monthly_recortado/2000-11",30451891,79,11,0.300000011920929,"Test"
"66374","2000-11-01",-86.4612,34.77032,"2000-11-01","/home/ecologia/Documents/Lorena/capas/WorldClim_1970-2020_monthly_recortado/2000-11",38086533,121,16.8999996185303,3.40000009536743,"Train"
"66375","2000-11-01",-95.46536,29.0598,"2000-11-01","/home/ecologia/Documents/Lorena/capas/WorldClim_1970-2020_monthly_recortado/2000-11",45578668,117,22.3999996185303,11.6000003814697,"Train"
"66376","2000-11-01",-102.5447,22.78123,"2000-11-01","/home/ecologia/Documents/Lorena/capas/WorldClim_1970-2020_monthly_recortado/2000-11",53825824,12,21.2000007629395,5.5,"Test"
"66377","2000-11-01",-86.8872,36.84534,"2000-11-01","/home/ecologia/Documents/Lorena/capas/WorldClim_1970-2020_monthly_recortado/2000-11",35362671,115,14.6999998092651,2.79999995231628,"Test"
"66378","2000-11-01",-76.55651,44.23388,"2000-11-01","/home/ecologia/Documents/Lorena/capas/WorldClim_1970-2020_monthly_recortado/2000-11",25661018,99,7.19999980926514,-0.400000005960464,"Train"
"66379","2000-11-01",-83.10474,40.11182,"2000-11-01","/home/ecologia/Documents/Lorena/capas/WorldClim_1970-2020_monthly_recortado/2000-11",31075037,80,11,1,"Train"
"66380","2000-11-01",-89.23982,43.44779,"2000-11-01","/home/ecologia/Documents/Lorena/capas/WorldClim_1970-2020_monthly_recortado/2000-11",26698701,59,6.40000009536743,-3.20000004768372,"Train"
"66381","2000-11-01",-97.23857,32.58727,"2000-11-01","/home/ecologia/Documents/Lorena/capas/WorldClim_1970-2020_monthly_recortado/2000-11",40951258,56,19,6.69999980926514,"Test"
"66382","2000-11-01",-95.3247,29.35174,"2000-11-01","/home/ecologia/Documents/Lorena/capas/WorldClim_1970-2020_monthly_recortado/2000-11",45195820,111,22,11,"Test"
"66383","2000-11-01",-90.78681,35.22449,"2000-11-01","/home/ecologia/Documents/Lorena/capas/WorldClim_1970-2020_monthly_recortado/2000-11",37495308,123,16.1000003814697,4.90000009536743,"Test"
"66384","2000-11-01",-101.0142,19.64859,"2000-11-01","/home/ecologia/Documents/Lorena/capas/WorldClim_1970-2020_monthly_recortado/2000-11",57939072,18,21,8.30000019073486,"Train"
"66385","2000-11-01",-104.2443,32.43834,"2000-11-01","/home/ecologia/Documents/Lorena/capas/WorldClim_1970-2020_monthly_recortado/2000-11",41147319,16,19.5,2.09999990463257,"Train"
"66386","2000-11-01",-101.8589,19.49459,"2000-11-01","/home/ecologia/Documents/Lorena/capas/WorldClim_1970-2020_monthly_recortado/2000-11",58135872,25,24.1000003814697,7.59999990463257,"Train"
"66387","2000-11-01",-90.77849,30.25214,"2000-11-01","/home/ecologia/Documents/Lorena/capas/WorldClim_1970-2020_monthly_recortado/2000-11",44014953,114,21.2999992370605,9.39999961853027,"Train"
"66388","2000-11-01",-82.30095,35.91731,"2000-11-01","/home/ecologia/Documents/Lorena/capas/WorldClim_1970-2020_monthly_recortado/2000-11",36577450,98,13.6999998092651,0.300000011920929,"Train"
"66389","2000-11-01",-88.03648,30.86638,"2000-11-01","/home/ecologia/Documents/Lorena/capas/WorldClim_1970-2020_monthly_recortado/2000-11",43216735,120,21.2999992370605,8.19999980926514,"Train"
"66390","2000-11-01",-84.27354,39.10502,"2000-11-01","/home/ecologia/Documents/Lorena/capas/WorldClim_1970-2020_monthly_recortado/2000-11",32398516,91,12.1999998092651,1.20000004768372,"Train"
"66391","2000-11-01",-80.2335,40.36774,"2000-11-01","/home/ecologia/Documents/Lorena/capas/WorldClim_1970-2020_monthly_recortado/2000-11",30736272,77,11,0.400000005960464,"Train"
"66392","2000-11-01",-97.86835,30.17066,"2000-11-01","/home/ecologia/Documents/Lorena/capas/WorldClim_1970-2020_monthly_recortado/2000-11",44123492,67,20.7000007629395,8.10000038146973,"Test"
"66393","2000-11-01",-110.2742,31.5273,"2000-11-01","/home/ecologia/Documents/Lorena/capas/WorldClim_1970-2020_monthly_recortado/2000-11",42338947,17,20.3999996185303,4,"Train"
"66394","2000-11-01",-81.0298,35.53123,"2000-11-01","/home/ecologia/Documents/Lorena/capas/WorldClim_1970-2020_monthly_recortado/2000-11",37091736,84,16.6000003814697,3.29999995231628,"Train"
"66395","2000-11-01",-73.13152,41.19881,"2000-11-01","/home/ecologia/Documents/Lorena/capas/WorldClim_1970-2020_monthly_recortado/2000-11",29654164,106,11.8999996185303,2.20000004768372,"Train"
"66396","2000-11-01",-88.9869,39.8187,"2000-11-01","/home/ecologia/Documents/Lorena/capas/WorldClim_1970-2020_monthly_recortado/2000-11",31457196,82,10.8999996185303,0.800000011920929,"Train"
"66397","2000-11-01",-79.99823,47.8097,"2000-11-01","/home/ecologia/Documents/Lorena/capas/WorldClim_1970-2020_monthly_recortado/2000-11",20967774,62,1.20000004768372,-6.5,"Train"
"66398","2000-11-01",-75.59367,40.53109,"2000-11-01","/home/ecologia/Documents/Lorena/capas/WorldClim_1970-2020_monthly_recortado/2000-11",30528988,97,11.8000001907349,0.600000023841858,"Train"
"66399","2000-11-01",-69.97026,41.78511,"2000-11-01","/home/ecologia/Documents/Lorena/capas/WorldClim_1970-2020_monthly_recortado/2000-11",28877874,109,10.5,3.90000009536743,"Train"
"66400","2000-11-01",-96.68675,32.9767,"2000-11-01","/home/ecologia/Documents/Lorena/capas/WorldClim_1970-2020_monthly_recortado/2000-11",40437191,68,19,7.09999990463257,"Train"
"66401","2000-11-01",-97.99033,27.96488,"2000-11-01","/home/ecologia/Documents/Lorena/capas/WorldClim_1970-2020_monthly_recortado/2000-11",47022313,38,24.7000007629395,11.6000003814697,"Train"
"66402","2000-11-01",-97.84249,30.53978,"2000-11-01","/home/ecologia/Documents/Lorena/capas/WorldClim_1970-2020_monthly_recortado/2000-11",43642179,64,20.5,7.90000009536743,"Train"
"66403","2000-11-01",-99.33135,19.7232,"2000-11-01","/home/ecologia/Documents/Lorena/capas/WorldClim_1970-2020_monthly_recortado/2000-11",57840823,18,20.7999992370605,4.30000019073486,"Train"
"66404","2000-11-01",-95.32098,30.01352,"2000-11-01","/home/ecologia/Documents/Lorena/capas/WorldClim_1970-2020_monthly_recortado/2000-11",44331639,99,22.2999992370605,9.69999980926514,"Train"
"66405","2000-11-01",-96.46667,16.06667,"2000-11-01","/home/ecologia/Documents/Lorena/capas/WorldClim_1970-2020_monthly_recortado/2000-11",62632448,25,22.1000003814697,11.3999996185303,"Train"
"66406","2000-11-01",-99.73333,17.565,"2000-11-01","/home/ecologia/Documents/Lorena/capas/WorldClim_1970-2020_monthly_recortado/2000-11",60673976,34,23.2000007629395,11.5,"Test"
"66407","2000-11-01",-97.3,18.71667,"2000-11-01","/home/ecologia/Documents/Lorena/capas/WorldClim_1970-2020_monthly_recortado/2000-11",59153747,28,21.6000003814697,8.39999961853027,"Test"
"66408","2000-11-01",-74.35202,42.972,"2000-11-01","/home/ecologia/Documents/Lorena/capas/WorldClim_1970-2020_monthly_recortado/2000-11",27324010,90,7.69999980926514,-2,"Train"
"66409","2000-11-01",-76.23413,40.11799,"2000-11-01","/home/ecologia/Documents/Lorena/capas/WorldClim_1970-2020_monthly_recortado/2000-11",31064922,88,12.1000003814697,1.70000004768372,"Test"
"66410","2000-11-01",-83.91506,30.52184,"2000-11-01","/home/ecologia/Documents/Lorena/capas/WorldClim_1970-2020_monthly_recortado/2000-11",43665729,84,22.5,8.30000019073486,"Train"
"66411","2000-11-01",-71.97607,41.35976,"2000-11-01","/home/ecologia/Documents/Lorena/capas/WorldClim_1970-2020_monthly_recortado/2000-11",29435522,119,11.5,1.70000004768372,"Train"
"66412","2000-11-01",-75.11583,40.14367,"2000-11-01","/home/ecologia/Documents/Lorena/capas/WorldClim_1970-2020_monthly_recortado/2000-11",31032240,96,12.8000001907349,2.20000004768372,"Train"
"66413","2000-11-01",-76.98051,36.80446,"2000-11-01","/home/ecologia/Documents/Lorena/capas/WorldClim_1970-2020_monthly_recortado/2000-11",35418555,79,16.7999992370605,4.09999990463257,"Train"
"66414","2000-11-01",-122.8302,48.06464,"2000-11-01","/home/ecologia/Documents/Lorena/capas/WorldClim_1970-2020_monthly_recortado/2000-11",20634464,99,9.80000019073486,3.40000009536743,"Test"
"66415","2000-11-01",-98.25563,30.32525,"2000-11-01","/home/ecologia/Documents/Lorena/capas/WorldClim_1970-2020_monthly_recortado/2000-11",43915605,58,21.1000003814697,7.30000019073486,"Test"
"66416","2000-11-01",-87.76639,30.53383,"2000-11-01","/home/ecologia/Documents/Lorena/capas/WorldClim_1970-2020_monthly_recortado/2000-11",43643389,120,21.7000007629395,8.89999961853027,"Test"
"66417","2000-11-01",-83.50736,43.3016,"2000-11-01","/home/ecologia/Documents/Lorena/capas/WorldClim_1970-2020_monthly_recortado/2000-11",26885352,66,7.69999980926514,-0.699999988079071,"Train"
"66418","2000-11-01",-98.24618,30.46797,"2000-11-01","/home/ecologia/Documents/Lorena/capas/WorldClim_1970-2020_monthly_recortado/2000-11",43729643,56,20.8999996185303,7.40000009536743,"Train"
"66419","2000-11-01",-90.03831,30.4735,"2000-11-01","/home/ecologia/Documents/Lorena/capas/WorldClim_1970-2020_monthly_recortado/2000-11",43730628,120,21.2999992370605,8.5,"Train"
"66420","2000-11-01",-100.3692,20.51587,"2000-11-01","/home/ecologia/Documents/Lorena/capas/WorldClim_1970-2020_monthly_recortado/2000-11",56801493,10,23.2000007629395,6.69999980926514,"Test"
"66421","2000-11-01",-103.9504,20.74317,"2000-11-01","/home/ecologia/Documents/Lorena/capas/WorldClim_1970-2020_monthly_recortado/2000-11",56494771,12,28.3999996185303,9.30000019073486,"Train"
"66422","2000-11-01",-87.79279,41.90169,"2000-11-01","/home/ecologia/Documents/Lorena/capas/WorldClim_1970-2020_monthly_recortado/2000-11",28722589,78,9.19999980926514,0.100000001490116,"Train"
"66423","2000-11-01",-93.87915,44.50375,"2000-11-01","/home/ecologia/Documents/Lorena/capas/WorldClim_1970-2020_monthly_recortado/2000-11",25308891,43,4.59999990463257,-4.80000019073486,"Test"
"66424","2000-11-01",-96.30094,30.7751,"2000-11-01","/home/ecologia/Documents/Lorena/capas/WorldClim_1970-2020_monthly_recortado/2000-11",43325133,82,21.5,8.5,"Test"
"66425","2000-11-01",-78.66151,42.62231,"2000-11-01","/home/ecologia/Documents/Lorena/capas/WorldClim_1970-2020_monthly_recortado/2000-11",27782931,97,7.69999980926514,-0.899999976158142,"Train"
"66426","2000-11-01",-90.47524,41.58139,"2000-11-01","/home/ecologia/Documents/Lorena/capas/WorldClim_1970-2020_monthly_recortado/2000-11",29148888,61,8.39999961853027,-1.20000004768372,"Train"
"66427","2000-11-01",-75.23403,39.42731,"2000-11-01","/home/ecologia/Documents/Lorena/capas/WorldClim_1970-2020_monthly_recortado/2000-11",31972979,84,13.6000003814697,3,"Test"
"66428","2000-11-01",-93.70422,32.44838,"2000-11-01","/home/ecologia/Documents/Lorena/capas/WorldClim_1970-2020_monthly_recortado/2000-11",41137645,118,19.7999992370605,6.80000019073486,"Train"
"66429","2000-11-01",-82.01574,40.64747,"2000-11-01","/home/ecologia/Documents/Lorena/capas/WorldClim_1970-2020_monthly_recortado/2000-11",30375072,81,9.89999961853027,0.200000002980232,"Train"
"66430","2000-11-01",-98.64278,29.74285,"2000-11-01","/home/ecologia/Documents/Lorena/capas/WorldClim_1970-2020_monthly_recortado/2000-11",44681288,67,20.7999992370605,7.5,"Train"
"66431","2000-11-01",-99.37528,17.37583,"2000-11-01","/home/ecologia/Documents/Lorena/capas/WorldClim_1970-2020_monthly_recortado/2000-11",60914676,27,25.7999992370605,13.6000003814697,"Test"
"66432","2000-11-01",-75.56821,39.66206,"2000-11-01","/home/ecologia/Documents/Lorena/capas/WorldClim_1970-2020_monthly_recortado/2000-11",31666647,87,13.3000001907349,3.09999990463257,"Test"
"66433","2000-11-01",-77.90472,39.91479,"2000-11-01","/home/ecologia/Documents/Lorena/capas/WorldClim_1970-2020_monthly_recortado/2000-11",31338197,81,12,1,"Train"
"66434","2000-11-01",-79.09228,41.22897,"2000-11-01","/home/ecologia/Documents/Lorena/capas/WorldClim_1970-2020_monthly_recortado/2000-11",29609692,94,8.5,-0.899999976158142,"Train"
"66435","2000-11-01",-109.1283,31.92122,"2000-11-01","/home/ecologia/Documents/Lorena/capas/WorldClim_1970-2020_monthly_recortado/2000-11",41824951,18,19.3999996185303,1,"Train"
"66436","2000-11-01",-90.36315,29.51557,"2000-11-01","/home/ecologia/Documents/Lorena/capas/WorldClim_1970-2020_monthly_recortado/2000-11",44988574,112,21.8999996185303,11.8000001907349,"Train"
"66437","2000-11-01",-100.0104,29.53742,"2000-11-01","/home/ecologia/Documents/Lorena/capas/WorldClim_1970-2020_monthly_recortado/2000-11",44954599,37,21.5,7.5,"Train"
"66438","2000-11-01",-85.59996,42.25617,"2000-11-01","/home/ecologia/Documents/Lorena/capas/WorldClim_1970-2020_monthly_recortado/2000-11",28263415,71,8.69999980926514,-0.5,"Train"
"66439","2000-11-01",-76.75281,39.86239,"2000-11-01","/home/ecologia/Documents/Lorena/capas/WorldClim_1970-2020_monthly_recortado/2000-11",31403969,90,12.3000001907349,1.5,"Test"
"66440","2000-11-01",-98.05845,30.34992,"2000-11-01","/home/ecologia/Documents/Lorena/capas/WorldClim_1970-2020_monthly_recortado/2000-11",43893750,60,20.6000003814697,8,"Train"
"66441","2000-11-01",-86.33891,41.94645,"2000-11-01","/home/ecologia/Documents/Lorena/capas/WorldClim_1970-2020_monthly_recortado/2000-11",28668069,86,8.89999961853027,0.400000005960464,"Train"
"66442","2000-11-01",-86.55939,41.94417,"2000-11-01","/home/ecologia/Documents/Lorena/capas/WorldClim_1970-2020_monthly_recortado/2000-11",28668042,87,8.89999961853027,0.699999988079071,"Train"
"66443","2000-11-01",-86.405,42.099,"2000-11-01","/home/ecologia/Documents/Lorena/capas/WorldClim_1970-2020_monthly_recortado/2000-11",28471159,85,8.89999961853027,0.5,"Train"
"66444","2000-12-01",-83.66163,41.63449,"2000-12-01","/home/ecologia/Documents/Lorena/capas/WorldClim_1970-2020_monthly_recortado/2000-12",29073133,66,2.79999995231628,-5.09999990463257,"Test"
"66445","2000-12-01",-82.311554,35.602497,"2000-12-01","/home/ecologia/Documents/Lorena/capas/WorldClim_1970-2020_monthly_recortado/2000-12",36993131,95,10.1000003814697,-2.5,"Train"
"66446","2000-12-01",-77.455956,39.487625,"2000-12-01","/home/ecologia/Documents/Lorena/capas/WorldClim_1970-2020_monthly_recortado/2000-12",31896140,74,7,-2.70000004768372,"Train"
"66447","2000-12-01",-95.41788,29.828089,"2000-12-01","/home/ecologia/Documents/Lorena/capas/WorldClim_1970-2020_monthly_recortado/2000-12",44572285,90,18.6000003814697,7,"Train"
"66448","2000-12-01",-74.158195,41.022156,"2000-12-01","/home/ecologia/Documents/Lorena/capas/WorldClim_1970-2020_monthly_recortado/2000-12",29883760,97,5.40000009536743,-3.59999990463257,"Test"
"66449","2000-12-01",-86.7239,38.08611,"2000-12-01","/home/ecologia/Documents/Lorena/capas/WorldClim_1970-2020_monthly_recortado/2000-12",33732780,94,7.30000019073486,-2.79999995231628,"Train"
"66450","2000-12-01",-77.15653,38.82398,"2000-12-01","/home/ecologia/Documents/Lorena/capas/WorldClim_1970-2020_monthly_recortado/2000-12",32771296,80,8.89999961853027,-1.39999997615814,"Test"
"66451","2000-12-01",-90.492065,30.097548,"2000-12-01","/home/ecologia/Documents/Lorena/capas/WorldClim_1970-2020_monthly_recortado/2000-12",44222828,137,18.2999992370605,6.69999980926514,"Test"
"66452","2000-12-01",-92.03425,30.231438,"2000-12-01","/home/ecologia/Documents/Lorena/capas/WorldClim_1970-2020_monthly_recortado/2000-12",44047619,140,18,6.30000019073486,"Train"
"66453","2000-12-01",-99.230316,19.012949,"2000-12-01","/home/ecologia/Documents/Lorena/capas/WorldClim_1970-2020_monthly_recortado/2000-12",58770650,8,20.2000007629395,5.59999990463257,"Test"
"66454","2000-12-01",-77.018845,39.00987,"2000-12-01","/home/ecologia/Documents/Lorena/capas/WorldClim_1970-2020_monthly_recortado/2000-12",32519715,84,8.5,-1.60000002384186,"Test"
"66455","2000-12-01",-105.31562,20.38299,"2000-12-01","/home/ecologia/Documents/Lorena/capas/WorldClim_1970-2020_monthly_recortado/2000-12",56975924,31,27.5,10.6999998092651,"Train"
"66456","2000-12-01",-95.320984,30.013517,"2000-12-01","/home/ecologia/Documents/Lorena/capas/WorldClim_1970-2020_monthly_recortado/2000-12",44331639,94,18.2000007629395,6.09999990463257,"Train"
"66457","2000-12-01",-81.16834,35.820923,"2000-12-01","/home/ecologia/Documents/Lorena/capas/WorldClim_1970-2020_monthly_recortado/2000-12",36708854,92,11.5,-1.5,"Train"
"66458","2000-12-01",-95.64672,29.893066,"2000-12-01","/home/ecologia/Documents/Lorena/capas/WorldClim_1970-2020_monthly_recortado/2000-12",44484746,90,18.7000007629395,6.5,"Test"
"66459","2000-12-01",-75.51132,38.413162,"2000-12-01","/home/ecologia/Documents/Lorena/capas/WorldClim_1970-2020_monthly_recortado/2000-12",33307504,88,9.39999961853027,-0.699999988079071,"Train"
"66460","2000-12-01",-76.354294,44.44726,"2000-12-01","/home/ecologia/Documents/Lorena/capas/WorldClim_1970-2020_monthly_recortado/2000-12",25387567,79,-0.200000002980232,-8.60000038146973,"Test"
"66461","2000-12-01",-98.457886,29.687408,"2000-12-01","/home/ecologia/Documents/Lorena/capas/WorldClim_1970-2020_monthly_recortado/2000-12",44757884,51,16.5,4.19999980926514,"Train"
"66462","2000-12-01",-85.618706,30.24381,"2000-12-01","/home/ecologia/Documents/Lorena/capas/WorldClim_1970-2020_monthly_recortado/2000-12",44026511,110,18.6000003814697,6.59999990463257,"Test"
"66463","2000-12-01",-84.39032,39.149727,"2000-12-01","/home/ecologia/Documents/Lorena/capas/WorldClim_1970-2020_monthly_recortado/2000-12",32343807,81,6.40000009536743,-3.40000009536743,"Train"
"66464","2000-12-01",-80.055504,32.84316,"2000-12-01","/home/ecologia/Documents/Lorena/capas/WorldClim_1970-2020_monthly_recortado/2000-12",40614211,79,16.6000003814697,4.69999980926514,"Train"
"66465","2000-12-01",-73.34284,40.901707,"2000-12-01","/home/ecologia/Documents/Lorena/capas/WorldClim_1970-2020_monthly_recortado/2000-12",30037003,96,6.19999980926514,-1.79999995231628,"Train"
"66466","2000-12-01",-86.50512,37.59743,"2000-12-01","/home/ecologia/Documents/Lorena/capas/WorldClim_1970-2020_monthly_recortado/2000-12",34378207,110,8.30000019073486,-2.40000009536743,"Test"
"66467","2000-12-01",-99.19143,19.25536,"2000-12-01","/home/ecologia/Documents/Lorena/capas/WorldClim_1970-2020_monthly_recortado/2000-12",58453424,8,20,3.5,"Train"
"66468","2000-12-01",-76.415405,44.24569,"2000-12-01","/home/ecologia/Documents/Lorena/capas/WorldClim_1970-2020_monthly_recortado/2000-12",25650096,85,0.699999988079071,-7.69999980926514,"Test"
"66469","2000-12-01",-83.29789,30.891012,"2000-12-01","/home/ecologia/Documents/Lorena/capas/WorldClim_1970-2020_monthly_recortado/2000-12",43184487,71,18,5.19999980926514,"Train"
"66470","2000-12-01",-82.44926,29.053774,"2000-12-01","/home/ecologia/Documents/Lorena/capas/WorldClim_1970-2020_monthly_recortado/2000-12",45591169,71,21.7000007629395,8.10000038146973,"Train"
"66471","2000-12-01",-93.20168,30.292656,"2000-12-01","/home/ecologia/Documents/Lorena/capas/WorldClim_1970-2020_monthly_recortado/2000-12",43959967,140,17,6.09999990463257,"Train"
"66472","2000-12-01",-97.90596,31.103148,"2000-12-01","/home/ecologia/Documents/Lorena/capas/WorldClim_1970-2020_monthly_recortado/2000-12",42898320,45,15.8000001907349,3.09999990463257,"Test"
"66473","2000-12-01",-83.73169,32.890064,"2000-12-01","/home/ecologia/Documents/Lorena/capas/WorldClim_1970-2020_monthly_recortado/2000-12",40559075,108,15.6000003814697,2.70000004768372,"Test"
"66474","2000-12-01",-102.20179,19.49392,"2000-12-01","/home/ecologia/Documents/Lorena/capas/WorldClim_1970-2020_monthly_recortado/2000-12",58135831,14,20.3999996185303,4.40000009536743,"Train"
"66475","2000-12-01",-103.990874,20.755472,"2000-12-01","/home/ecologia/Documents/Lorena/capas/WorldClim_1970-2020_monthly_recortado/2000-12",56483828,11,27.2000007629395,7.59999990463257,"Train"
"66476","2000-12-01",-97.743052,30.344333,"2000-12-01","/home/ecologia/Documents/Lorena/capas/WorldClim_1970-2020_monthly_recortado/2000-12",43893788,50,16.7000007629395,4.90000009536743,"Train"
"66477","2000-12-01",-82.93864,39.612225,"2000-12-01","/home/ecologia/Documents/Lorena/capas/WorldClim_1970-2020_monthly_recortado/2000-12",31731397,71,5.69999980926514,-3.59999990463257,"Train"
"66478","2000-12-01",-75.4927,39.771534,"2000-12-01","/home/ecologia/Documents/Lorena/capas/WorldClim_1970-2020_monthly_recortado/2000-12",31524449,95,7.09999990463257,-1.60000002384186,"Train"
"66479","2000-12-01",-103.98238,30.621147,"2000-12-01","/home/ecologia/Documents/Lorena/capas/WorldClim_1970-2020_monthly_recortado/2000-12",43532053,14,15,-0.899999976158142,"Test"
"66480","2000-12-01",-80.31085,25.734083,"2000-12-01","/home/ecologia/Documents/Lorena/capas/WorldClim_1970-2020_monthly_recortado/2000-12",49945147,43,25.5,16.8999996185303,"Train"
"66481","2000-12-01",-97.92156,28.10658,"2000-12-01","/home/ecologia/Documents/Lorena/capas/WorldClim_1970-2020_monthly_recortado/2000-12",46836358,35,19.7000007629395,8.19999980926514,"Train"
"66482","2000-12-01",-103.46704,29.491777,"2000-12-01","/home/ecologia/Documents/Lorena/capas/WorldClim_1970-2020_monthly_recortado/2000-12",45008879,12,17.5,1.89999997615814,"Train"
"66483","2000-12-01",-97.71426,30.710497,"2000-12-01","/home/ecologia/Documents/Lorena/capas/WorldClim_1970-2020_monthly_recortado/2000-12",43412476,50,15.8999996185303,3.59999990463257,"Train"
"66484","2000-12-01",-93.70806,31.4082,"2000-12-01","/home/ecologia/Documents/Lorena/capas/WorldClim_1970-2020_monthly_recortado/2000-12",42505020,143,16,4.19999980926514,"Test"
"66485","2000-12-01",-105.869644,23.58985,"2000-12-01","/home/ecologia/Documents/Lorena/capas/WorldClim_1970-2020_monthly_recortado/2000-12",52764342,83,20.8999996185303,4.19999980926514,"Test"
"66486","2000-12-01",-97.90934,27.51832,"2000-12-01","/home/ecologia/Documents/Lorena/capas/WorldClim_1970-2020_monthly_recortado/2000-12",47602089,32,20.7999992370605,8.5,"Train"
"66487","2000-12-01",-94.1071,35.86008,"2000-12-01","/home/ecologia/Documents/Lorena/capas/WorldClim_1970-2020_monthly_recortado/2000-12",36652607,89,9.30000019073486,-1.70000004768372,"Train"
"66488","2000-12-01",-92.26705,34.76949,"2000-12-01","/home/ecologia/Documents/Lorena/capas/WorldClim_1970-2020_monthly_recortado/2000-12",38085836,123,12,1,"Test"
"66489","2000-12-01",-90.13201,32.358177,"2000-12-01","/home/ecologia/Documents/Lorena/capas/WorldClim_1970-2020_monthly_recortado/2000-12",41258403,149,15.1999998092651,2.90000009536743,"Train"
"66490","2000-12-01",-91.16745,30.441523,"2000-12-01","/home/ecologia/Documents/Lorena/capas/WorldClim_1970-2020_monthly_recortado/2000-12",43774248,137,17.8999996185303,6.19999980926514,"Train"
"66491","2000-12-01",-111.01041,31.554493,"2000-12-01","/home/ecologia/Documents/Lorena/capas/WorldClim_1970-2020_monthly_recortado/2000-12",42306041,41,19.2000007629395,0.600000023841858,"Test"
"66492","2000-12-01",-95.641,29.881,"2000-12-01","/home/ecologia/Documents/Lorena/capas/WorldClim_1970-2020_monthly_recortado/2000-12",44506625,89,18.7000007629395,6.5,"Train"
"66493","2000-12-01",-87.69405,30.411402,"2000-12-01","/home/ecologia/Documents/Lorena/capas/WorldClim_1970-2020_monthly_recortado/2000-12",43807482,114,18,6.19999980926514,"Train"
"66494","2000-12-01",-85.607254,40.496254,"2000-12-01","/home/ecologia/Documents/Lorena/capas/WorldClim_1970-2020_monthly_recortado/2000-12",30571543,74,2.90000009536743,-5.40000009536743,"Train"
"66495","2000-12-01",-98.41682,29.733824,"2000-12-01","/home/ecologia/Documents/Lorena/capas/WorldClim_1970-2020_monthly_recortado/2000-12",44692254,50,16.6000003814697,4.09999990463257,"Test"
"66496","2000-12-01",-97.851715,30.383455,"2000-12-01","/home/ecologia/Documents/Lorena/capas/WorldClim_1970-2020_monthly_recortado/2000-12",43839080,49,16,4.69999980926514,"Train"
"66497","2000-12-01",-104.7446,23.959698,"2000-12-01","/home/ecologia/Documents/Lorena/capas/WorldClim_1970-2020_monthly_recortado/2000-12",52272222,23,20.7000007629395,2.70000004768372,"Train"
"66498","2000-12-01",-98.13824,26.077396,"2000-12-01","/home/ecologia/Documents/Lorena/capas/WorldClim_1970-2020_monthly_recortado/2000-12",49494509,28,21.6000003814697,10.1999998092651,"Train"
"66499","2000-12-01",-92.66626,33.20763,"2000-12-01","/home/ecologia/Documents/Lorena/capas/WorldClim_1970-2020_monthly_recortado/2000-12",40142321,115,13.8000001907349,1.60000002384186,"Test"
"66500","2000-12-01",-103.676994,30.36672,"2000-12-01","/home/ecologia/Documents/Lorena/capas/WorldClim_1970-2020_monthly_recortado/2000-12",43860259,14,16.8999996185303,-0.5,"Train"
"66501","2000-12-01",-86.28083,32.3825,"2000-12-01","/home/ecologia/Documents/Lorena/capas/WorldClim_1970-2020_monthly_recortado/2000-12",41226048,132,15.8999996185303,4.09999990463257,"Train"
"66502","2000-12-01",-71.689476,41.68704,"2000-12-01","/home/ecologia/Documents/Lorena/capas/WorldClim_1970-2020_monthly_recortado/2000-12",29008936,115,4.80000019073486,-4.69999980926514,"Test"
"66503","2000-12-01",-100.39478,31.486052,"2000-12-01","/home/ecologia/Documents/Lorena/capas/WorldClim_1970-2020_monthly_recortado/2000-12",42394827,23,16.2999992370605,0.200000002980232,"Train"
"66504","2000-12-01",-72.493572,42.575083,"2000-12-01","/home/ecologia/Documents/Lorena/capas/WorldClim_1970-2020_monthly_recortado/2000-12",27838366,92,3.09999990463257,-7.30000019073486,"Train"
"66505","2000-12-01",-75.64941,40.331215,"2000-12-01","/home/ecologia/Documents/Lorena/capas/WorldClim_1970-2020_monthly_recortado/2000-12",30791518,90,5.90000009536743,-3.59999990463257,"Train"
"66506","2000-12-01",-80.40541,37.240227,"2000-12-01","/home/ecologia/Documents/Lorena/capas/WorldClim_1970-2020_monthly_recortado/2000-12",34849316,68,7.59999990463257,-3.90000009536743,"Train"
"66507","2000-12-01",-103.37458,20.338486,"2000-12-01","/home/ecologia/Documents/Lorena/capas/WorldClim_1970-2020_monthly_recortado/2000-12",57030852,9,22.5,7,"Train"
"66508","2000-12-01",-106.50384,31.80127,"2000-12-01","/home/ecologia/Documents/Lorena/capas/WorldClim_1970-2020_monthly_recortado/2000-12",41978412,18,14.5,-0.300000011920929,"Test"
"66509","2000-12-01",-97.65358,29.074898,"2000-12-01","/home/ecologia/Documents/Lorena/capas/WorldClim_1970-2020_monthly_recortado/2000-12",45567466,46,19.2999992370605,6.5,"Train"
"66510","2000-12-01",-90.19143,30.686852,"2000-12-01","/home/ecologia/Documents/Lorena/capas/WorldClim_1970-2020_monthly_recortado/2000-12",43446196,148,17.5,4.69999980926514,"Train"
"66511","2000-12-01",-76.25982,43.140915,"2000-12-01","/home/ecologia/Documents/Lorena/capas/WorldClim_1970-2020_monthly_recortado/2000-12",27105001,88,1.79999995231628,-5.80000019073486,"Train"
"66512","2000-12-01",-95.93412,29.65762,"2000-12-01","/home/ecologia/Documents/Lorena/capas/WorldClim_1970-2020_monthly_recortado/2000-12",44801942,80,18.6000003814697,6,"Train"
"66513","2000-12-01",-96.50542,16.17298,"2000-12-01","/home/ecologia/Documents/Lorena/capas/WorldClim_1970-2020_monthly_recortado/2000-12",62501176,7,21.2000007629395,9.80000019073486,"Train"
"66514","2000-12-01",-101.152496,19.676032,"2000-12-01","/home/ecologia/Documents/Lorena/capas/WorldClim_1970-2020_monthly_recortado/2000-12",57895299,11,23.3999996185303,5.59999990463257,"Train"
"66515","2000-12-01",-97.794205,26.161524,"2000-12-01","/home/ecologia/Documents/Lorena/capas/WorldClim_1970-2020_monthly_recortado/2000-12",49385160,32,21.6000003814697,10.5,"Train"
"66516","2000-12-01",-104.752655,24.018122,"2000-12-01","/home/ecologia/Documents/Lorena/capas/WorldClim_1970-2020_monthly_recortado/2000-12",52195648,22,20.7000007629395,2.70000004768372,"Test"
"66517","2000-12-01",-80.39748,25.611824,"2000-12-01","/home/ecologia/Documents/Lorena/capas/WorldClim_1970-2020_monthly_recortado/2000-12",50109222,38,25.6000003814697,16,"Train"
"66518","2000-12-01",-100.4117,29.319529,"2000-12-01","/home/ecologia/Documents/Lorena/capas/WorldClim_1970-2020_monthly_recortado/2000-12",45238965,21,18.2999992370605,4.19999980926514,"Test"
"66519","2000-12-01",-98.83783,29.537457,"2000-12-01","/home/ecologia/Documents/Lorena/capas/WorldClim_1970-2020_monthly_recortado/2000-12",44954740,42,16.7000007629395,4.30000019073486,"Train"
"66520","2000-12-01",-95.59921,29.8481,"2000-12-01","/home/ecologia/Documents/Lorena/capas/WorldClim_1970-2020_monthly_recortado/2000-12",44550386,89,18.5,6.5,"Train"
"66521","2000-12-01",-104.02802,20.710672,"2000-12-01","/home/ecologia/Documents/Lorena/capas/WorldClim_1970-2020_monthly_recortado/2000-12",56538518,12,25.2000007629395,7.09999990463257,"Test"
"66522","2000-12-01",-95.68785,30.125086,"2000-12-01","/home/ecologia/Documents/Lorena/capas/WorldClim_1970-2020_monthly_recortado/2000-12",44178449,93,17.3999996185303,5.59999990463257,"Train"
"66523","2000-12-01",-91.55263,34.5004,"2000-12-01","/home/ecologia/Documents/Lorena/capas/WorldClim_1970-2020_monthly_recortado/2000-12",38435970,131,11.6999998092651,1.39999997615814,"Test"
"66524","2000-12-01",-82.01529,40.647076,"2000-12-01","/home/ecologia/Documents/Lorena/capas/WorldClim_1970-2020_monthly_recortado/2000-12",30375072,71,3.59999990463257,-4.90000009536743,"Test"
"66525","2000-12-01",-86.33447,41.92737,"2000-12-01","/home/ecologia/Documents/Lorena/capas/WorldClim_1970-2020_monthly_recortado/2000-12",28689947,81,2.20000004768372,-5,"Train"
"66526","2000-12-01",-98.33944,28.471727,"2000-12-01","/home/ecologia/Documents/Lorena/capas/WorldClim_1970-2020_monthly_recortado/2000-12",46354992,30,20,7.40000009536743,"Train"
"66527","2000-12-01",-97.82454,28.54423,"2000-12-01","/home/ecologia/Documents/Lorena/capas/WorldClim_1970-2020_monthly_recortado/2000-12",46256603,41,19.7000007629395,6.90000009536743,"Train"
"66528","2000-12-01",-72.78844,42.52649,"2000-12-01","/home/ecologia/Documents/Lorena/capas/WorldClim_1970-2020_monthly_recortado/2000-12",27903965,105,1.79999995231628,-8.10000038146973,"Test"
"66529","2000-12-01",-95.73982,30.072084,"2000-12-01","/home/ecologia/Documents/Lorena/capas/WorldClim_1970-2020_monthly_recortado/2000-12",44255016,92,17.7999992370605,5.5,"Test"
"66530","2000-12-01",-101.52075,19.673979,"2000-12-01","/home/ecologia/Documents/Lorena/capas/WorldClim_1970-2020_monthly_recortado/2000-12",57906194,10,22.3999996185303,3.70000004768372,"Train"
"66531","2000-12-01",-91.10495,30.369633,"2000-12-01","/home/ecologia/Documents/Lorena/capas/WorldClim_1970-2020_monthly_recortado/2000-12",43861768,135,18.1000003814697,5.90000009536743,"Train"
"66532","2000-12-01",-90.207794,29.92796,"2000-12-01","/home/ecologia/Documents/Lorena/capas/WorldClim_1970-2020_monthly_recortado/2000-12",44441643,125,18.6000003814697,7.40000009536743,"Train"
"66533","2000-12-01",-80.426445,25.692507,"2000-12-01","/home/ecologia/Documents/Lorena/capas/WorldClim_1970-2020_monthly_recortado/2000-12",49999828,39,25.5,16.2000007629395,"Train"
"66534","2000-12-01",-74.83419,39.160065,"2000-12-01","/home/ecologia/Documents/Lorena/capas/WorldClim_1970-2020_monthly_recortado/2000-12",32323075,88,8.5,-1,"Train"
"66535","2000-12-01",-87.80658,30.68596,"2000-12-01","/home/ecologia/Documents/Lorena/capas/WorldClim_1970-2020_monthly_recortado/2000-12",43446482,124,17.2999992370605,5.19999980926514,"Train"
"66536","2000-12-01",-83.65481,32.63925,"2000-12-01","/home/ecologia/Documents/Lorena/capas/WorldClim_1970-2020_monthly_recortado/2000-12",40887254,102,15.8000001907349,3.20000004768372,"Train"
"66537","2000-12-01",-78.47651,38.064796,"2000-12-01","/home/ecologia/Documents/Lorena/capas/WorldClim_1970-2020_monthly_recortado/2000-12",33766586,77,9.69999980926514,-2,"Test"
"66538","2000-12-01",-80.45171,25.558733,"2000-12-01","/home/ecologia/Documents/Lorena/capas/WorldClim_1970-2020_monthly_recortado/2000-12",50174849,37,25.7000007629395,15.6000003814697,"Test"
"66539","2000-12-01",-82.87262,40.073086,"2000-12-01","/home/ecologia/Documents/Lorena/capas/WorldClim_1970-2020_monthly_recortado/2000-12",31129760,73,4.69999980926514,-3.90000009536743,"Train"
"66540","2000-12-01",-91.789314,35.251984,"2000-12-01","/home/ecologia/Documents/Lorena/capas/WorldClim_1970-2020_monthly_recortado/2000-12",37451432,126,10.8999996185303,-0.100000001490116,"Train"
"66541","2000-12-01",-95.46536,29.059803,"2000-12-01","/home/ecologia/Documents/Lorena/capas/WorldClim_1970-2020_monthly_recortado/2000-12",45578668,98,18.6000003814697,8.10000038146973,"Train"
"66542","2000-12-01",-95.30566,29.726355,"2000-12-01","/home/ecologia/Documents/Lorena/capas/WorldClim_1970-2020_monthly_recortado/2000-12",44703567,92,18.7000007629395,7.69999980926514,"Test"
"66543","2000-12-01",-103.58853,19.399157,"2000-12-01","/home/ecologia/Documents/Lorena/capas/WorldClim_1970-2020_monthly_recortado/2000-12",58266933,16,27.1000003814697,9.60000038146973,"Test"
"66544","2000-12-01",-97.94752,30.16837,"2000-12-01","/home/ecologia/Documents/Lorena/capas/WorldClim_1970-2020_monthly_recortado/2000-12",44123483,51,16.5,3.90000009536743,"Train"
"66545","2000-12-01",-94.01884,29.98716,"2000-12-01","/home/ecologia/Documents/Lorena/capas/WorldClim_1970-2020_monthly_recortado/2000-12",44364612,125,17.8999996185303,6.69999980926514,"Train"
"66546","2000-12-01",-89.58801,35.254032,"2000-12-01","/home/ecologia/Documents/Lorena/capas/WorldClim_1970-2020_monthly_recortado/2000-12",37451696,138,10.6000003814697,0.200000002980232,"Train"
"66547","2000-12-01",-84.28842,30.496119,"2000-12-01","/home/ecologia/Documents/Lorena/capas/WorldClim_1970-2020_monthly_recortado/2000-12",43698501,102,18.5,5.59999990463257,"Train"
"66548","2000-12-01",-97.79441,28.572952,"2000-12-01","/home/ecologia/Documents/Lorena/capas/WorldClim_1970-2020_monthly_recortado/2000-12",46223789,41,19.7000007629395,6.80000019073486,"Train"
"66549","2000-12-01",-97.628265,27.870588,"2000-12-01","/home/ecologia/Documents/Lorena/capas/WorldClim_1970-2020_monthly_recortado/2000-12",47142685,39,20.3999996185303,9.10000038146973,"Train"
"66550","2000-12-01",-84.686356,29.842758,"2000-12-01","/home/ecologia/Documents/Lorena/capas/WorldClim_1970-2020_monthly_recortado/2000-12",44551695,99,18.6000003814697,7.30000019073486,"Test"
"66551","2000-12-01",-97.95782,26.126833,"2000-12-01","/home/ecologia/Documents/Lorena/capas/WorldClim_1970-2020_monthly_recortado/2000-12",49428897,30,22,10.6000003814697,"Train"
"66552","2000-12-01",-80.32184,37.191902,"2000-12-01","/home/ecologia/Documents/Lorena/capas/WorldClim_1970-2020_monthly_recortado/2000-12",34904021,71,8.60000038146973,-2.90000009536743,"Train"
"66553","2000-12-01",-89.99625,29.233393,"2000-12-01","/home/ecologia/Documents/Lorena/capas/WorldClim_1970-2020_monthly_recortado/2000-12",45349605,127,18,10.8000001907349,"Test"
"66554","2000-12-01",-98.173256,30.439356,"2000-12-01","/home/ecologia/Documents/Lorena/capas/WorldClim_1970-2020_monthly_recortado/2000-12",43773408,46,16.5,3.40000009536743,"Test"
"66555","2000-12-01",-97.99892,26.145056,"2000-12-01","/home/ecologia/Documents/Lorena/capas/WorldClim_1970-2020_monthly_recortado/2000-12",49407014,30,22.1000003814697,10.6999998092651,"Train"
"66556","2000-12-01",-95.85294,30.027082,"2000-12-01","/home/ecologia/Documents/Lorena/capas/WorldClim_1970-2020_monthly_recortado/2000-12",44309697,88,17.8999996185303,5.40000009536743,"Test"
"66557","2000-12-01",-96.80116,28.3108,"2000-12-01","/home/ecologia/Documents/Lorena/capas/WorldClim_1970-2020_monthly_recortado/2000-12",46563017,56,19.1000003814697,8.80000019073486,"Train"
"66558","2000-12-01",-100.531364,20.80967,"2000-12-01","/home/ecologia/Documents/Lorena/capas/WorldClim_1970-2020_monthly_recortado/2000-12",56407670,9,20.3999996185303,5,"Train"
"66559","2000-12-01",-74.825485,39.898037,"2000-12-01","/home/ecologia/Documents/Lorena/capas/WorldClim_1970-2020_monthly_recortado/2000-12",31360444,94,7.59999990463257,-2.29999995231628,"Train"
"66560","2000-12-01",-96.14035,29.647274,"2000-12-01","/home/ecologia/Documents/Lorena/capas/WorldClim_1970-2020_monthly_recortado/2000-12",44812857,77,18.6000003814697,5.90000009536743,"Train"
"66561","2000-12-01",-95.677734,29.577219,"2000-12-01","/home/ecologia/Documents/Lorena/capas/WorldClim_1970-2020_monthly_recortado/2000-12",44900424,84,18.7000007629395,6.69999980926514,"Train"
"66562","2000-12-01",-84.351944,33.731213,"2000-12-01","/home/ecologia/Documents/Lorena/capas/WorldClim_1970-2020_monthly_recortado/2000-12",39454161,106,12.8999996185303,2.09999990463257,"Train"
"66563","2000-12-01",-100.2,17.483333,"2000-12-01","/home/ecologia/Documents/Lorena/capas/WorldClim_1970-2020_monthly_recortado/2000-12",60783310,16,23.3999996185303,11.1999998092651,"Train"
"66564","2000-12-01",-100.066667,17.065,"2000-12-01","/home/ecologia/Documents/Lorena/capas/WorldClim_1970-2020_monthly_recortado/2000-12",61330275,8,31.2000007629395,20.2000007629395,"Train"
"66565","2000-12-01",-99.633333,18.6,"2000-12-01","/home/ecologia/Documents/Lorena/capas/WorldClim_1970-2020_monthly_recortado/2000-12",59306613,10,21.1000003814697,9,"Train"
"66566","2000-12-01",-102.545,19.668333,"2000-12-01","/home/ecologia/Documents/Lorena/capas/WorldClim_1970-2020_monthly_recortado/2000-12",57906071,8,23.7999992370605,7.59999990463257,"Train"
"66567","2000-12-01",-105.782129,23.485445,"2000-12-01","/home/ecologia/Documents/Lorena/capas/WorldClim_1970-2020_monthly_recortado/2000-12",52895621,77,24.5,8.60000038146973,"Train"
"66568","2000-12-01",-83.40757,33.96151,"2000-12-01","/home/ecologia/Documents/Lorena/capas/WorldClim_1970-2020_monthly_recortado/2000-12",39147983,105,13.3000001907349,1.5,"Train"
"66569","2000-12-01",-90.7426,30.030231,"2000-12-01","/home/ecologia/Documents/Lorena/capas/WorldClim_1970-2020_monthly_recortado/2000-12",44310310,136,18.2999992370605,6.5,"Test"
"66570","2000-12-01",-80.32179,36.100254,"2000-12-01","/home/ecologia/Documents/Lorena/capas/WorldClim_1970-2020_monthly_recortado/2000-12",36337030,90,11.3999996185303,-1,"Test"
"66571","2000-12-01",-84.61842,39.152752,"2000-12-01","/home/ecologia/Documents/Lorena/capas/WorldClim_1970-2020_monthly_recortado/2000-12",32332840,83,6,-3.5,"Train"
"66572","2000-12-01",-92.46404,31.293192,"2000-12-01","/home/ecologia/Documents/Lorena/capas/WorldClim_1970-2020_monthly_recortado/2000-12",42647376,162,16.7000007629395,4.59999990463257,"Test"
"66573","2000-12-01",-95.41973,29.057451,"2000-12-01","/home/ecologia/Documents/Lorena/capas/WorldClim_1970-2020_monthly_recortado/2000-12",45589612,97,18.8999996185303,8.5,"Train"
"66574","2000-12-01",-79.002525,40.43795,"2000-12-01","/home/ecologia/Documents/Lorena/capas/WorldClim_1970-2020_monthly_recortado/2000-12",30648908,84,4.09999990463257,-4.90000009536743,"Train"
"66575","2000-12-01",-104.9923,21.487095,"2000-12-01","/home/ecologia/Documents/Lorena/capas/WorldClim_1970-2020_monthly_recortado/2000-12",55521075,33,22.8999996185303,7.59999990463257,"Test"
"66576","2000-12-01",-89.393684,30.278793,"2000-12-01","/home/ecologia/Documents/Lorena/capas/WorldClim_1970-2020_monthly_recortado/2000-12",43982302,125,17.5,6.80000019073486,"Train"
"66577","2000-12-01",-89.25778,35.586227,"2000-12-01","/home/ecologia/Documents/Lorena/capas/WorldClim_1970-2020_monthly_recortado/2000-12",37014176,135,10.3000001907349,-0.100000001490116,"Test"
"66578","2000-12-01",-99.9363,29.736305,"2000-12-01","/home/ecologia/Documents/Lorena/capas/WorldClim_1970-2020_monthly_recortado/2000-12",44692072,27,16.7000007629395,3.29999995231628,"Train"
"66579","2000-12-01",-98.08195,29.981844,"2000-12-01","/home/ecologia/Documents/Lorena/capas/WorldClim_1970-2020_monthly_recortado/2000-12",44375064,53,16.5,4.09999990463257,"Train"
"66580","2000-12-01",-105.324646,20.744843,"2000-12-01","/home/ecologia/Documents/Lorena/capas/WorldClim_1970-2020_monthly_recortado/2000-12",56494607,20,29.7000007629395,16.6000003814697,"Train"
"66581","2000-12-01",-84.54993,33.9526,"2000-12-01","/home/ecologia/Documents/Lorena/capas/WorldClim_1970-2020_monthly_recortado/2000-12",39158785,120,12.1000003814697,1.39999997615814,"Train"
"66582","2000-12-01",-76.05796,38.65842,"2000-12-01","/home/ecologia/Documents/Lorena/capas/WorldClim_1970-2020_monthly_recortado/2000-12",32979269,90,9.10000038146973,-0.800000011920929,"Train"
"66583","2000-12-01",-103.988686,20.632544,"2000-12-01","/home/ecologia/Documents/Lorena/capas/WorldClim_1970-2020_monthly_recortado/2000-12",56647913,11,22.8999996185303,6.40000009536743,"Test"
"66584","2000-12-01",-122.26823,47.7617,"2000-12-01","/home/ecologia/Documents/Lorena/capas/WorldClim_1970-2020_monthly_recortado/2000-12",21028335,158,7.30000019073486,1.70000004768372,"Train"
"66585","2000-12-01",-97.49342,30.957104,"2000-12-01","/home/ecologia/Documents/Lorena/capas/WorldClim_1970-2020_monthly_recortado/2000-12",43095271,55,16.1000003814697,3.40000009536743,"Train"
"66586","2000-12-01",-96.52459,15.983188,"2000-12-01","/home/ecologia/Documents/Lorena/capas/WorldClim_1970-2020_monthly_recortado/2000-12",62752771,26,24.6000003814697,13.8000001907349,"Train"
"66587","2000-12-01",-98.18882,31.093334,"2000-12-01","/home/ecologia/Documents/Lorena/capas/WorldClim_1970-2020_monthly_recortado/2000-12",42909225,47,16,2.09999990463257,"Train"
"66588","2000-12-01",-86.7766,36.067837,"2000-12-01","/home/ecologia/Documents/Lorena/capas/WorldClim_1970-2020_monthly_recortado/2000-12",36380011,123,10.3999996185303,-0.899999976158142,"Train"
"66589","2000-12-01",-75.088165,40.375584,"2000-12-01","/home/ecologia/Documents/Lorena/capas/WorldClim_1970-2020_monthly_recortado/2000-12",30725951,92,5.80000019073486,-3.70000004768372,"Test"
"66590","2000-12-01",-110.23925,31.390451,"2000-12-01","/home/ecologia/Documents/Lorena/capas/WorldClim_1970-2020_monthly_recortado/2000-12",42524914,46,15.5,0.800000011920929,"Train"
"66591","2000-12-01",-92.00324,34.2284,"2000-12-01","/home/ecologia/Documents/Lorena/capas/WorldClim_1970-2020_monthly_recortado/2000-12",38796903,136,12.5,1.89999997615814,"Test"
"66592","2000-12-01",-95.11257,29.61233,"2000-12-01","/home/ecologia/Documents/Lorena/capas/WorldClim_1970-2020_monthly_recortado/2000-12",44856736,95,18.2000007629395,8.10000038146973,"Train"
"66593","2000-12-01",-90.912125,30.220572,"2000-12-01","/home/ecologia/Documents/Lorena/capas/WorldClim_1970-2020_monthly_recortado/2000-12",44058693,138,18.1000003814697,6,"Test"
"66594","2000-12-01",-100.82172,19.66713,"2000-12-01","/home/ecologia/Documents/Lorena/capas/WorldClim_1970-2020_monthly_recortado/2000-12",57906278,17,16.3999996185303,4.40000009536743,"Train"
"66595","2000-12-01",-99.355484,29.692348,"2000-12-01","/home/ecologia/Documents/Lorena/capas/WorldClim_1970-2020_monthly_recortado/2000-12",44746837,34,16.7000007629395,3.5,"Train"
"66596","2000-12-01",-82.05065,29.763418,"2000-12-01","/home/ecologia/Documents/Lorena/capas/WorldClim_1970-2020_monthly_recortado/2000-12",44661401,69,20.1000003814697,7.40000009536743,"Train"
"66597","2000-12-01",-102.23396,19.53957,"2000-12-01","/home/ecologia/Documents/Lorena/capas/WorldClim_1970-2020_monthly_recortado/2000-12",58081132,12,22.1000003814697,4.40000009536743,"Train"
"66598","2000-12-01",-97.47623,35.735252,"2000-12-01","/home/ecologia/Documents/Lorena/capas/WorldClim_1970-2020_monthly_recortado/2000-12",36816287,48,10.3999996185303,-1.60000002384186,"Test"
"66599","2000-12-01",-78.9136,36.014297,"2000-12-01","/home/ecologia/Documents/Lorena/capas/WorldClim_1970-2020_monthly_recortado/2000-12",36457528,81,12.1999998092651,-0.400000005960464,"Test"
"66600","2000-12-01",-82.38487,28.869595,"2000-12-01","/home/ecologia/Documents/Lorena/capas/WorldClim_1970-2020_monthly_recortado/2000-12",45831834,66,22.1000003814697,8.39999961853027,"Train"
"66601","2000-12-01",-101.64,19.406667,"2000-12-01","/home/ecologia/Documents/Lorena/capas/WorldClim_1970-2020_monthly_recortado/2000-12",58256228,14,21.6000003814697,4.09999990463257,"Train"
"66602","2000-12-01",-102.961944,18.79,"2000-12-01","/home/ecologia/Documents/Lorena/capas/WorldClim_1970-2020_monthly_recortado/2000-12",59065555,15,20.2999992370605,6.69999980926514,"Train"
"66603","2000-12-01",-100.954722,19.651944,"2000-12-01","/home/ecologia/Documents/Lorena/capas/WorldClim_1970-2020_monthly_recortado/2000-12",57928140,11,19.7999992370605,7.09999990463257,"Train"
"66604","2000-12-01",-101.368889,19.524722,"2000-12-01","/home/ecologia/Documents/Lorena/capas/WorldClim_1970-2020_monthly_recortado/2000-12",58103114,12,24,3.90000009536743,"Train"
"66605","2000-12-01",-102.954722,18.808056,"2000-12-01","/home/ecologia/Documents/Lorena/capas/WorldClim_1970-2020_monthly_recortado/2000-12",59043678,15,20.2000007629395,6.59999990463257,"Train"
"66606","2000-12-01",-101.756667,19.428333,"2000-12-01","/home/ecologia/Documents/Lorena/capas/WorldClim_1970-2020_monthly_recortado/2000-12",58223397,14,22.1000003814697,5.09999990463257,"Test"
"66607","2000-12-01",-102.366667,19.273611,"2000-12-01","/home/ecologia/Documents/Lorena/capas/WorldClim_1970-2020_monthly_recortado/2000-12",58431164,7,25.2000007629395,8,"Test"
"66608","2000-12-01",-102.928333,18.81,"2000-12-01","/home/ecologia/Documents/Lorena/capas/WorldClim_1970-2020_monthly_recortado/2000-12",59032742,13,20.7999992370605,7.30000019073486,"Test"
"66609","2000-12-01",-102.973611,18.800278,"2000-12-01","/home/ecologia/Documents/Lorena/capas/WorldClim_1970-2020_monthly_recortado/2000-12",59043676,13,21.1000003814697,6.90000009536743,"Train"
"66610","2000-12-01",-95.117031,29.586516,"2000-12-01","/home/ecologia/Documents/Lorena/capas/WorldClim_1970-2020_monthly_recortado/2000-12",44889552,94,18.2999992370605,8.10000038146973,"Train"
"66611","2000-12-01",-90.536584,29.648587,"2000-12-01","/home/ecologia/Documents/Lorena/capas/WorldClim_1970-2020_monthly_recortado/2000-12",44813529,130,19,7.40000009536743,"Train"
"66612","2000-12-01",-79.104065,43.107475,"2000-12-01","/home/ecologia/Documents/Lorena/capas/WorldClim_1970-2020_monthly_recortado/2000-12",27148416,79,2.20000004768372,-4.59999990463257,"Train"
"66613","2000-12-01",-98.080124,30.203974,"2000-12-01","/home/ecologia/Documents/Lorena/capas/WorldClim_1970-2020_monthly_recortado/2000-12",44079711,51,16.3999996185303,3.59999990463257,"Train"
"66614","2000-12-01",-75.21978,38.42898,"2000-12-01","/home/ecologia/Documents/Lorena/capas/WorldClim_1970-2020_monthly_recortado/2000-12",33285661,90,9.19999980926514,-0.300000011920929,"Train"
"66615","2000-12-01",-71.83355,41.713127,"2000-12-01","/home/ecologia/Documents/Lorena/capas/WorldClim_1970-2020_monthly_recortado/2000-12",28976101,111,5,-5,"Train"
"66616","2000-12-01",-95.5501,30.229906,"2000-12-01","/home/ecologia/Documents/Lorena/capas/WorldClim_1970-2020_monthly_recortado/2000-12",44047197,96,17.2999992370605,5.30000019073486,"Test"
"66617","2000-12-01",-97.29875,26.100975,"2000-12-01","/home/ecologia/Documents/Lorena/capas/WorldClim_1970-2020_monthly_recortado/2000-12",49461793,36,20.7000007629395,11.8999996185303,"Train"
"66618","2000-12-01",-90.98883,29.777952,"2000-12-01","/home/ecologia/Documents/Lorena/capas/WorldClim_1970-2020_monthly_recortado/2000-12",44638451,123,18.2999992370605,7.5,"Train"
"66619","2000-12-01",-84.56399,34.135727,"2000-12-01","/home/ecologia/Documents/Lorena/capas/WorldClim_1970-2020_monthly_recortado/2000-12",38918125,120,11.8999996185303,1,"Test"
"66620","2000-12-01",-76.820526,39.275852,"2000-12-01","/home/ecologia/Documents/Lorena/capas/WorldClim_1970-2020_monthly_recortado/2000-12",32169691,90,7.69999980926514,-2,"Train"
"66621","2000-12-01",-90.08903,30.413225,"2000-12-01","/home/ecologia/Documents/Lorena/capas/WorldClim_1970-2020_monthly_recortado/2000-12",43807195,133,18.1000003814697,5.90000009536743,"Train"
"66622","2000-12-01",-97.827064,30.244968,"2000-12-01","/home/ecologia/Documents/Lorena/capas/WorldClim_1970-2020_monthly_recortado/2000-12",44025046,50,16.6000003814697,4.69999980926514,"Train"
"66623","2000-12-01",-75.206469,38.755951,"2000-12-01","/home/ecologia/Documents/Lorena/capas/WorldClim_1970-2020_monthly_recortado/2000-12",32859042,92,8.89999961853027,-0.600000023841858,"Train"
"66624","2000-12-01",-88.51795,30.349863,"2000-12-01","/home/ecologia/Documents/Lorena/capas/WorldClim_1970-2020_monthly_recortado/2000-12",43894895,115,17.7999992370605,7.30000019073486,"Test"
"66625","2000-12-01",-89.66689,37.376568,"2000-12-01","/home/ecologia/Documents/Lorena/capas/WorldClim_1970-2020_monthly_recortado/2000-12",34662241,107,7.69999980926514,-2.40000009536743,"Train"
"66626","2000-12-01",-88.08564,30.57639,"2000-12-01","/home/ecologia/Documents/Lorena/capas/WorldClim_1970-2020_monthly_recortado/2000-12",43588655,117,17.3999996185303,6.19999980926514,"Test"
"66627","2000-12-01",-103.77706,29.261972,"2000-12-01","/home/ecologia/Documents/Lorena/capas/WorldClim_1970-2020_monthly_recortado/2000-12",45315134,9,20.1000003814697,3,"Train"
"66628","2000-12-01",-89.30312,43.009293,"2000-12-01","/home/ecologia/Documents/Lorena/capas/WorldClim_1970-2020_monthly_recortado/2000-12",27267521,43,-0.300000011920929,-9.5,"Train"
"66629","2000-12-01",-94.81933,29.911633,"2000-12-01","/home/ecologia/Documents/Lorena/capas/WorldClim_1970-2020_monthly_recortado/2000-12",44462967,111,17.6000003814697,6.59999990463257,"Train"
"66630","2000-12-01",-96.00055,28.767998,"2000-12-01","/home/ecologia/Documents/Lorena/capas/WorldClim_1970-2020_monthly_recortado/2000-12",45961468,75,19.2999992370605,10,"Test"
"66631","2000-12-01",-99.668846,29.598017,"2000-12-01","/home/ecologia/Documents/Lorena/capas/WorldClim_1970-2020_monthly_recortado/2000-12",44878067,29,16.8999996185303,3.59999990463257,"Test"
"66632","2000-12-01",-79.694305,43.413776,"2000-12-01","/home/ecologia/Documents/Lorena/capas/WorldClim_1970-2020_monthly_recortado/2000-12",26743602,65,2.29999995231628,-4.30000019073486,"Train"
"66633","2000-12-01",-97.767199,30.290413,"2000-12-01","/home/ecologia/Documents/Lorena/capas/WorldClim_1970-2020_monthly_recortado/2000-12",43970358,50,16.7000007629395,5.09999990463257,"Train"
"66634","2000-12-01",-98.62802,29.897915,"2000-12-01","/home/ecologia/Documents/Lorena/capas/WorldClim_1970-2020_monthly_recortado/2000-12",44484388,49,16.6000003814697,3,"Train"
"66635","2000-12-01",-69.97386,41.83011,"2000-12-01","/home/ecologia/Documents/Lorena/capas/WorldClim_1970-2020_monthly_recortado/2000-12",28823179,107,5.90000009536743,-1.20000004768372,"Train"
"66636","2000-12-01",-103.50037,20.572205,"2000-12-01","/home/ecologia/Documents/Lorena/capas/WorldClim_1970-2020_monthly_recortado/2000-12",56724544,9,23.1000003814697,6.5,"Train"
"66637","2000-12-01",-110.23222,31.436808,"2000-12-01","/home/ecologia/Documents/Lorena/capas/WorldClim_1970-2020_monthly_recortado/2000-12",42459281,37,16.2999992370605,0.800000011920929,"Test"
"66638","2000-12-01",-95.30872,28.933622,"2000-12-01","/home/ecologia/Documents/Lorena/capas/WorldClim_1970-2020_monthly_recortado/2000-12",45742771,93,18.3999996185303,9.10000038146973,"Train"
"66639","2000-12-01",-95.1831,29.52824,"2000-12-01","/home/ecologia/Documents/Lorena/capas/WorldClim_1970-2020_monthly_recortado/2000-12",44966118,93,18.1000003814697,7.90000009536743,"Train"
"66640","2000-12-01",-81.45573,28.690931,"2000-12-01","/home/ecologia/Documents/Lorena/capas/WorldClim_1970-2020_monthly_recortado/2000-12",46072604,52,22.2999992370605,9.89999961853027,"Train"
"66641","2000-12-01",-98.18925,18.935068,"2000-12-01","/home/ecologia/Documents/Lorena/capas/WorldClim_1970-2020_monthly_recortado/2000-12",58869226,3,23.5,5.40000009536743,"Train"
"66642","2000-12-01",-75.12507,40.06224,"2000-12-01","/home/ecologia/Documents/Lorena/capas/WorldClim_1970-2020_monthly_recortado/2000-12",31141628,91,7,-2.20000004768372,"Train"
"66643","2000-12-01",-87.64704,30.37456,"2000-12-01","/home/ecologia/Documents/Lorena/capas/WorldClim_1970-2020_monthly_recortado/2000-12",43862183,115,18,6.5,"Train"
"66644","2000-12-01",-91.23328,30.291119,"2000-12-01","/home/ecologia/Documents/Lorena/capas/WorldClim_1970-2020_monthly_recortado/2000-12",43971143,135,17.7000007629395,6.09999990463257,"Train"
"66645","2000-12-01",-81.326706,35.793912,"2000-12-01","/home/ecologia/Documents/Lorena/capas/WorldClim_1970-2020_monthly_recortado/2000-12",36741652,93,11.3999996185303,-1.29999995231628,"Train"
"66646","2000-12-01",-98.709508,29.747609,"2000-12-01","/home/ecologia/Documents/Lorena/capas/WorldClim_1970-2020_monthly_recortado/2000-12",44681280,50,16.6000003814697,3.29999995231628,"Test"
"66647","2000-12-01",-91.06916,30.381771,"2000-12-01","/home/ecologia/Documents/Lorena/capas/WorldClim_1970-2020_monthly_recortado/2000-12",43850833,136,18.2000007629395,5.90000009536743,"Test"
"66648","2000-12-01",-95.91892,29.670563,"2000-12-01","/home/ecologia/Documents/Lorena/capas/WorldClim_1970-2020_monthly_recortado/2000-12",44780066,80,18.5,6.09999990463257,"Train"
"66649","2000-12-01",-98.2545,26.252438,"2000-12-01","/home/ecologia/Documents/Lorena/capas/WorldClim_1970-2020_monthly_recortado/2000-12",49264776,28,21.8999996185303,10.1999998092651,"Train"
"66650","2000-12-01",-94.710014,31.714811,"2000-12-01","/home/ecologia/Documents/Lorena/capas/WorldClim_1970-2020_monthly_recortado/2000-12",42100156,108,15.3999996185303,2.90000009536743,"Train"
"66651","2000-12-01",-91.29304,30.53952,"2000-12-01","/home/ecologia/Documents/Lorena/capas/WorldClim_1970-2020_monthly_recortado/2000-12",43642965,145,17.1000003814697,5.80000019073486,"Test"
"66652","2000-12-01",-75.998116,40.24699,"2000-12-01","/home/ecologia/Documents/Lorena/capas/WorldClim_1970-2020_monthly_recortado/2000-12",30900866,90,5.30000019073486,-3.40000009536743,"Train"
"66653","2000-12-01",-98.636375,29.874022,"2000-12-01","/home/ecologia/Documents/Lorena/capas/WorldClim_1970-2020_monthly_recortado/2000-12",44517204,50,16.6000003814697,3.09999990463257,"Train"
"66654","2000-12-01",-88.514725,30.738916,"2000-12-01","/home/ecologia/Documents/Lorena/capas/WorldClim_1970-2020_monthly_recortado/2000-12",43380763,130,17.3999996185303,4.80000019073486,"Test"
"66655","2000-12-01",-98.40161,29.80991,"2000-12-01","/home/ecologia/Documents/Lorena/capas/WorldClim_1970-2020_monthly_recortado/2000-12",44593805,51,16.3999996185303,3.90000009536743,"Test"
"66656","2000-12-01",-81.88977,41.44183,"2000-12-01","/home/ecologia/Documents/Lorena/capas/WorldClim_1970-2020_monthly_recortado/2000-12",29324943,75,3.79999995231628,-3.79999995231628,"Train"
"66657","2000-12-01",-99.69278,17.55019,"2000-12-01","/home/ecologia/Documents/Lorena/capas/WorldClim_1970-2020_monthly_recortado/2000-12",60684919,13,22.5,10.1000003814697,"Train"
"66658","2000-12-01",-97.7957,30.695269,"2000-12-01","/home/ecologia/Documents/Lorena/capas/WorldClim_1970-2020_monthly_recortado/2000-12",43434344,49,16,3.40000009536743,"Train"
"66659","2000-12-01",-98.37939,26.18497,"2000-12-01","/home/ecologia/Documents/Lorena/capas/WorldClim_1970-2020_monthly_recortado/2000-12",49352273,28,22,10.1000003814697,"Train"
"66660","2000-12-01",-84.15377,36.07136,"2000-12-01","/home/ecologia/Documents/Lorena/capas/WorldClim_1970-2020_monthly_recortado/2000-12",36380326,102,10.3000001907349,-1.70000004768372,"Train"
"66661","2000-12-01",-102.476395,19.998112,"2000-12-01","/home/ecologia/Documents/Lorena/capas/WorldClim_1970-2020_monthly_recortado/2000-12",57479458,11,24.6000003814697,7.19999980926514,"Train"
"66662","2000-12-01",-95.66547,29.591446,"2000-12-01","/home/ecologia/Documents/Lorena/capas/WorldClim_1970-2020_monthly_recortado/2000-12",44889487,84,18.7000007629395,6.69999980926514,"Train"
"66663","2000-12-01",-97.78469,31.149738,"2000-12-01","/home/ecologia/Documents/Lorena/capas/WorldClim_1970-2020_monthly_recortado/2000-12",42843639,46,15.8999996185303,3.09999990463257,"Test"
"66664","2000-12-01",-91.08799,30.318506,"2000-12-01","/home/ecologia/Documents/Lorena/capas/WorldClim_1970-2020_monthly_recortado/2000-12",43927404,134,17.8999996185303,5.80000019073486,"Train"
"66665","2000-12-01",-96.27123,30.659367,"2000-12-01","/home/ecologia/Documents/Lorena/capas/WorldClim_1970-2020_monthly_recortado/2000-12",43478283,76,17,5,"Test"
"66666","2000-12-01",-93.15407,33.9209,"2000-12-01","/home/ecologia/Documents/Lorena/capas/WorldClim_1970-2020_monthly_recortado/2000-12",39201508,130,12.5,0.600000023841858,"Test"
"66667","2000-12-01",-98.52415,29.575953,"2000-12-01","/home/ecologia/Documents/Lorena/capas/WorldClim_1970-2020_monthly_recortado/2000-12",44900083,47,17.3999996185303,5.19999980926514,"Test"
"66668","2000-12-01",-98.25117,29.608707,"2000-12-01","/home/ecologia/Documents/Lorena/capas/WorldClim_1970-2020_monthly_recortado/2000-12",44856359,51,17.3999996185303,4.90000009536743,"Test"
"66669","2000-12-01",-81.071594,32.013115,"2000-12-01","/home/ecologia/Documents/Lorena/capas/WorldClim_1970-2020_monthly_recortado/2000-12",41707989,74,17.7000007629395,6,"Train"
"66670","2000-12-01",-109.09264,31.789124,"2000-12-01","/home/ecologia/Documents/Lorena/capas/WorldClim_1970-2020_monthly_recortado/2000-12",41999979,32,15.5,-2.5,"Train"
"66671","2000-12-01",-76.53557,38.305832,"2000-12-01","/home/ecologia/Documents/Lorena/capas/WorldClim_1970-2020_monthly_recortado/2000-12",33449588,82,9.69999980926514,-0.699999988079071,"Train"
"66672","2000-12-01",-89.067764,37.75438,"2000-12-01","/home/ecologia/Documents/Lorena/capas/WorldClim_1970-2020_monthly_recortado/2000-12",34170058,99,7.09999990463257,-2.40000009536743,"Test"
"66673","2000-12-01",-84.80254,37.65899,"2000-12-01","/home/ecologia/Documents/Lorena/capas/WorldClim_1970-2020_monthly_recortado/2000-12",34290899,111,7.90000009536743,-2.20000004768372,"Train"
"66674","2000-12-01",-78.05419,40.799843,"2000-12-01","/home/ecologia/Documents/Lorena/capas/WorldClim_1970-2020_monthly_recortado/2000-12",30178645,72,3.70000004768372,-4.90000009536743,"Train"
"66675","2000-12-01",-75.03787,40.153004,"2000-12-01","/home/ecologia/Documents/Lorena/capas/WorldClim_1970-2020_monthly_recortado/2000-12",31021310,92,6.80000019073486,-2.59999990463257,"Test"
"66676","2000-12-01",-99.13561,29.985752,"2000-12-01","/home/ecologia/Documents/Lorena/capas/WorldClim_1970-2020_monthly_recortado/2000-12",44363998,37,16.6000003814697,1.89999997615814,"Test"
"66677","2000-12-01",-83.65998,41.558422,"2000-12-01","/home/ecologia/Documents/Lorena/capas/WorldClim_1970-2020_monthly_recortado/2000-12",29171584,66,2.79999995231628,-5.19999980926514,"Train"
"66678","2000-12-01",-97.49424,17.852097,"2000-12-01","/home/ecologia/Documents/Lorena/capas/WorldClim_1970-2020_monthly_recortado/2000-12",60291379,6,21.2000007629395,5.30000019073486,"Train"
"66679","2000-12-01",-91.1557,30.3942,"2000-12-01","/home/ecologia/Documents/Lorena/capas/WorldClim_1970-2020_monthly_recortado/2000-12",43828945,135,17.8999996185303,6,"Train"
"66680","2000-12-01",-103.500435,20.597157,"2000-12-01","/home/ecologia/Documents/Lorena/capas/WorldClim_1970-2020_monthly_recortado/2000-12",56691727,9,21.3999996185303,6.09999990463257,"Train"
"66681","2000-12-01",-97.3962,32.658707,"2000-12-01","/home/ecologia/Documents/Lorena/capas/WorldClim_1970-2020_monthly_recortado/2000-12",40852788,49,14.8000001907349,2.40000009536743,"Test"
"66682","2000-12-01",-98.48419,29.633158,"2000-12-01","/home/ecologia/Documents/Lorena/capas/WorldClim_1970-2020_monthly_recortado/2000-12",44834453,49,17.1000003814697,4.90000009536743,"Train"
"66683","2000-12-01",-96.27678,30.524305,"2000-12-01","/home/ecologia/Documents/Lorena/capas/WorldClim_1970-2020_monthly_recortado/2000-12",43664245,76,17,5.09999990463257,"Test"
"66684","2000-12-01",-96.51987,16.184824,"2000-12-01","/home/ecologia/Documents/Lorena/capas/WorldClim_1970-2020_monthly_recortado/2000-12",62479296,12,22.5,10.3999996185303,"Train"
"66685","2000-12-01",-77.18476,40.677376,"2000-12-01","/home/ecologia/Documents/Lorena/capas/WorldClim_1970-2020_monthly_recortado/2000-12",30331895,79,4.19999980926514,-4.5,"Train"
"66686","2000-12-01",-95.70864,29.755064,"2000-12-01","/home/ecologia/Documents/Lorena/capas/WorldClim_1970-2020_monthly_recortado/2000-12",44670701,84,18.6000003814697,6.59999990463257,"Train"
"66687","2000-12-01",-95.57733,29.97289,"2000-12-01","/home/ecologia/Documents/Lorena/capas/WorldClim_1970-2020_monthly_recortado/2000-12",44386303,92,18.2999992370605,6.5,"Test"
"66688","2000-12-01",-75.503334,38.352985,"2000-12-01","/home/ecologia/Documents/Lorena/capas/WorldClim_1970-2020_monthly_recortado/2000-12",33384078,87,9.5,-0.600000023841858,"Test"
"66689","2000-12-01",-89.13501,31.710747,"2000-12-01","/home/ecologia/Documents/Lorena/capas/WorldClim_1970-2020_monthly_recortado/2000-12",42100825,139,16.2000007629395,3.09999990463257,"Test"
"66690","2000-12-01",-92.359314,30.052454,"2000-12-01","/home/ecologia/Documents/Lorena/capas/WorldClim_1970-2020_monthly_recortado/2000-12",44277299,136,17.5,7,"Test"
"66691","2000-12-01",-82.58103,35.3809,"2000-12-01","/home/ecologia/Documents/Lorena/capas/WorldClim_1970-2020_monthly_recortado/2000-12",37288452,107,10.5,-2.20000004768372,"Train"
"66692","2000-12-01",-89.37481,30.326902,"2000-12-01","/home/ecologia/Documents/Lorena/capas/WorldClim_1970-2020_monthly_recortado/2000-12",43916671,124,17.2999992370605,7,"Train"
"66693","2000-12-01",-96.35679,30.008366,"2000-12-01","/home/ecologia/Documents/Lorena/capas/WorldClim_1970-2020_monthly_recortado/2000-12",44331515,77,18.1000003814697,5.09999990463257,"Train"
"66694","2000-12-01",-97.03715,28.042137,"2000-12-01","/home/ecologia/Documents/Lorena/capas/WorldClim_1970-2020_monthly_recortado/2000-12",46913037,50,19.2999992370605,9.69999980926514,"Test"
"66695","2000-12-01",-96.253944,29.969007,"2000-12-01","/home/ecologia/Documents/Lorena/capas/WorldClim_1970-2020_monthly_recortado/2000-12",44386222,78,18.1000003814697,5.30000019073486,"Train"
"66696","2000-12-01",-97.89299,30.041012,"2000-12-01","/home/ecologia/Documents/Lorena/capas/WorldClim_1970-2020_monthly_recortado/2000-12",44298513,53,16.7999992370605,4,"Test"
"66697","2000-12-01",-94.01223,29.969143,"2000-12-01","/home/ecologia/Documents/Lorena/capas/WorldClim_1970-2020_monthly_recortado/2000-12",44386491,125,18,6.69999980926514,"Test"
"66698","2000-12-01",-84.24697,34.171673,"2000-12-01","/home/ecologia/Documents/Lorena/capas/WorldClim_1970-2020_monthly_recortado/2000-12",38874407,126,11.6999998092651,0.800000011920929,"Test"
"66699","2000-12-01",-70.9865,42.037106,"2000-12-01","/home/ecologia/Documents/Lorena/capas/WorldClim_1970-2020_monthly_recortado/2000-12",28549582,109,5.30000019073486,-4.40000009536743,"Train"
"66700","2000-12-01",-104.69232,20.551445,"2000-12-01","/home/ecologia/Documents/Lorena/capas/WorldClim_1970-2020_monthly_recortado/2000-12",56746279,20,22.2000007629395,4.5,"Test"
"66701","2000-12-01",-97.630135,27.855963,"2000-12-01","/home/ecologia/Documents/Lorena/capas/WorldClim_1970-2020_monthly_recortado/2000-12",47164563,38,20.5,9,"Test"
"66702","2000-12-01",-95.19579,29.531279,"2000-12-01","/home/ecologia/Documents/Lorena/capas/WorldClim_1970-2020_monthly_recortado/2000-12",44966116,92,18.1000003814697,7.80000019073486,"Train"
"66703","2000-12-01",-99.99203,25.93408,"2000-12-01","/home/ecologia/Documents/Lorena/capas/WorldClim_1970-2020_monthly_recortado/2000-12",49680249,25,22.2000007629395,7.80000019073486,"Train"
"66704","2000-12-01",-82.620674,28.459,"2000-12-01","/home/ecologia/Documents/Lorena/capas/WorldClim_1970-2020_monthly_recortado/2000-12",46367817,71,22.6000003814697,9.39999961853027,"Train"
"66705","2000-12-01",-99.22211,30.075653,"2000-12-01","/home/ecologia/Documents/Lorena/capas/WorldClim_1970-2020_monthly_recortado/2000-12",44243659,34,16.3999996185303,2,"Train"
"66706","2000-12-01",-95.88824,29.687984,"2000-12-01","/home/ecologia/Documents/Lorena/capas/WorldClim_1970-2020_monthly_recortado/2000-12",44758192,81,18.2999992370605,6,"Train"
"66707","2000-12-01",-97.55168,30.025557,"2000-12-01","/home/ecologia/Documents/Lorena/capas/WorldClim_1970-2020_monthly_recortado/2000-12",44309493,55,16.8999996185303,4.5,"Train"
"66708","2000-12-01",-98.230995,26.176876,"2000-12-01","/home/ecologia/Documents/Lorena/capas/WorldClim_1970-2020_monthly_recortado/2000-12",49363230,28,22.2000007629395,10.3999996185303,"Train"
"66709","2000-12-01",-96.5732,33.754147,"2000-12-01","/home/ecologia/Documents/Lorena/capas/WorldClim_1970-2020_monthly_recortado/2000-12",39419878,57,12.8000001907349,1.10000002384186,"Train"
"66710","2000-12-01",-98.28861,30.13586,"2000-12-01","/home/ecologia/Documents/Lorena/capas/WorldClim_1970-2020_monthly_recortado/2000-12",44167198,51,16.2000007629395,3.29999995231628,"Test"
"66711","2000-12-01",-92.04483,30.157967,"2000-12-01","/home/ecologia/Documents/Lorena/capas/WorldClim_1970-2020_monthly_recortado/2000-12",44146069,140,17.8999996185303,6.30000019073486,"Test"
"66712","2000-12-01",-90.3298,35.61118,"2000-12-01","/home/ecologia/Documents/Lorena/capas/WorldClim_1970-2020_monthly_recortado/2000-12",36981230,123,10,0.300000011920929,"Train"
"66713","2000-12-01",-99.47541,27.581764,"2000-12-01","/home/ecologia/Documents/Lorena/capas/WorldClim_1970-2020_monthly_recortado/2000-12",47525328,20,20.7999992370605,7.90000009536743,"Train"
"66714","2000-12-01",-97.6985,30.312733,"2000-12-01","/home/ecologia/Documents/Lorena/capas/WorldClim_1970-2020_monthly_recortado/2000-12",43937550,50,17.2000007629395,5.09999990463257,"Train"
"66715","2000-12-01",-88.332825,30.52678,"2000-12-01","/home/ecologia/Documents/Lorena/capas/WorldClim_1970-2020_monthly_recortado/2000-12",43654260,119,17.7000007629395,5.80000019073486,"Train"
"66716","2000-12-01",-81.71873,26.70371,"2000-12-01","/home/ecologia/Documents/Lorena/capas/WorldClim_1970-2020_monthly_recortado/2000-12",48676054,38,25.1000003814697,12.6000003814697,"Train"
"66717","2000-12-01",-101.118034,19.654875,"2000-12-01","/home/ecologia/Documents/Lorena/capas/WorldClim_1970-2020_monthly_recortado/2000-12",57928120,9,21.7000007629395,5.69999980926514,"Train"
"66718","2000-12-01",-92.49826,34.90069,"2000-12-01","/home/ecologia/Documents/Lorena/capas/WorldClim_1970-2020_monthly_recortado/2000-12",37910785,122,11.5,0.300000011920929,"Train"
"66719","2000-12-01",-99.153564,19.872683,"2000-12-01","/home/ecologia/Documents/Lorena/capas/WorldClim_1970-2020_monthly_recortado/2000-12",57643942,6,21.7999992370605,3,"Train"
"66720","2000-12-01",-80.378235,37.191463,"2000-12-01","/home/ecologia/Documents/Lorena/capas/WorldClim_1970-2020_monthly_recortado/2000-12",34914953,69,8,-3.59999990463257,"Train"
"66721","2000-12-01",-90.4752,30.0696,"2000-12-01","/home/ecologia/Documents/Lorena/capas/WorldClim_1970-2020_monthly_recortado/2000-12",44255647,134,18.5,6.59999990463257,"Train"
"66722","2000-12-01",-92.07296,30.398859,"2000-12-01","/home/ecologia/Documents/Lorena/capas/WorldClim_1970-2020_monthly_recortado/2000-12",43828835,142,17.5,5.69999980926514,"Train"
"66723","2000-12-01",-75.090836,40.106266,"2000-12-01","/home/ecologia/Documents/Lorena/capas/WorldClim_1970-2020_monthly_recortado/2000-12",31086938,92,6.90000009536743,-2.40000009536743,"Test"
"66724","2000-12-01",-84.40892,39.238125,"2000-12-01","/home/ecologia/Documents/Lorena/capas/WorldClim_1970-2020_monthly_recortado/2000-12",32223475,81,6.09999990463257,-3.59999990463257,"Train"
"66725","2000-12-01",-90.12878,30.428785,"2000-12-01","/home/ecologia/Documents/Lorena/capas/WorldClim_1970-2020_monthly_recortado/2000-12",43785312,132,17.8999996185303,5.90000009536743,"Test"
"66726","2000-12-01",-69.96334,41.79397,"2000-12-01","/home/ecologia/Documents/Lorena/capas/WorldClim_1970-2020_monthly_recortado/2000-12",28866936,109,5.90000009536743,-1.10000002384186,"Train"
"66727","2000-12-01",-92.03912,30.181578,"2000-12-01","/home/ecologia/Documents/Lorena/capas/WorldClim_1970-2020_monthly_recortado/2000-12",44113253,140,18,6.40000009536743,"Test"
"66728","2000-12-01",-85.17297,35.07112,"2000-12-01","/home/ecologia/Documents/Lorena/capas/WorldClim_1970-2020_monthly_recortado/2000-12",37692884,131,11.3000001907349,-0.100000001490116,"Train"
"66729","2000-12-01",-93.704216,32.44838,"2000-12-01","/home/ecologia/Documents/Lorena/capas/WorldClim_1970-2020_monthly_recortado/2000-12",41137645,117,15.1999998092651,3.09999990463257,"Train"
"66730","2000-12-01",-76.7785,39.249195,"2000-12-01","/home/ecologia/Documents/Lorena/capas/WorldClim_1970-2020_monthly_recortado/2000-12",32213452,91,7.59999990463257,-1.89999997615814,"Train"
"66731","2000-12-01",-77.26703,39.044357,"2000-12-01","/home/ecologia/Documents/Lorena/capas/WorldClim_1970-2020_monthly_recortado/2000-12",32475929,79,8.19999980926514,-2.20000004768372,"Test"
"66732","2000-12-01",-81.35608,28.56963,"2000-12-01","/home/ecologia/Documents/Lorena/capas/WorldClim_1970-2020_monthly_recortado/2000-12",46225762,51,22.6000003814697,10.6000003814697,"Train"
"66733","2000-12-01",-97.62533,26.056107,"2000-12-01","/home/ecologia/Documents/Lorena/capas/WorldClim_1970-2020_monthly_recortado/2000-12",49527387,32,21.3999996185303,10.6000003814697,"Train"
"66734","2000-12-01",-76.44136,39.018288,"2000-12-01","/home/ecologia/Documents/Lorena/capas/WorldClim_1970-2020_monthly_recortado/2000-12",32508846,91,8.5,-0.800000011920929,"Train"
"66735","2000-12-01",-84.15279,30.38858,"2000-12-01","/home/ecologia/Documents/Lorena/capas/WorldClim_1970-2020_monthly_recortado/2000-12",43840724,106,18.6000003814697,5.30000019073486,"Train"
"66736","2000-12-01",-78.82146,35.770424,"2000-12-01","/home/ecologia/Documents/Lorena/capas/WorldClim_1970-2020_monthly_recortado/2000-12",36774770,81,12.3999996185303,0.200000002980232,"Train"
"66737","2000-12-01",-95.41662,29.040216,"2000-12-01","/home/ecologia/Documents/Lorena/capas/WorldClim_1970-2020_monthly_recortado/2000-12",45611491,97,19,8.60000038146973,"Train"
"66738","2000-12-01",-79.11856,43.097347,"2000-12-01","/home/ecologia/Documents/Lorena/capas/WorldClim_1970-2020_monthly_recortado/2000-12",27159353,79,2.20000004768372,-4.69999980926514,"Train"
"66739","2000-12-01",-93.21686,30.21497,"2000-12-01","/home/ecologia/Documents/Lorena/capas/WorldClim_1970-2020_monthly_recortado/2000-12",44069355,137,17.6000003814697,6.69999980926514,"Train"
"66740","2000-12-01",-75.19167,38.448143,"2000-12-01","/home/ecologia/Documents/Lorena/capas/WorldClim_1970-2020_monthly_recortado/2000-12",33263786,90,9.19999980926514,-0.200000002980232,"Train"
"66741","2000-12-01",-81.30763,31.6088,"2000-12-01","/home/ecologia/Documents/Lorena/capas/WorldClim_1970-2020_monthly_recortado/2000-12",42233033,79,17.3999996185303,6.5,"Test"
"66742","2000-12-01",-78.10099,38.766212,"2000-12-01","/home/ecologia/Documents/Lorena/capas/WorldClim_1970-2020_monthly_recortado/2000-12",32847755,72,8.39999961853027,-3,"Train"
"66743","2000-12-01",-75.32836,40.038654,"2000-12-01","/home/ecologia/Documents/Lorena/capas/WorldClim_1970-2020_monthly_recortado/2000-12",31174421,92,6.5,-2.40000009536743,"Train"
"66744","2000-12-01",-98.44102,29.503954,"2000-12-01","/home/ecologia/Documents/Lorena/capas/WorldClim_1970-2020_monthly_recortado/2000-12",44998544,47,17.7999992370605,5.5,"Train"
"66745","2000-12-01",-81.2445,42.985184,"2000-12-01","/home/ecologia/Documents/Lorena/capas/WorldClim_1970-2020_monthly_recortado/2000-12",27301305,91,1,-5.5,"Train"
"66746","2000-12-01",-83.64312,31.717653,"2000-12-01","/home/ecologia/Documents/Lorena/capas/WorldClim_1970-2020_monthly_recortado/2000-12",42090545,96,16.6000003814697,4.19999980926514,"Train"
"66747","2000-12-01",-97.08573,32.949963,"2000-12-01","/home/ecologia/Documents/Lorena/capas/WorldClim_1970-2020_monthly_recortado/2000-12",40480899,50,14.3000001907349,2.40000009536743,"Train"
"66748","2000-12-01",-94.13875,36.065662,"2000-12-01","/home/ecologia/Documents/Lorena/capas/WorldClim_1970-2020_monthly_recortado/2000-12",36390067,84,9.5,-1.89999997615814,"Train"
"66749","2000-12-01",-95.655556,29.971546,"2000-12-01","/home/ecologia/Documents/Lorena/capas/WorldClim_1970-2020_monthly_recortado/2000-12",44386294,93,18.1000003814697,6.09999990463257,"Train"
"66750","2000-12-01",-79.105415,38.945595,"2000-12-01","/home/ecologia/Documents/Lorena/capas/WorldClim_1970-2020_monthly_recortado/2000-12",32606977,62,7.80000019073486,-3.90000009536743,"Test"
"66751","2000-12-01",-77.47078,37.15558,"2000-12-01","/home/ecologia/Documents/Lorena/capas/WorldClim_1970-2020_monthly_recortado/2000-12",34959058,82,11.1000003814697,-1.10000002384186,"Train"
"66752","2000-12-01",-95.36332,29.76333,"2000-12-01","/home/ecologia/Documents/Lorena/capas/WorldClim_1970-2020_monthly_recortado/2000-12",44659804,91,18.6000003814697,7.40000009536743,"Test"
"66753","2000-12-01",-90.06387,30.564632,"2000-12-01","/home/ecologia/Documents/Lorena/capas/WorldClim_1970-2020_monthly_recortado/2000-12",43610296,137,17.7999992370605,5.09999990463257,"Test"
"66754","2000-12-01",-95.68983,30.005117,"2000-12-01","/home/ecologia/Documents/Lorena/capas/WorldClim_1970-2020_monthly_recortado/2000-12",44342534,93,17.8999996185303,5.80000019073486,"Train"
"66755","2000-12-01",-96.643394,33.72245,"2000-12-01","/home/ecologia/Documents/Lorena/capas/WorldClim_1970-2020_monthly_recortado/2000-12",39463625,57,12.6999998092651,1,"Train"
"66756","2000-12-01",-98.37433,26.229856,"2000-12-01","/home/ecologia/Documents/Lorena/capas/WorldClim_1970-2020_monthly_recortado/2000-12",49297579,28,22,10.1000003814697,"Train"
"66757","2000-12-01",-99.02361,29.964445,"2000-12-01","/home/ecologia/Documents/Lorena/capas/WorldClim_1970-2020_monthly_recortado/2000-12",44396829,39,16.6000003814697,2.29999995231628,"Test"
"66758","2000-12-01",-98.64278,29.742846,"2000-12-01","/home/ecologia/Documents/Lorena/capas/WorldClim_1970-2020_monthly_recortado/2000-12",44681288,50,16.7000007629395,3.40000009536743,"Test"
"66759","2000-12-01",-95.644,29.682,"2000-12-01","/home/ecologia/Documents/Lorena/capas/WorldClim_1970-2020_monthly_recortado/2000-12",44769160,85,19,6.90000009536743,"Test"
"66760","2000-12-01",-98.18204,18.90226,"2000-12-01","/home/ecologia/Documents/Lorena/capas/WorldClim_1970-2020_monthly_recortado/2000-12",58912983,3,23.5,5.90000009536743,"Test"
"66761","2000-12-01",-89.95022,29.951365,"2000-12-01","/home/ecologia/Documents/Lorena/capas/WorldClim_1970-2020_monthly_recortado/2000-12",44408856,128,18.3999996185303,7.69999980926514,"Train"
"66762","2000-12-01",-118.47373,34.176723,"2000-12-01","/home/ecologia/Documents/Lorena/capas/WorldClim_1970-2020_monthly_recortado/2000-12",38859361,55,19.5,6.30000019073486,"Train"
"66763","2000-12-01",-92.39877,34.795307,"2000-12-01","/home/ecologia/Documents/Lorena/capas/WorldClim_1970-2020_monthly_recortado/2000-12",38053004,124,11.6000003814697,0.699999988079071,"Test"
"66764","2000-12-01",-82.6069,28.471947,"2000-12-01","/home/ecologia/Documents/Lorena/capas/WorldClim_1970-2020_monthly_recortado/2000-12",46356880,71,22.7000007629395,9.30000019073486,"Test"
"66765","2000-12-01",-121.37672,36.83005,"2000-12-01","/home/ecologia/Documents/Lorena/capas/WorldClim_1970-2020_monthly_recortado/2000-12",35380410,58,15.6999998092651,2.59999990463257,"Train"
"66766","2000-12-01",-92.025475,46.835575,"2000-12-01","/home/ecologia/Documents/Lorena/capas/WorldClim_1970-2020_monthly_recortado/2000-12",22246193,27,-3.70000004768372,-12.6000003814697,"Test"
"66767","2000-12-01",-90.73466,29.729252,"2000-12-01","/home/ecologia/Documents/Lorena/capas/WorldClim_1970-2020_monthly_recortado/2000-12",44704115,128,18.7999992370605,7.09999990463257,"Test"
"66768","2000-12-01",-80.09174,40.40638,"2000-12-01","/home/ecologia/Documents/Lorena/capas/WorldClim_1970-2020_monthly_recortado/2000-12",30692533,71,5.69999980926514,-4,"Train"
"66769","2000-12-01",-92.322426,34.88637,"2000-12-01","/home/ecologia/Documents/Lorena/capas/WorldClim_1970-2020_monthly_recortado/2000-12",37932684,122,11.1999998092651,0.200000002980232,"Train"
"66770","2000-12-01",-97.84303,30.247776,"2000-12-01","/home/ecologia/Documents/Lorena/capas/WorldClim_1970-2020_monthly_recortado/2000-12",44025044,50,16.5,4.5,"Train"
"66771","2000-12-01",-76.26078,38.929375,"2000-12-01","/home/ecologia/Documents/Lorena/capas/WorldClim_1970-2020_monthly_recortado/2000-12",32629196,91,8.69999980926514,-0.5,"Train"
"66772","2000-12-01",-97.83382,30.307482,"2000-12-01","/home/ecologia/Documents/Lorena/capas/WorldClim_1970-2020_monthly_recortado/2000-12",43948472,50,16.1000003814697,4.40000009536743,"Train"
"66773","2000-12-01",-76.47958,38.46644,"2000-12-01","/home/ecologia/Documents/Lorena/capas/WorldClim_1970-2020_monthly_recortado/2000-12",33241754,83,9.39999961853027,-0.699999988079071,"Train"
"66774","2000-12-01",-98.11868,29.729353,"2000-12-01","/home/ecologia/Documents/Lorena/capas/WorldClim_1970-2020_monthly_recortado/2000-12",44703229,54,17.2999992370605,4.69999980926514,"Train"
"66775","2000-12-01",-97.13717,28.734173,"2000-12-01","/home/ecologia/Documents/Lorena/capas/WorldClim_1970-2020_monthly_recortado/2000-12",46005088,51,19.6000003814697,7.90000009536743,"Train"
"66776","2000-12-01",-89.70917,30.276112,"2000-12-01","/home/ecologia/Documents/Lorena/capas/WorldClim_1970-2020_monthly_recortado/2000-12",43982264,138,18.1000003814697,6.40000009536743,"Train"
"66777","2000-12-01",-95.50973,30.19069,"2000-12-01","/home/ecologia/Documents/Lorena/capas/WorldClim_1970-2020_monthly_recortado/2000-12",44101897,96,17.7999992370605,5.80000019073486,"Train"
"66778","2000-12-01",-81.75536,40.736298,"2000-12-01","/home/ecologia/Documents/Lorena/capas/WorldClim_1970-2020_monthly_recortado/2000-12",30254774,72,3.29999995231628,-4.80000019073486,"Train"
"66779","2000-12-01",-90.06159,30.363064,"2000-12-01","/home/ecologia/Documents/Lorena/capas/WorldClim_1970-2020_monthly_recortado/2000-12",43872832,130,18,6.09999990463257,"Train"
"66780","2000-12-01",-97.053185,28.796051,"2000-12-01","/home/ecologia/Documents/Lorena/capas/WorldClim_1970-2020_monthly_recortado/2000-12",45928525,53,19.6000003814697,7.59999990463257,"Test"
"66781","2000-12-01",-95.60569,29.76853,"2000-12-01","/home/ecologia/Documents/Lorena/capas/WorldClim_1970-2020_monthly_recortado/2000-12",44648836,87,18.6000003814697,6.90000009536743,"Train"
"66782","2000-12-01",-87.29179,30.507982,"2000-12-01","/home/ecologia/Documents/Lorena/capas/WorldClim_1970-2020_monthly_recortado/2000-12",43687201,108,17.6000003814697,6.30000019073486,"Train"
"66783","2000-12-01",-95.63215,30.214798,"2000-12-01","/home/ecologia/Documents/Lorena/capas/WorldClim_1970-2020_monthly_recortado/2000-12",44069066,94,17.2000007629395,5.40000009536743,"Train"
"66784","2000-12-01",-93.05518,34.50369,"2000-12-01","/home/ecologia/Documents/Lorena/capas/WorldClim_1970-2020_monthly_recortado/2000-12",38435790,128,12,0.200000002980232,"Test"
"66785","2000-12-01",-83.784805,42.3165,"2000-12-01","/home/ecologia/Documents/Lorena/capas/WorldClim_1970-2020_monthly_recortado/2000-12",28187059,66,1.5,-5.80000019073486,"Train"
"66786","2000-12-01",-95.75541,30.17023,"2000-12-01","/home/ecologia/Documents/Lorena/capas/WorldClim_1970-2020_monthly_recortado/2000-12",44123746,91,17.2999992370605,5.5,"Train"
"66787","2000-12-01",-88.765755,40.326427,"2000-12-01","/home/ecologia/Documents/Lorena/capas/WorldClim_1970-2020_monthly_recortado/2000-12",30789944,71,2.90000009536743,-5.69999980926514,"Train"
"66788","2000-12-01",-85.24126,31.188828,"2000-12-01","/home/ecologia/Documents/Lorena/capas/WorldClim_1970-2020_monthly_recortado/2000-12",42790450,123,17.2999992370605,4.5,"Train"
"66789","2000-12-01",-82.62254,35.397312,"2000-12-01","/home/ecologia/Documents/Lorena/capas/WorldClim_1970-2020_monthly_recortado/2000-12",37266569,108,10.5,-2.20000004768372,"Train"
"66790","2000-12-01",-90.40817,30.462355,"2000-12-01","/home/ecologia/Documents/Lorena/capas/WorldClim_1970-2020_monthly_recortado/2000-12",43741523,137,17.8999996185303,5.5,"Train"
"66791","2000-12-01",-80.78835,35.108597,"2000-12-01","/home/ecologia/Documents/Lorena/capas/WorldClim_1970-2020_monthly_recortado/2000-12",37638715,87,12.6999998092651,0.699999988079071,"Test"
"66792","2000-12-01",-98.75555,29.85769,"2000-12-01","/home/ecologia/Documents/Lorena/capas/WorldClim_1970-2020_monthly_recortado/2000-12",44539068,48,16.3999996185303,3.29999995231628,"Train"
"66793","2000-12-01",-97.86511,30.347826,"2000-12-01","/home/ecologia/Documents/Lorena/capas/WorldClim_1970-2020_monthly_recortado/2000-12",43893774,49,16.2999992370605,4.40000009536743,"Train"
"66794","2000-12-01",-99.78901,29.235785,"2000-12-01","/home/ecologia/Documents/Lorena/capas/WorldClim_1970-2020_monthly_recortado/2000-12",45348430,27,18.3999996185303,4.40000009536743,"Train"
"66795","2000-12-01",-99.20081,19.259853,"2000-12-01","/home/ecologia/Documents/Lorena/capas/WorldClim_1970-2020_monthly_recortado/2000-12",58442483,9,19.6000003814697,3.59999990463257,"Test"
"66796","2000-12-01",-97.70373,30.66097,"2000-12-01","/home/ecologia/Documents/Lorena/capas/WorldClim_1970-2020_monthly_recortado/2000-12",43478111,50,15.8999996185303,3.59999990463257,"Test"
"66797","2000-12-01",-73.883804,40.975815,"2000-12-01","/home/ecologia/Documents/Lorena/capas/WorldClim_1970-2020_monthly_recortado/2000-12",29938487,94,6.19999980926514,-2.40000009536743,"Train"
"66798","2000-12-01",-80.71696,35.267242,"2000-12-01","/home/ecologia/Documents/Lorena/capas/WorldClim_1970-2020_monthly_recortado/2000-12",37430882,87,12.3000001907349,0.200000002980232,"Train"
"66799","2000-12-01",-85.681564,38.117046,"2000-12-01","/home/ecologia/Documents/Lorena/capas/WorldClim_1970-2020_monthly_recortado/2000-12",33689149,102,7.80000019073486,-2,"Train"
"66800","2000-12-01",-98.16461,30.416351,"2000-12-01","/home/ecologia/Documents/Lorena/capas/WorldClim_1970-2020_monthly_recortado/2000-12",43806226,46,16.6000003814697,3.40000009536743,"Train"
"66801","2000-12-01",-90.15149,30.519806,"2000-12-01","/home/ecologia/Documents/Lorena/capas/WorldClim_1970-2020_monthly_recortado/2000-12",43664980,135,17.7999992370605,5.30000019073486,"Test"
"66802","2000-12-01",-87.785446,41.870567,"2000-12-01","/home/ecologia/Documents/Lorena/capas/WorldClim_1970-2020_monthly_recortado/2000-12",28766346,65,2.09999990463257,-6.09999990463257,"Train"
"66803","2000-12-01",-90.0777,30.367743,"2000-12-01","/home/ecologia/Documents/Lorena/capas/WorldClim_1970-2020_monthly_recortado/2000-12",43861891,130,18.1000003814697,6.09999990463257,"Test"
"66804","2000-12-01",-152.39293,57.792255,"2000-12-01","/home/ecologia/Documents/Lorena/capas/WorldClim_1970-2020_monthly_recortado/2000-12",NA,NA,NA,NA,"Train"
"66805","2000-12-01",-99.052605,18.976372,"2000-12-01","/home/ecologia/Documents/Lorena/capas/WorldClim_1970-2020_monthly_recortado/2000-12",58814427,5,24.7000007629395,10.1999998092651,"Train"
"66806","2000-12-01",-102.55554,22.092327,"2000-12-01","/home/ecologia/Documents/Lorena/capas/WorldClim_1970-2020_monthly_recortado/2000-12",54722821,11,20,3.90000009536743,"Train"
"66807","2000-12-01",-89.02639,42.200108,"2000-12-01","/home/ecologia/Documents/Lorena/capas/WorldClim_1970-2020_monthly_recortado/2000-12",28328637,51,0.100000001490116,-8.5,"Train"
"66808","2000-12-01",-87.659164,30.51712,"2000-12-01","/home/ecologia/Documents/Lorena/capas/WorldClim_1970-2020_monthly_recortado/2000-12",43665279,118,17.8999996185303,5.5,"Test"
"66809","2000-12-01",-94.11275,30.101847,"2000-12-01","/home/ecologia/Documents/Lorena/capas/WorldClim_1970-2020_monthly_recortado/2000-12",44211455,127,18.1000003814697,6.59999990463257,"Train"
"66810","2000-12-01",-84.15793,30.476122,"2000-12-01","/home/ecologia/Documents/Lorena/capas/WorldClim_1970-2020_monthly_recortado/2000-12",43720395,105,18.7000007629395,5.19999980926514,"Train"
"66811","2000-12-01",-94.8356,29.804222,"2000-12-01","/home/ecologia/Documents/Lorena/capas/WorldClim_1970-2020_monthly_recortado/2000-12",44605172,106,17.8999996185303,6.90000009536743,"Train"
"66812","2000-12-01",-98.50148,29.642824,"2000-12-01","/home/ecologia/Documents/Lorena/capas/WorldClim_1970-2020_monthly_recortado/2000-12",44812573,49,16.7999992370605,4.59999990463257,"Train"
"66813","2000-12-01",-84.557465,37.98902,"2000-12-01","/home/ecologia/Documents/Lorena/capas/WorldClim_1970-2020_monthly_recortado/2000-12",33864308,103,7.5,-2.29999995231628,"Test"
"66814","2000-12-01",-98.497734,29.685608,"2000-12-01","/home/ecologia/Documents/Lorena/capas/WorldClim_1970-2020_monthly_recortado/2000-12",44757879,50,16.3999996185303,4.09999990463257,"Train"
"66815","2000-12-01",-103.23904,20.305494,"2000-12-01","/home/ecologia/Documents/Lorena/capas/WorldClim_1970-2020_monthly_recortado/2000-12",57074624,8,22.7999992370605,9.69999980926514,"Train"
"66816","2000-12-01",-98.11094,29.677818,"2000-12-01","/home/ecologia/Documents/Lorena/capas/WorldClim_1970-2020_monthly_recortado/2000-12",44768864,54,17.7999992370605,4.80000019073486,"Train"
"66817","2000-12-01",-79.149345,38.18891,"2000-12-01","/home/ecologia/Documents/Lorena/capas/WorldClim_1970-2020_monthly_recortado/2000-12",33602421,68,8.10000038146973,-3.79999995231628,"Train"
"66818","2000-12-01",-82.98523,40.17717,"2000-12-01","/home/ecologia/Documents/Lorena/capas/WorldClim_1970-2020_monthly_recortado/2000-12",30987539,72,4.40000009536743,-4.19999980926514,"Test"
"66819","2000-12-01",-91.83224,29.98411,"2000-12-01","/home/ecologia/Documents/Lorena/capas/WorldClim_1970-2020_monthly_recortado/2000-12",44364875,132,18.2999992370605,6.69999980926514,"Test"
"66820","2000-12-01",-82.377174,35.512543,"2000-12-01","/home/ecologia/Documents/Lorena/capas/WorldClim_1970-2020_monthly_recortado/2000-12",37113452,96,10.1999998092651,-2.29999995231628,"Train"
"66821","2000-12-01",-90.862,29.8044,"2000-12-01","/home/ecologia/Documents/Lorena/capas/WorldClim_1970-2020_monthly_recortado/2000-12",44605649,130,18.8999996185303,6.80000019073486,"Train"
"66822","2000-12-01",-84.99159,29.71929,"2000-12-01","/home/ecologia/Documents/Lorena/capas/WorldClim_1970-2020_monthly_recortado/2000-12",44715744,93,18.5,8.39999961853027,"Train"
"66823","2000-12-01",-76.74924,38.39003,"2000-12-01","/home/ecologia/Documents/Lorena/capas/WorldClim_1970-2020_monthly_recortado/2000-12",33340173,83,9.39999961853027,-1.10000002384186,"Train"
"66824","2000-12-01",-95.44369,29.029104,"2000-12-01","/home/ecologia/Documents/Lorena/capas/WorldClim_1970-2020_monthly_recortado/2000-12",45622426,96,18.7999992370605,8.30000019073486,"Test"
"66825","2000-12-01",-95.96824,29.798813,"2000-12-01","/home/ecologia/Documents/Lorena/capas/WorldClim_1970-2020_monthly_recortado/2000-12",44615975,81,18.2000007629395,5.90000009536743,"Test"
"66826","2000-12-01",-98.6788,30.962378,"2000-12-01","/home/ecologia/Documents/Lorena/capas/WorldClim_1970-2020_monthly_recortado/2000-12",43084190,37,16.2000007629395,1.79999995231628,"Train"
"66827","2000-12-01",-84.357834,29.907146,"2000-12-01","/home/ecologia/Documents/Lorena/capas/WorldClim_1970-2020_monthly_recortado/2000-12",44475162,98,18.5,7.5,"Train"
"66828","2000-12-01",-122.375336,40.602413,"2000-12-01","/home/ecologia/Documents/Lorena/capas/WorldClim_1970-2020_monthly_recortado/2000-12",30424923,171,12.8999996185303,2.79999995231628,"Train"
"66829","2000-12-01",-85.10454,35.02378,"2000-12-01","/home/ecologia/Documents/Lorena/capas/WorldClim_1970-2020_monthly_recortado/2000-12",37758526,133,11,-0.400000005960464,"Train"
"66830","2000-12-01",-78.6413,35.818855,"2000-12-01","/home/ecologia/Documents/Lorena/capas/WorldClim_1970-2020_monthly_recortado/2000-12",36709158,80,12.6999998092651,0.400000005960464,"Test"
"66831","2000-12-01",-85.496124,36.75838,"2000-12-01","/home/ecologia/Documents/Lorena/capas/WorldClim_1970-2020_monthly_recortado/2000-12",35472228,126,9.60000038146973,-1.5,"Train"
"66832","2000-12-01",-87.55581,37.97474,"2000-12-01","/home/ecologia/Documents/Lorena/capas/WorldClim_1970-2020_monthly_recortado/2000-12",33885826,93,7.69999980926514,-1.70000004768372,"Train"
"66833","2000-12-01",-85.55962,35.946434,"2000-12-01","/home/ecologia/Documents/Lorena/capas/WorldClim_1970-2020_monthly_recortado/2000-12",36544242,138,10.3999996185303,-1.29999995231628,"Test"
"66834","2000-12-01",-72.60783,41.742832,"2000-12-01","/home/ecologia/Documents/Lorena/capas/WorldClim_1970-2020_monthly_recortado/2000-12",28932253,98,5,-4.69999980926514,"Train"
"66835","2000-12-01",-109.15616,31.904196,"2000-12-01","/home/ecologia/Documents/Lorena/capas/WorldClim_1970-2020_monthly_recortado/2000-12",41846826,39,13.6000003814697,-2.59999990463257,"Train"
"66836","2000-12-01",-75.29358,40.784172,"2000-12-01","/home/ecologia/Documents/Lorena/capas/WorldClim_1970-2020_monthly_recortado/2000-12",30189915,89,5,-4.80000019073486,"Train"
"66837","2000-12-01",-98.38218,30.036764,"2000-12-01","/home/ecologia/Documents/Lorena/capas/WorldClim_1970-2020_monthly_recortado/2000-12",44298455,52,16.6000003814697,3.20000004768372,"Train"
"66838","2000-12-01",-92.3926,35.0029,"2000-12-01","/home/ecologia/Documents/Lorena/capas/WorldClim_1970-2020_monthly_recortado/2000-12",37779529,122,11.3999996185303,0.200000002980232,"Train"
"66839","2000-12-01",-95.06448,29.46187,"2000-12-01","/home/ecologia/Documents/Lorena/capas/WorldClim_1970-2020_monthly_recortado/2000-12",45053644,93,17.7999992370605,8.10000038146973,"Train"
"66840","2000-12-01",-95.63558,29.99721,"2000-12-01","/home/ecologia/Documents/Lorena/capas/WorldClim_1970-2020_monthly_recortado/2000-12",44353479,93,18,6.09999990463257,"Train"
"66841","2000-12-01",-73.67759,41.421204,"2000-12-01","/home/ecologia/Documents/Lorena/capas/WorldClim_1970-2020_monthly_recortado/2000-12",29358745,97,4.30000019073486,-4.69999980926514,"Test"
"66842","2000-12-01",-96.49803,17.09098,"2000-12-01","/home/ecologia/Documents/Lorena/capas/WorldClim_1970-2020_monthly_recortado/2000-12",61297887,15,17.8999996185303,7.40000009536743,"Train"
"66843","2000-12-01",-83.30955,33.899,"2000-12-01","/home/ecologia/Documents/Lorena/capas/WorldClim_1970-2020_monthly_recortado/2000-12",39235506,103,13.3000001907349,1.39999997615814,"Test"
"66844","2000-12-01",-98.61577,29.81692,"2000-12-01","/home/ecologia/Documents/Lorena/capas/WorldClim_1970-2020_monthly_recortado/2000-12",44582841,51,16.5,3.5,"Test"
"66845","2000-12-01",-82.40485,34.92412,"2000-12-01","/home/ecologia/Documents/Lorena/capas/WorldClim_1970-2020_monthly_recortado/2000-12",37890118,123,11.6000003814697,0.100000001490116,"Test"
"66846","2000-12-01",-99.30755,18.937698,"2000-12-01","/home/ecologia/Documents/Lorena/capas/WorldClim_1970-2020_monthly_recortado/2000-12",58869092,5,24.3999996185303,9.60000038146973,"Test"
"66847","2000-12-01",-97.27512,32.88341,"2000-12-01","/home/ecologia/Documents/Lorena/capas/WorldClim_1970-2020_monthly_recortado/2000-12",40557449,49,14.5,2.20000004768372,"Test"
"66848","2000-12-01",-92.13627,29.977795,"2000-12-01","/home/ecologia/Documents/Lorena/capas/WorldClim_1970-2020_monthly_recortado/2000-12",44375777,136,17.8999996185303,6.69999980926514,"Train"
"66849","2000-12-01",-98.12339,29.753473,"2000-12-01","/home/ecologia/Documents/Lorena/capas/WorldClim_1970-2020_monthly_recortado/2000-12",44670412,54,17,4.69999980926514,"Train"
"66850","2000-12-01",-98.44095,29.488077,"2000-12-01","/home/ecologia/Documents/Lorena/capas/WorldClim_1970-2020_monthly_recortado/2000-12",45020422,46,17.7000007629395,5.59999990463257,"Train"
"66851","2000-12-01",-89.00976,36.87066,"2000-12-01","/home/ecologia/Documents/Lorena/capas/WorldClim_1970-2020_monthly_recortado/2000-12",35329599,118,8.80000019073486,-1.39999997615814,"Test"
"66852","2000-12-01",-98.67998,29.592888,"2000-12-01","/home/ecologia/Documents/Lorena/capas/WorldClim_1970-2020_monthly_recortado/2000-12",44878186,47,17,4.40000009536743,"Train"
"66853","2000-12-01",-82.32957,29.680485,"2000-12-01","/home/ecologia/Documents/Lorena/capas/WorldClim_1970-2020_monthly_recortado/2000-12",44770758,72,20.5,6.90000009536743,"Test"
"66854","2000-12-01",-84.02576,39.010582,"2000-12-01","/home/ecologia/Documents/Lorena/capas/WorldClim_1970-2020_monthly_recortado/2000-12",32518874,83,6,-3.5,"Train"
"66855","2000-12-01",-76.824295,38.654472,"2000-12-01","/home/ecologia/Documents/Lorena/capas/WorldClim_1970-2020_monthly_recortado/2000-12",32990116,82,8.69999980926514,-1.5,"Train"
"66856","2000-12-01",-95.38326,30.089136,"2000-12-01","/home/ecologia/Documents/Lorena/capas/WorldClim_1970-2020_monthly_recortado/2000-12",44233181,96,18.1000003814697,5.90000009536743,"Train"
"66857","2000-12-01",-96.31519,30.478008,"2000-12-01","/home/ecologia/Documents/Lorena/capas/WorldClim_1970-2020_monthly_recortado/2000-12",43718936,76,17.2000007629395,5.19999980926514,"Train"
"66858","2000-12-01",-75.65114,39.81464,"2000-12-01","/home/ecologia/Documents/Lorena/capas/WorldClim_1970-2020_monthly_recortado/2000-12",31469735,95,6.59999990463257,-2.29999995231628,"Test"
"66859","2000-12-01",-83.982056,42.54221,"2000-12-01","/home/ecologia/Documents/Lorena/capas/WorldClim_1970-2020_monthly_recortado/2000-12",27880744,58,0.899999976158142,-6.5,"Train"
"66860","2000-12-01",-74.04893,40.40446,"2000-12-01","/home/ecologia/Documents/Lorena/capas/WorldClim_1970-2020_monthly_recortado/2000-12",30693259,97,6.80000019073486,-1.5,"Train"
"66861","2000-12-01",-96.30535,30.542183,"2000-12-01","/home/ecologia/Documents/Lorena/capas/WorldClim_1970-2020_monthly_recortado/2000-12",43631425,76,17,5.09999990463257,"Train"
"66862","2000-12-01",-86.52185,34.708702,"2000-12-01","/home/ecologia/Documents/Lorena/capas/WorldClim_1970-2020_monthly_recortado/2000-12",38163099,145,11.5,0,"Test"
"66863","2000-12-01",-76.944016,40.701435,"2000-12-01","/home/ecologia/Documents/Lorena/capas/WorldClim_1970-2020_monthly_recortado/2000-12",30299107,79,4.30000019073486,-4.40000009536743,"Train"
"66864","2000-12-01",-102.37551,21.949438,"2000-12-01","/home/ecologia/Documents/Lorena/capas/WorldClim_1970-2020_monthly_recortado/2000-12",54919744,10,22.5,4.30000019073486,"Train"
"66865","2000-12-01",-105.26457,20.355452,"2000-12-01","/home/ecologia/Documents/Lorena/capas/WorldClim_1970-2020_monthly_recortado/2000-12",57008747,30,25.6000003814697,9.80000019073486,"Train"
"66866","2000-12-01",-103.58865,30.270735,"2000-12-01","/home/ecologia/Documents/Lorena/capas/WorldClim_1970-2020_monthly_recortado/2000-12",43991538,15,15.5,-0.100000001490116,"Test"
"66867","2000-12-01",-92.46985,33.53791,"2000-12-01","/home/ecologia/Documents/Lorena/capas/WorldClim_1970-2020_monthly_recortado/2000-12",39704784,126,13.1999998092651,1,"Train"
"66868","2000-12-01",-80.93184,32.305023,"2000-12-01","/home/ecologia/Documents/Lorena/capas/WorldClim_1970-2020_monthly_recortado/2000-12",41325141,77,17.1000003814697,5.09999990463257,"Train"
"66869","2000-12-01",-98.01289,30.208227,"2000-12-01","/home/ecologia/Documents/Lorena/capas/WorldClim_1970-2020_monthly_recortado/2000-12",44079719,51,16.2999992370605,3.79999995231628,"Test"
"66870","2000-12-01",-87.83293,30.593887,"2000-12-01","/home/ecologia/Documents/Lorena/capas/WorldClim_1970-2020_monthly_recortado/2000-12",43566808,119,17.7999992370605,5.40000009536743,"Train"
"66871","2000-12-01",-90.07716,38.88669,"2000-12-01","/home/ecologia/Documents/Lorena/capas/WorldClim_1970-2020_monthly_recortado/2000-12",32682233,76,5.30000019073486,-4,"Train"
"66872","2000-12-01",-104.49065,24.079794,"2000-12-01","/home/ecologia/Documents/Lorena/capas/WorldClim_1970-2020_monthly_recortado/2000-12",52119107,14,21.1000003814697,2.29999995231628,"Test"
"66873","2000-12-01",-79.919655,40.431625,"2000-12-01","/home/ecologia/Documents/Lorena/capas/WorldClim_1970-2020_monthly_recortado/2000-12",30659737,73,5.80000019073486,-3.70000004768372,"Train"
"66874","2000-12-01",-81.248505,35.873592,"2000-12-01","/home/ecologia/Documents/Lorena/capas/WorldClim_1970-2020_monthly_recortado/2000-12",36643211,95,10.6000003814697,-1.89999997615814,"Test"
"66875","2000-12-01",-84.6288,38.132328,"2000-12-01","/home/ecologia/Documents/Lorena/capas/WorldClim_1970-2020_monthly_recortado/2000-12",33678336,100,7.30000019073486,-2.70000004768372,"Test"
"66876","2000-12-01",-82.26394,29.482306,"2000-12-01","/home/ecologia/Documents/Lorena/capas/WorldClim_1970-2020_monthly_recortado/2000-12",45033302,71,20.7000007629395,7.30000019073486,"Train"
"66877","2000-12-01",-99.254715,19.056032,"2000-12-01","/home/ecologia/Documents/Lorena/capas/WorldClim_1970-2020_monthly_recortado/2000-12",58715952,8,18.7000007629395,3.5,"Train"
"66878","2000-12-01",-103.18019,20.36836,"2000-12-01","/home/ecologia/Documents/Lorena/capas/WorldClim_1970-2020_monthly_recortado/2000-12",56987119,7,24.3999996185303,8.19999980926514,"Train"
"66879","2000-12-01",-110.05859,31.925224,"2000-12-01","/home/ecologia/Documents/Lorena/capas/WorldClim_1970-2020_monthly_recortado/2000-12",41813900,34,15.8000001907349,-0.100000001490116,"Train"
"66880","2000-12-01",-106.73806,32.402412,"2000-12-01","/home/ecologia/Documents/Lorena/capas/WorldClim_1970-2020_monthly_recortado/2000-12",41190776,21,14,-3.5,"Train"
"66881","2000-12-01",-99.788475,18.718727,"2000-12-01","/home/ecologia/Documents/Lorena/capas/WorldClim_1970-2020_monthly_recortado/2000-12",59153448,10,21.8999996185303,9.5,"Test"
"66882","2000-12-01",-94.88918,29.247562,"2000-12-01","/home/ecologia/Documents/Lorena/capas/WorldClim_1970-2020_monthly_recortado/2000-12",45338079,91,17,9.60000038146973,"Train"
"66883","2000-12-01",-71.77761,41.4612,"2000-12-01","/home/ecologia/Documents/Lorena/capas/WorldClim_1970-2020_monthly_recortado/2000-12",29304278,111,5.69999980926514,-3.79999995231628,"Train"
"66884","2000-12-01",-94.13129,33.67432,"2000-12-01","/home/ecologia/Documents/Lorena/capas/WorldClim_1970-2020_monthly_recortado/2000-12",39529561,109,13.1000003814697,1.5,"Train"
"66885","2000-12-01",-101.13739,19.699728,"2000-12-01","/home/ecologia/Documents/Lorena/capas/WorldClim_1970-2020_monthly_recortado/2000-12",57873423,10,22.8999996185303,6.19999980926514,"Train"
"66886","2000-12-01",-98.40895,29.944307,"2000-12-01","/home/ecologia/Documents/Lorena/capas/WorldClim_1970-2020_monthly_recortado/2000-12",44418780,51,16.5,3.5,"Train"
"66887","2000-12-01",-103.98637,20.768152,"2000-12-01","/home/ecologia/Documents/Lorena/capas/WorldClim_1970-2020_monthly_recortado/2000-12",56461950,11,27.5,7.5,"Test"
"66888","2000-12-01",-104.82599,20.730494,"2000-12-01","/home/ecologia/Documents/Lorena/capas/WorldClim_1970-2020_monthly_recortado/2000-12",56516544,26,18.7000007629395,4.59999990463257,"Train"
"66889","2000-12-01",-78.63656,42.21435,"2000-12-01","/home/ecologia/Documents/Lorena/capas/WorldClim_1970-2020_monthly_recortado/2000-12",28318945,87,1.39999997615814,-7.19999980926514,"Test"
"66890","2000-12-01",-93.37329,31.397375,"2000-12-01","/home/ecologia/Documents/Lorena/capas/WorldClim_1970-2020_monthly_recortado/2000-12",42515999,155,15.8000001907349,2.90000009536743,"Train"
"66891","2000-12-01",-103.58354,20.64274,"2000-12-01","/home/ecologia/Documents/Lorena/capas/WorldClim_1970-2020_monthly_recortado/2000-12",56626083,7,22.8999996185303,6.5,"Train"
"66892","2000-12-01",-92.315674,34.764473,"2000-12-01","/home/ecologia/Documents/Lorena/capas/WorldClim_1970-2020_monthly_recortado/2000-12",38096770,123,11.8999996185303,0.899999976158142,"Train"
"66893","2000-12-01",-84.21746,30.43406,"2000-12-01","/home/ecologia/Documents/Lorena/capas/WorldClim_1970-2020_monthly_recortado/2000-12",43775082,105,18.7000007629395,5.40000009536743,"Train"
"66894","2000-12-01",-97.136826,32.871735,"2000-12-01","/home/ecologia/Documents/Lorena/capas/WorldClim_1970-2020_monthly_recortado/2000-12",40579344,49,14.5,2.59999990463257,"Train"
"66895","2000-12-01",-82.42664,29.61621,"2000-12-01","/home/ecologia/Documents/Lorena/capas/WorldClim_1970-2020_monthly_recortado/2000-12",44858258,74,20.8999996185303,6.80000019073486,"Test"
"66896","2000-12-01",-95.36333,30.118788,"2000-12-01","/home/ecologia/Documents/Lorena/capas/WorldClim_1970-2020_monthly_recortado/2000-12",44189427,97,17.7000007629395,5.59999990463257,"Test"
"66897","2000-12-01",-97.472824,31.130194,"2000-12-01","/home/ecologia/Documents/Lorena/capas/WorldClim_1970-2020_monthly_recortado/2000-12",42865555,56,15.3999996185303,3.90000009536743,"Test"
"66898","2000-12-01",-104.929695,20.78279,"2000-12-01","/home/ecologia/Documents/Lorena/capas/WorldClim_1970-2020_monthly_recortado/2000-12",56450898,21,26.6000003814697,10.5,"Train"
"66899","2000-12-01",-101.88906,33.5386,"2000-12-01","/home/ecologia/Documents/Lorena/capas/WorldClim_1970-2020_monthly_recortado/2000-12",39703654,15,12.6000003814697,-1.89999997615814,"Train"
"66900","2000-12-01",-95.47578,29.046482,"2000-12-01","/home/ecologia/Documents/Lorena/capas/WorldClim_1970-2020_monthly_recortado/2000-12",45600544,97,18.6000003814697,8,"Train"
"66901","2000-12-01",-71.77849,41.484726,"2000-12-01","/home/ecologia/Documents/Lorena/capas/WorldClim_1970-2020_monthly_recortado/2000-12",29271461,114,5.40000009536743,-4.09999990463257,"Train"
"66902","2000-12-01",-81.90531,28.059515,"2000-12-01","/home/ecologia/Documents/Lorena/capas/WorldClim_1970-2020_monthly_recortado/2000-12",46892975,55,23,10.6999998092651,"Train"
"66903","2000-12-01",-98.23518,26.19272,"2000-12-01","/home/ecologia/Documents/Lorena/capas/WorldClim_1970-2020_monthly_recortado/2000-12",49341351,28,22.2000007629395,10.3999996185303,"Train"
"66904","2000-12-01",-85.36212,38.42423,"2000-12-01","/home/ecologia/Documents/Lorena/capas/WorldClim_1970-2020_monthly_recortado/2000-12",33295383,101,6.80000019073486,-2.90000009536743,"Train"
"66905","2000-12-01",-94.85431,29.274487,"2000-12-01","/home/ecologia/Documents/Lorena/capas/WorldClim_1970-2020_monthly_recortado/2000-12",45305266,91,17,9.69999980926514,"Train"
"66906","2000-12-01",-88.06819,41.784626,"2000-12-01","/home/ecologia/Documents/Lorena/capas/WorldClim_1970-2020_monthly_recortado/2000-12",28875702,61,1.79999995231628,-6.90000009536743,"Train"
"66907","2000-12-01",-97.50237,28.909798,"2000-12-01","/home/ecologia/Documents/Lorena/capas/WorldClim_1970-2020_monthly_recortado/2000-12",45775325,47,19.6000003814697,7,"Train"
"66908","2000-12-01",-97.206245,31.55147,"2000-12-01","/home/ecologia/Documents/Lorena/capas/WorldClim_1970-2020_monthly_recortado/2000-12",42307698,58,15.3000001907349,4.09999990463257,"Test"
"66909","2000-12-01",-97.65178,27.865646,"2000-12-01","/home/ecologia/Documents/Lorena/capas/WorldClim_1970-2020_monthly_recortado/2000-12",47153621,38,20.6000003814697,8.80000019073486,"Train"
"66910","2000-12-01",-91.98889,30.218264,"2000-12-01","/home/ecologia/Documents/Lorena/capas/WorldClim_1970-2020_monthly_recortado/2000-12",44058564,139,17.8999996185303,6.5,"Test"
"66911","2000-12-01",-86.457405,30.406034,"2000-12-01","/home/ecologia/Documents/Lorena/capas/WorldClim_1970-2020_monthly_recortado/2000-12",43818570,105,17.8999996185303,7.30000019073486,"Test"
"66912","2000-12-01",-97.50087,30.08712,"2000-12-01","/home/ecologia/Documents/Lorena/capas/WorldClim_1970-2020_monthly_recortado/2000-12",44232926,55,17,4.5,"Train"
"66913","2000-12-01",-118.222084,34.102512,"2000-12-01","/home/ecologia/Documents/Lorena/capas/WorldClim_1970-2020_monthly_recortado/2000-12",38957842,58,20.5,6.80000019073486,"Train"
"66914","2000-12-01",-80.05549,40.35389,"2000-12-01","/home/ecologia/Documents/Lorena/capas/WorldClim_1970-2020_monthly_recortado/2000-12",30758172,72,5.5,-4,"Train"
"66915","2000-12-01",-99.75335,29.427582,"2000-12-01","/home/ecologia/Documents/Lorena/capas/WorldClim_1970-2020_monthly_recortado/2000-12",45096837,28,17.3999996185303,3.70000004768372,"Train"
"66916","2000-12-01",-103.29038,20.729315,"2000-12-01","/home/ecologia/Documents/Lorena/capas/WorldClim_1970-2020_monthly_recortado/2000-12",56516729,7,27.7999992370605,9.10000038146973,"Test"
"66917","2000-12-01",-96.76272,17.159828,"2000-12-01","/home/ecologia/Documents/Lorena/capas/WorldClim_1970-2020_monthly_recortado/2000-12",61199404,6,27.5,10,"Train"
"66918","2000-12-01",-81.754456,40.782097,"2000-12-01","/home/ecologia/Documents/Lorena/capas/WorldClim_1970-2020_monthly_recortado/2000-12",30200079,72,3.29999995231628,-4.80000019073486,"Test"
"66919","2000-12-01",-92.3679,34.765873,"2000-12-01","/home/ecologia/Documents/Lorena/capas/WorldClim_1970-2020_monthly_recortado/2000-12",38096763,124,11.8000001907349,0.800000011920929,"Test"
"66920","2000-12-01",-104.37009,19.800222,"2000-12-01","/home/ecologia/Documents/Lorena/capas/WorldClim_1970-2020_monthly_recortado/2000-12",57730828,12,29.1000003814697,10.8000001907349,"Train"
"66921","2000-12-01",-85.487755,31.225506,"2000-12-01","/home/ecologia/Documents/Lorena/capas/WorldClim_1970-2020_monthly_recortado/2000-12",42735725,129,16.7999992370605,4.69999980926514,"Train"
"66922","2000-12-01",-105.855995,23.5822,"2000-12-01","/home/ecologia/Documents/Lorena/capas/WorldClim_1970-2020_monthly_recortado/2000-12",52775283,83,20.1000003814697,3.20000004768372,"Train"
"66923","2000-12-01",-99.49441,27.499435,"2000-12-01","/home/ecologia/Documents/Lorena/capas/WorldClim_1970-2020_monthly_recortado/2000-12",47634716,19,21,8.39999961853027,"Test"
"66924","2000-12-01",-90.20916,30.024612,"2000-12-01","/home/ecologia/Documents/Lorena/capas/WorldClim_1970-2020_monthly_recortado/2000-12",44321313,126,19.1000003814697,7.30000019073486,"Train"
"66925","2000-12-01",-98.24271,29.84243,"2000-12-01","/home/ecologia/Documents/Lorena/capas/WorldClim_1970-2020_monthly_recortado/2000-12",44550068,53,16.6000003814697,4.69999980926514,"Train"
"66926","2000-12-01",-104.98175,21.46152,"2000-12-01","/home/ecologia/Documents/Lorena/capas/WorldClim_1970-2020_monthly_recortado/2000-12",55553894,38,21.6000003814697,6.40000009536743,"Train"
"66927","2000-12-01",-82.88206,35.2411,"2000-12-01","/home/ecologia/Documents/Lorena/capas/WorldClim_1970-2020_monthly_recortado/2000-12",37474379,149,9.89999961853027,-2.20000004768372,"Train"
"66928","2000-12-01",-90.22777,29.96326,"2000-12-01","/home/ecologia/Documents/Lorena/capas/WorldClim_1970-2020_monthly_recortado/2000-12",44397884,129,18.6000003814697,7.40000009536743,"Train"
"66929","2000-12-01",-92.339455,34.77866,"2000-12-01","/home/ecologia/Documents/Lorena/capas/WorldClim_1970-2020_monthly_recortado/2000-12",38074889,124,11.6000003814697,0.899999976158142,"Train"
"66930","2000-12-01",-97.918884,30.596388,"2000-12-01","/home/ecologia/Documents/Lorena/capas/WorldClim_1970-2020_monthly_recortado/2000-12",43565597,48,15.8999996185303,3.20000004768372,"Train"
"66931","2000-12-01",-93.94818,29.698408,"2000-12-01","/home/ecologia/Documents/Lorena/capas/WorldClim_1970-2020_monthly_recortado/2000-12",44747486,115,17,7.30000019073486,"Train"
"66932","2000-12-01",-97.946754,31.131521,"2000-12-01","/home/ecologia/Documents/Lorena/capas/WorldClim_1970-2020_monthly_recortado/2000-12",42865498,45,15.8000001907349,2.90000009536743,"Train"
"66933","2000-12-01",-96.97905,28.533731,"2000-12-01","/home/ecologia/Documents/Lorena/capas/WorldClim_1970-2020_monthly_recortado/2000-12",46267643,53,19.7999992370605,7.90000009536743,"Train"
"66934","2000-12-01",-97.83484,30.54024,"2000-12-01","/home/ecologia/Documents/Lorena/capas/WorldClim_1970-2020_monthly_recortado/2000-12",43642180,49,16.2000007629395,3.70000004768372,"Train"
"66935","2000-12-01",-96.206894,28.71214,"2000-12-01","/home/ecologia/Documents/Lorena/capas/WorldClim_1970-2020_monthly_recortado/2000-12",46038017,74,18.8999996185303,8.5,"Test"
"66936","2000-12-01",-123.18551,39.179333,"2000-12-01","/home/ecologia/Documents/Lorena/capas/WorldClim_1970-2020_monthly_recortado/2000-12",32295395,157,13.6000003814697,2,"Train"
"66937","2000-12-01",-105.034615,21.450949,"2000-12-01","/home/ecologia/Documents/Lorena/capas/WorldClim_1970-2020_monthly_recortado/2000-12",55564826,27,26.3999996185303,10.6000003814697,"Train"
"66938","2000-12-01",-109.27201,31.999401,"2000-12-01","/home/ecologia/Documents/Lorena/capas/WorldClim_1970-2020_monthly_recortado/2000-12",41726483,46,13.1000003814697,-2.40000009536743,"Test"
"66939","2000-12-01",-73.14332,41.178562,"2000-12-01","/home/ecologia/Documents/Lorena/capas/WorldClim_1970-2020_monthly_recortado/2000-12",29676040,101,6.09999990463257,-2.70000004768372,"Train"
"66940","2000-12-01",-90.56545,30.079195,"2000-12-01","/home/ecologia/Documents/Lorena/capas/WorldClim_1970-2020_monthly_recortado/2000-12",44244698,139,18.2999992370605,6.5,"Train"
"66941","2000-12-01",-84.82757,32.59557,"2000-12-01","/home/ecologia/Documents/Lorena/capas/WorldClim_1970-2020_monthly_recortado/2000-12",40941808,124,15,2.70000004768372,"Train"
"66942","2000-12-01",-84.01191,30.52646,"2000-12-01","/home/ecologia/Documents/Lorena/capas/WorldClim_1970-2020_monthly_recortado/2000-12",43654778,111,18.7000007629395,4.90000009536743,"Train"
"66943","2000-12-01",-92.476555,31.380913,"2000-12-01","/home/ecologia/Documents/Lorena/capas/WorldClim_1970-2020_monthly_recortado/2000-12",42537984,163,16.2999992370605,4.40000009536743,"Train"
"66944","2000-12-01",-94.18851,35.92428,"2000-12-01","/home/ecologia/Documents/Lorena/capas/WorldClim_1970-2020_monthly_recortado/2000-12",36576024,87,9.69999980926514,-1.60000002384186,"Train"
"66945","2000-12-01",-98.25613,30.59381,"2000-12-01","/home/ecologia/Documents/Lorena/capas/WorldClim_1970-2020_monthly_recortado/2000-12",43565557,43,16.6000003814697,2.79999995231628,"Train"
"66946","2000-12-01",-97.266045,30.071043,"2000-12-01","/home/ecologia/Documents/Lorena/capas/WorldClim_1970-2020_monthly_recortado/2000-12",44254833,60,17.5,4.69999980926514,"Train"
"66947","2000-12-01",-90.101326,30.36681,"2000-12-01","/home/ecologia/Documents/Lorena/capas/WorldClim_1970-2020_monthly_recortado/2000-12",43861888,131,18,6.19999980926514,"Train"
"66948","2000-12-01",-76.17137,39.602898,"2000-12-01","/home/ecologia/Documents/Lorena/capas/WorldClim_1970-2020_monthly_recortado/2000-12",31743148,93,7.19999980926514,-1.60000002384186,"Train"
"66949","2000-12-01",-98.36645,26.179602,"2000-12-01","/home/ecologia/Documents/Lorena/capas/WorldClim_1970-2020_monthly_recortado/2000-12",49363214,28,21.7999992370605,10.1000003814697,"Test"
"66950","2000-12-01",-102.14066,32.028927,"2000-12-01","/home/ecologia/Documents/Lorena/capas/WorldClim_1970-2020_monthly_recortado/2000-12",41683583,16,15.3000001907349,-0.400000005960464,"Train"
"66951","2000-12-01",-103.255936,20.306738,"2000-12-01","/home/ecologia/Documents/Lorena/capas/WorldClim_1970-2020_monthly_recortado/2000-12",57074622,8,22.7999992370605,9.69999980926514,"Train"
"66952","2000-12-01",-104.42379,32.830315,"2000-12-01","/home/ecologia/Documents/Lorena/capas/WorldClim_1970-2020_monthly_recortado/2000-12",40633165,12,14.1000003814697,-3.90000009536743,"Test"
"66953","2000-12-01",-104.01634,20.725912,"2000-12-01","/home/ecologia/Documents/Lorena/capas/WorldClim_1970-2020_monthly_recortado/2000-12",56516642,12,26,7.5,"Train"
"66954","2000-12-01",-83.99189,35.90849,"2000-12-01","/home/ecologia/Documents/Lorena/capas/WorldClim_1970-2020_monthly_recortado/2000-12",36588186,108,10.6000003814697,-1.20000004768372,"Train"
"66955","2000-12-01",-80.140175,41.882046,"2000-12-01","/home/ecologia/Documents/Lorena/capas/WorldClim_1970-2020_monthly_recortado/2000-12",28756325,95,2.20000004768372,-5.19999980926514,"Train"
"66956","2000-12-01",-104.68681,24.026648,"2000-12-01","/home/ecologia/Documents/Lorena/capas/WorldClim_1970-2020_monthly_recortado/2000-12",52184717,19,21.3999996185303,3.40000009536743,"Train"
"66957","2000-12-01",-95.43406,29.045872,"2000-12-01","/home/ecologia/Documents/Lorena/capas/WorldClim_1970-2020_monthly_recortado/2000-12",45600549,97,18.7999992370605,8.39999961853027,"Test"
"66958","2000-12-01",-82.592064,36.38944,"2000-12-01","/home/ecologia/Documents/Lorena/capas/WorldClim_1970-2020_monthly_recortado/2000-12",35964831,88,9.30000019073486,-2.59999990463257,"Train"
"66959","2000-12-01",-86.724785,36.166355,"2000-12-01","/home/ecologia/Documents/Lorena/capas/WorldClim_1970-2020_monthly_recortado/2000-12",36259689,120,10.6999998092651,-0.899999976158142,"Test"
"66960","2000-12-01",-98.09901,30.465626,"2000-12-01","/home/ecologia/Documents/Lorena/capas/WorldClim_1970-2020_monthly_recortado/2000-12",43740600,46,16.2999992370605,3.79999995231628,"Train"
"66961","2000-12-01",-92.49444,34.716667,"2000-12-01","/home/ecologia/Documents/Lorena/capas/WorldClim_1970-2020_monthly_recortado/2000-12",38151443,125,11.3999996185303,0.200000002980232,"Train"
"66962","2000-12-01",-97.397446,27.800543,"2000-12-01","/home/ecologia/Documents/Lorena/capas/WorldClim_1970-2020_monthly_recortado/2000-12",47230225,41,20,10.3999996185303,"Train"
"66963","2000-12-01",-124.27689,42.04767,"2000-12-01","/home/ecologia/Documents/Lorena/capas/WorldClim_1970-2020_monthly_recortado/2000-12",28532248,323,11.8999996185303,4.09999990463257,"Train"
"66964","2000-12-01",-73.21877,41.256783,"2000-12-01","/home/ecologia/Documents/Lorena/capas/WorldClim_1970-2020_monthly_recortado/2000-12",29577580,106,5,-3.90000009536743,"Train"
"66965","2000-12-01",-98.196396,18.881205,"2000-12-01","/home/ecologia/Documents/Lorena/capas/WorldClim_1970-2020_monthly_recortado/2000-12",58945798,4,23.5,6.09999990463257,"Train"
"66966","2000-12-01",-76.61165,40.39112,"2000-12-01","/home/ecologia/Documents/Lorena/capas/WorldClim_1970-2020_monthly_recortado/2000-12",30714829,82,5.59999990463257,-3.5,"Test"
"66967","2000-12-01",-86.8872,36.84534,"2000-12-01","/home/ecologia/Documents/Lorena/capas/WorldClim_1970-2020_monthly_recortado/2000-12",35362671,124,9.10000038146973,-1.60000002384186,"Train"
"66968","2000-12-01",-74.946266,38.96066,"2000-12-01","/home/ecologia/Documents/Lorena/capas/WorldClim_1970-2020_monthly_recortado/2000-12",32585598,90,8.69999980926514,-0.200000002980232,"Test"
"66969","2000-12-01",-92.08085,30.155787,"2000-12-01","/home/ecologia/Documents/Lorena/capas/WorldClim_1970-2020_monthly_recortado/2000-12",44146065,140,17.7999992370605,6.30000019073486,"Test"
"66970","2000-12-01",-97.14721,32.855503,"2000-12-01","/home/ecologia/Documents/Lorena/capas/WorldClim_1970-2020_monthly_recortado/2000-12",40601221,50,14.6000003814697,2.59999990463257,"Train"
"66971","2000-12-01",-90.496895,30.079678,"2000-12-01","/home/ecologia/Documents/Lorena/capas/WorldClim_1970-2020_monthly_recortado/2000-12",44244706,137,18.3999996185303,6.59999990463257,"Train"
"66972","2000-12-01",-98.22503,26.251469,"2000-12-01","/home/ecologia/Documents/Lorena/capas/WorldClim_1970-2020_monthly_recortado/2000-12",49264779,29,22.1000003814697,10.3999996185303,"Train"
"66973","2000-12-01",-98.269615,26.236189,"2000-12-01","/home/ecologia/Documents/Lorena/capas/WorldClim_1970-2020_monthly_recortado/2000-12",49286652,28,22.1000003814697,10.3000001907349,"Train"
"66974","2000-12-01",-74.49816,40.64737,"2000-12-01","/home/ecologia/Documents/Lorena/capas/WorldClim_1970-2020_monthly_recortado/2000-12",30375974,98,5.80000019073486,-3.59999990463257,"Test"
"66975","2000-12-01",-86.070564,42.790146,"2000-12-01","/home/ecologia/Documents/Lorena/capas/WorldClim_1970-2020_monthly_recortado/2000-12",27563262,79,1.70000004768372,-5.59999990463257,"Train"
"66976","2000-12-01",-103.62103,19.644709,"2000-12-01","/home/ecologia/Documents/Lorena/capas/WorldClim_1970-2020_monthly_recortado/2000-12",57938759,16,18.2999992370605,5.30000019073486,"Train"
"66977","2000-12-01",-105.298676,20.512892,"2000-12-01","/home/ecologia/Documents/Lorena/capas/WorldClim_1970-2020_monthly_recortado/2000-12",56800902,24,27.8999996185303,14.1999998092651,"Train"
"66978","2000-12-01",-104.097,30.61738,"2000-12-01","/home/ecologia/Documents/Lorena/capas/WorldClim_1970-2020_monthly_recortado/2000-12",43532039,15,13.1999998092651,-0.699999988079071,"Train"
"66979","2000-12-01",-97.63107,26.13255,"2000-12-01","/home/ecologia/Documents/Lorena/capas/WorldClim_1970-2020_monthly_recortado/2000-12",49428936,34,21.5,10.5,"Train"
"66980","2000-12-01",-82.065216,33.50854,"2000-12-01","/home/ecologia/Documents/Lorena/capas/WorldClim_1970-2020_monthly_recortado/2000-12",39738850,95,15.5,1.70000004768372,"Train"
"66981","2000-12-01",-100.59983,30.859798,"2000-12-01","/home/ecologia/Documents/Lorena/capas/WorldClim_1970-2020_monthly_recortado/2000-12",43215228,21,15.6999998092651,0,"Train"
"66982","2000-12-01",-87.8883,30.57364,"2000-12-01","/home/ecologia/Documents/Lorena/capas/WorldClim_1970-2020_monthly_recortado/2000-12",43599618,113,17.2999992370605,6.30000019073486,"Train"
"66983","2000-12-01",-81.185905,35.818417,"2000-12-01","/home/ecologia/Documents/Lorena/capas/WorldClim_1970-2020_monthly_recortado/2000-12",36708852,92,11.5,-1.5,"Train"
"66984","2000-12-01",-95.35962,28.95415,"2000-12-01","/home/ecologia/Documents/Lorena/capas/WorldClim_1970-2020_monthly_recortado/2000-12",45720887,94,18.7000007629395,8.89999961853027,"Test"
"66985","2000-12-01",-76.953255,35.492565,"2000-12-01","/home/ecologia/Documents/Lorena/capas/WorldClim_1970-2020_monthly_recortado/2000-12",37135981,87,13.6999998092651,1.70000004768372,"Train"
"66986","2000-12-01",-96.25579,29.95041,"2000-12-01","/home/ecologia/Documents/Lorena/capas/WorldClim_1970-2020_monthly_recortado/2000-12",44408100,78,18.1000003814697,5.19999980926514,"Train"
"66987","2000-12-01",-97.60558,32.701855,"2000-12-01","/home/ecologia/Documents/Lorena/capas/WorldClim_1970-2020_monthly_recortado/2000-12",40798068,49,14.5,1.39999997615814,"Train"
"66988","2000-12-01",-95.54287,29.560678,"2000-12-01","/home/ecologia/Documents/Lorena/capas/WorldClim_1970-2020_monthly_recortado/2000-12",44922318,87,18.5,6.90000009536743,"Train"
"66989","2000-12-01",-72.60783,42.14869,"2000-12-01","/home/ecologia/Documents/Lorena/capas/WorldClim_1970-2020_monthly_recortado/2000-12",28407181,96,4.5,-5.90000009536743,"Train"
"66990","2000-12-01",-84.77141,29.784746,"2000-12-01","/home/ecologia/Documents/Lorena/capas/WorldClim_1970-2020_monthly_recortado/2000-12",44628258,98,18.5,7.40000009536743,"Train"
"66991","2000-12-01",-106.61083,24.403305,"2000-12-01","/home/ecologia/Documents/Lorena/capas/WorldClim_1970-2020_monthly_recortado/2000-12",51692231,49,27.5,13.3000001907349,"Test"
"66992","2000-12-01",-98.44228,29.835007,"2000-12-01","/home/ecologia/Documents/Lorena/capas/WorldClim_1970-2020_monthly_recortado/2000-12",44560983,50,16.3999996185303,3.59999990463257,"Train"
"66993","2000-12-01",-83.707436,32.872036,"2000-12-01","/home/ecologia/Documents/Lorena/capas/WorldClim_1970-2020_monthly_recortado/2000-12",40580956,108,15.6999998092651,2.79999995231628,"Train"
"66994","2000-12-01",-97.69014,30.451103,"2000-12-01","/home/ecologia/Documents/Lorena/capas/WorldClim_1970-2020_monthly_recortado/2000-12",43751588,51,16.6000003814697,4.19999980926514,"Train"
"66995","2000-12-01",-76.827995,39.50813,"2000-12-01","/home/ecologia/Documents/Lorena/capas/WorldClim_1970-2020_monthly_recortado/2000-12",31874337,88,6.5,-2.79999995231628,"Train"
"66996","2000-12-01",-90.03485,30.480782,"2000-12-01","/home/ecologia/Documents/Lorena/capas/WorldClim_1970-2020_monthly_recortado/2000-12",43719689,133,17.7999992370605,5.5,"Train"
"66997","2000-12-01",-106.6661,31.962685,"2000-12-01","/home/ecologia/Documents/Lorena/capas/WorldClim_1970-2020_monthly_recortado/2000-12",41770552,17,14.8000001907349,-2.09999990463257,"Test"
"66998","2000-12-01",-106.45706,31.85147,"2000-12-01","/home/ecologia/Documents/Lorena/capas/WorldClim_1970-2020_monthly_recortado/2000-12",41912784,19,14.3000001907349,-0.400000005960464,"Train"
"66999","2000-12-01",-95.7406,30.1286,"2000-12-01","/home/ecologia/Documents/Lorena/capas/WorldClim_1970-2020_monthly_recortado/2000-12",44178443,92,17.2999992370605,5.5,"Train"
"67000","2000-12-01",-79.01037,38.051575,"2000-12-01","/home/ecologia/Documents/Lorena/capas/WorldClim_1970-2020_monthly_recortado/2000-12",33777461,73,8.30000019073486,-3.59999990463257,"Test"
"67001","2000-12-01",-90.33729,30.67939,"2000-12-01","/home/ecologia/Documents/Lorena/capas/WorldClim_1970-2020_monthly_recortado/2000-12",43457117,147,17.7999992370605,4.59999990463257,"Train"
"67002","2000-12-01",-96.62635,17.13118,"2000-12-01","/home/ecologia/Documents/Lorena/capas/WorldClim_1970-2020_monthly_recortado/2000-12",61243176,12,21.1000003814697,8.39999961853027,"Train"
"67003","2000-12-01",-94.28241,30.212261,"2000-12-01","/home/ecologia/Documents/Lorena/capas/WorldClim_1970-2020_monthly_recortado/2000-12",44069228,127,17.1000003814697,5.40000009536743,"Train"
"67004","2000-12-01",-123.42182,48.600048,"2000-12-01","/home/ecologia/Documents/Lorena/capas/WorldClim_1970-2020_monthly_recortado/2000-12",19923358,147,6.40000009536743,1.20000004768372,"Train"
"67005","2000-12-01",-97.50534,28.978535,"2000-12-01","/home/ecologia/Documents/Lorena/capas/WorldClim_1970-2020_monthly_recortado/2000-12",45687813,48,19.8999996185303,7,"Test"
"67006","2000-12-01",-96.594894,17.163157,"2000-12-01","/home/ecologia/Documents/Lorena/capas/WorldClim_1970-2020_monthly_recortado/2000-12",61199424,19,15.8999996185303,6,"Train"
"67007","2000-12-01",-95.45165,29.699522,"2000-12-01","/home/ecologia/Documents/Lorena/capas/WorldClim_1970-2020_monthly_recortado/2000-12",44747305,89,18.8999996185303,7.5,"Train"
"67008","2000-12-01",-98.38127,32.980087,"2000-12-01","/home/ecologia/Documents/Lorena/capas/WorldClim_1970-2020_monthly_recortado/2000-12",40436988,39,13.8000001907349,0.400000005960464,"Train"
"67009","2000-12-01",-93.25079,37.26668,"2000-12-01","/home/ecologia/Documents/Lorena/capas/WorldClim_1970-2020_monthly_recortado/2000-12",34804018,78,7.59999990463257,-3.5,"Test"
"67010","2000-12-01",-91.12699,30.44761,"2000-12-01","/home/ecologia/Documents/Lorena/capas/WorldClim_1970-2020_monthly_recortado/2000-12",43763314,136,18,6,"Test"
"67011","2000-12-01",-82.90216,29.959045,"2000-12-01","/home/ecologia/Documents/Lorena/capas/WorldClim_1970-2020_monthly_recortado/2000-12",44398763,86,20.3999996185303,6,"Train"
"67012","2000-12-01",-93.52959,35.11119,"2000-12-01","/home/ecologia/Documents/Lorena/capas/WorldClim_1970-2020_monthly_recortado/2000-12",37637186,106,11.1000003814697,-0.899999976158142,"Train"
"67013","2000-12-01",-77.01407,39.066116,"2000-12-01","/home/ecologia/Documents/Lorena/capas/WorldClim_1970-2020_monthly_recortado/2000-12",32454082,85,8.30000019073486,-1.89999997615814,"Train"
"67014","2000-12-01",-92.77827,36.14427,"2000-12-01","/home/ecologia/Documents/Lorena/capas/WorldClim_1970-2020_monthly_recortado/2000-12",36280840,94,9.69999980926514,-2.29999995231628,"Train"
"67015","2000-12-01",-84.16423,39.1782,"2000-12-01","/home/ecologia/Documents/Lorena/capas/WorldClim_1970-2020_monthly_recortado/2000-12",32300078,81,5.5,-3.79999995231628,"Test"
"67016","2000-12-01",-81.71478,40.401936,"2000-12-01","/home/ecologia/Documents/Lorena/capas/WorldClim_1970-2020_monthly_recortado/2000-12",30692339,73,4,-4.69999980926514,"Train"
"67017","2000-12-01",-90.77593,30.002865,"2000-12-01","/home/ecologia/Documents/Lorena/capas/WorldClim_1970-2020_monthly_recortado/2000-12",44343123,139,18.2999992370605,6.5,"Test"
"67018","2000-12-01",-95.515656,29.663754,"2000-12-01","/home/ecologia/Documents/Lorena/capas/WorldClim_1970-2020_monthly_recortado/2000-12",44791054,88,19,7.40000009536743,"Train"
"67019","2000-12-01",-98.08307,30.64091,"2000-12-01","/home/ecologia/Documents/Lorena/capas/WorldClim_1970-2020_monthly_recortado/2000-12",43510883,45,15.8999996185303,3,"Train"
"67020","2000-12-01",-77.81955,40.809708,"2000-12-01","/home/ecologia/Documents/Lorena/capas/WorldClim_1970-2020_monthly_recortado/2000-12",30156795,72,3.79999995231628,-4.90000009536743,"Train"
"67021","2000-12-01",-95.74333,29.655685,"2000-12-01","/home/ecologia/Documents/Lorena/capas/WorldClim_1970-2020_monthly_recortado/2000-12",44801965,83,18.5,6.30000019073486,"Train"
"67022","2000-12-01",-99.94547,20.74871,"2000-12-01","/home/ecologia/Documents/Lorena/capas/WorldClim_1970-2020_monthly_recortado/2000-12",56495252,6,21.7000007629395,5.80000019073486,"Train"
"67023","2000-12-01",-95.6743,30.1872,"2000-12-01","/home/ecologia/Documents/Lorena/capas/WorldClim_1970-2020_monthly_recortado/2000-12",44101878,93,17.2999992370605,5.5,"Train"
"67024","2000-12-01",-100.51387,31.43586,"2000-12-01","/home/ecologia/Documents/Lorena/capas/WorldClim_1970-2020_monthly_recortado/2000-12",42460447,22,15.8999996185303,0.300000011920929,"Train"
"67025","2000-12-01",-90.10143,29.86642,"2000-12-01","/home/ecologia/Documents/Lorena/capas/WorldClim_1970-2020_monthly_recortado/2000-12",44529167,125,19,7.5,"Train"
"67026","2000-12-01",-80.24633,26.678896,"2000-12-01","/home/ecologia/Documents/Lorena/capas/WorldClim_1970-2020_monthly_recortado/2000-12",48709048,59,24.7999992370605,14.8000001907349,"Train"
"67027","2000-12-01",-97.9069,30.3921,"2000-12-01","/home/ecologia/Documents/Lorena/capas/WorldClim_1970-2020_monthly_recortado/2000-12",43828135,48,16.3999996185303,5.19999980926514,"Train"
"67028","2000-12-01",-84.009384,30.400011,"2000-12-01","/home/ecologia/Documents/Lorena/capas/WorldClim_1970-2020_monthly_recortado/2000-12",43818863,106,18.6000003814697,5.09999990463257,"Train"
"67029","2000-12-01",-77.00682,38.972,"2000-12-01","/home/ecologia/Documents/Lorena/capas/WorldClim_1970-2020_monthly_recortado/2000-12",32574412,83,8.69999980926514,-1.5,"Train"
"67030","2000-12-01",-87.767845,30.53094,"2000-12-01","/home/ecologia/Documents/Lorena/capas/WorldClim_1970-2020_monthly_recortado/2000-12",43654327,117,17.8999996185303,5.59999990463257,"Train"
"67031","2000-12-01",-76.30865,43.22497,"2000-12-01","/home/ecologia/Documents/Lorena/capas/WorldClim_1970-2020_monthly_recortado/2000-12",26995605,91,1.60000002384186,-5.90000009536743,"Test"
"67032","2000-12-01",-95.22873,29.561478,"2000-12-01","/home/ecologia/Documents/Lorena/capas/WorldClim_1970-2020_monthly_recortado/2000-12",44922356,92,18.1000003814697,7.69999980926514,"Train"
"67033","2000-12-01",-79.06461,35.9536,"2000-12-01","/home/ecologia/Documents/Lorena/capas/WorldClim_1970-2020_monthly_recortado/2000-12",36534083,83,12.1999998092651,-0.400000005960464,"Train"
"67034","2000-12-01",-84.66966,39.00089,"2000-12-01","/home/ecologia/Documents/Lorena/capas/WorldClim_1970-2020_monthly_recortado/2000-12",32529736,84,6.09999990463257,-3.59999990463257,"Test"
"67035","2000-12-01",-97.85408,27.518778,"2000-12-01","/home/ecologia/Documents/Lorena/capas/WorldClim_1970-2020_monthly_recortado/2000-12",47602096,33,20.7999992370605,8.80000019073486,"Train"
"67036","2000-12-01",-84.27316,33.766064,"2000-12-01","/home/ecologia/Documents/Lorena/capas/WorldClim_1970-2020_monthly_recortado/2000-12",39410415,109,12.6999998092651,1.89999997615814,"Test"
"67037","2000-12-01",-87.291245,30.48004,"2000-12-01","/home/ecologia/Documents/Lorena/capas/WorldClim_1970-2020_monthly_recortado/2000-12",43720019,107,17.7000007629395,6.5,"Train"
"67038","2000-12-01",-95.99972,29.693897,"2000-12-01","/home/ecologia/Documents/Lorena/capas/WorldClim_1970-2020_monthly_recortado/2000-12",44747240,79,18.5,6,"Train"
"67039","2000-12-01",-98.251854,29.554882,"2000-12-01","/home/ecologia/Documents/Lorena/capas/WorldClim_1970-2020_monthly_recortado/2000-12",44932932,50,17.7000007629395,5,"Train"
"67040","2000-12-01",-82.052605,33.487206,"2000-12-01","/home/ecologia/Documents/Lorena/capas/WorldClim_1970-2020_monthly_recortado/2000-12",39771668,94,15.6000003814697,1.79999995231628,"Train"
"67041","2000-12-01",-95.68329,29.829079,"2000-12-01","/home/ecologia/Documents/Lorena/capas/WorldClim_1970-2020_monthly_recortado/2000-12",44572254,87,18.5,6.40000009536743,"Train"
"67042","2000-12-01",-93.240204,30.15613,"2000-12-01","/home/ecologia/Documents/Lorena/capas/WorldClim_1970-2020_monthly_recortado/2000-12",44145926,133,17.5,6.30000019073486,"Train"
"67043","2000-12-01",-85.35113,42.93484,"2000-12-01","/home/ecologia/Documents/Lorena/capas/WorldClim_1970-2020_monthly_recortado/2000-12",27366446,67,1.39999997615814,-6.19999980926514,"Train"
"67044","2000-12-01",-74.93239,38.96342,"2000-12-01","/home/ecologia/Documents/Lorena/capas/WorldClim_1970-2020_monthly_recortado/2000-12",32585600,89,8.69999980926514,-0.200000002980232,"Train"
"67045","2000-12-01",-91.06495,30.403198,"2000-12-01","/home/ecologia/Documents/Lorena/capas/WorldClim_1970-2020_monthly_recortado/2000-12",43818017,139,18.2000007629395,5.90000009536743,"Train"
"67046","2000-12-01",-86.462234,30.50249,"2000-12-01","/home/ecologia/Documents/Lorena/capas/WorldClim_1970-2020_monthly_recortado/2000-12",43687301,111,17.8999996185303,6.40000009536743,"Train"
"67047","2000-12-01",-86.382164,36.96506,"2000-12-01","/home/ecologia/Documents/Lorena/capas/WorldClim_1970-2020_monthly_recortado/2000-12",35209586,125,9.10000038146973,-1.70000004768372,"Train"
"67048","2000-12-01",-103.567795,19.613722,"2000-12-01","/home/ecologia/Documents/Lorena/capas/WorldClim_1970-2020_monthly_recortado/2000-12",57982521,21,16.2000007629395,4.5,"Test"
"67049","2000-12-01",-100.9659,20.334326,"2000-12-01","/home/ecologia/Documents/Lorena/capas/WorldClim_1970-2020_monthly_recortado/2000-12",57031141,7,20.7999992370605,5.90000009536743,"Train"
"67050","2000-12-01",-110.99006,31.492044,"2000-12-01","/home/ecologia/Documents/Lorena/capas/WorldClim_1970-2020_monthly_recortado/2000-12",42382617,41,19.1000003814697,0.5,"Train"
"67051","2000-12-01",-76.954796,39.527092,"2000-12-01","/home/ecologia/Documents/Lorena/capas/WorldClim_1970-2020_monthly_recortado/2000-12",31841505,85,6.5,-2.90000009536743,"Train"
"67052","2000-12-01",-77.15089,45.517567,"2000-12-01","/home/ecologia/Documents/Lorena/capas/WorldClim_1970-2020_monthly_recortado/2000-12",23976340,65,-3,-12.3000001907349,"Train"
"67053","2000-12-01",-98.12378,30.364151,"2000-12-01","/home/ecologia/Documents/Lorena/capas/WorldClim_1970-2020_monthly_recortado/2000-12",43871865,47,16.7000007629395,3.5,"Train"
"67054","2000-12-01",-89.448784,40.611607,"2000-12-01","/home/ecologia/Documents/Lorena/capas/WorldClim_1970-2020_monthly_recortado/2000-12",30417936,67,2.29999995231628,-6.5,"Train"
"67055","2000-12-01",-92.052185,30.186264,"2000-12-01","/home/ecologia/Documents/Lorena/capas/WorldClim_1970-2020_monthly_recortado/2000-12",44102312,140,18,6.5,"Train"
"67056","2000-12-01",-110.247505,31.420424,"2000-12-01","/home/ecologia/Documents/Lorena/capas/WorldClim_1970-2020_monthly_recortado/2000-12",42481157,41,15.8999996185303,0.800000011920929,"Test"
"67057","2000-12-01",-90.16599,29.986322,"2000-12-01","/home/ecologia/Documents/Lorena/capas/WorldClim_1970-2020_monthly_recortado/2000-12",44365075,128,19.1000003814697,7.40000009536743,"Test"
"67058","2000-12-01",-99.921684,29.754082,"2000-12-01","/home/ecologia/Documents/Lorena/capas/WorldClim_1970-2020_monthly_recortado/2000-12",44670196,27,16.2999992370605,3.09999990463257,"Train"
"67059","2000-12-01",-92.27795,35.59428,"2000-12-01","/home/ecologia/Documents/Lorena/capas/WorldClim_1970-2020_monthly_recortado/2000-12",37002874,117,9.89999961853027,-1.29999995231628,"Train"
"67060","2000-12-01",-103.70068,19.47053,"2000-12-01","/home/ecologia/Documents/Lorena/capas/WorldClim_1970-2020_monthly_recortado/2000-12",58168468,17,26.2000007629395,9.30000019073486,"Train"
"67061","2000-12-01",-104.0412,20.648048,"2000-12-01","/home/ecologia/Documents/Lorena/capas/WorldClim_1970-2020_monthly_recortado/2000-12",56626029,13,21.6000003814697,6.19999980926514,"Train"
"67062","2000-12-01",-92.34112,34.550114,"2000-12-01","/home/ecologia/Documents/Lorena/capas/WorldClim_1970-2020_monthly_recortado/2000-12",38370242,128,11.6000003814697,0.5,"Train"
"67063","2000-12-01",-94.87277,32.362846,"2000-12-01","/home/ecologia/Documents/Lorena/capas/WorldClim_1970-2020_monthly_recortado/2000-12",41246895,106,14.6999998092651,2.5,"Train"
"67064","2000-12-01",-87.80137,41.88982,"2000-12-01","/home/ecologia/Documents/Lorena/capas/WorldClim_1970-2020_monthly_recortado/2000-12",28744466,64,2,-6.09999990463257,"Test"
"67065","2000-12-01",-85.54294,38.235195,"2000-12-01","/home/ecologia/Documents/Lorena/capas/WorldClim_1970-2020_monthly_recortado/2000-12",33536019,103,7.5,-2.20000004768372,"Train"
"67066","2000-12-01",-97.87514,30.530754,"2000-12-01","/home/ecologia/Documents/Lorena/capas/WorldClim_1970-2020_monthly_recortado/2000-12",43653114,48,15.8999996185303,3.59999990463257,"Train"
"67067","2000-12-01",-95.577965,32.813538,"2000-12-01","/home/ecologia/Documents/Lorena/capas/WorldClim_1970-2020_monthly_recortado/2000-12",40656104,87,14.5,2.79999995231628,"Train"
"67068","2000-12-01",-103.520996,29.357267,"2000-12-01","/home/ecologia/Documents/Lorena/capas/WorldClim_1970-2020_monthly_recortado/2000-12",45194836,10,19.6000003814697,2.5,"Train"
"67069","2000-12-01",-94.917114,30.195013,"2000-12-01","/home/ecologia/Documents/Lorena/capas/WorldClim_1970-2020_monthly_recortado/2000-12",44091029,117,17.2999992370605,5.5,"Train"
"67070","2000-12-01",-87.43478,34.852463,"2000-12-01","/home/ecologia/Documents/Lorena/capas/WorldClim_1970-2020_monthly_recortado/2000-12",37977026,145,11.6000003814697,0.300000011920929,"Train"
"67071","2000-12-01",-99.08063,18.984657,"2000-12-01","/home/ecologia/Documents/Lorena/capas/WorldClim_1970-2020_monthly_recortado/2000-12",58803485,5,24.2000007629395,9.80000019073486,"Test"
"67072","2000-12-01",-95.72131,32.92855,"2000-12-01","/home/ecologia/Documents/Lorena/capas/WorldClim_1970-2020_monthly_recortado/2000-12",40502941,86,14,2,"Train"
"67073","2000-12-01",-104.27139,19.585932,"2000-12-01","/home/ecologia/Documents/Lorena/capas/WorldClim_1970-2020_monthly_recortado/2000-12",58015254,19,21,7.40000009536743,"Train"
"67074","2000-12-01",-95.56136,30.03316,"2000-12-01","/home/ecologia/Documents/Lorena/capas/WorldClim_1970-2020_monthly_recortado/2000-12",44309732,93,18.2000007629395,6.19999980926514,"Test"
"67075","2000-12-01",-98.11809,26.17968,"2000-12-01","/home/ecologia/Documents/Lorena/capas/WorldClim_1970-2020_monthly_recortado/2000-12",49363243,29,21.7999992370605,10.1999998092651,"Test"
"67076","2000-12-01",-105.13321,20.859385,"2000-12-01","/home/ecologia/Documents/Lorena/capas/WorldClim_1970-2020_monthly_recortado/2000-12",56341484,20,30.7999992370605,16.2000007629395,"Test"
"67077","2000-12-01",-95.28365,29.083477,"2000-12-01","/home/ecologia/Documents/Lorena/capas/WorldClim_1970-2020_monthly_recortado/2000-12",45545872,96,18.3999996185303,8.5,"Test"
"67078","2000-12-01",-81.30701,35.82573,"2000-12-01","/home/ecologia/Documents/Lorena/capas/WorldClim_1970-2020_monthly_recortado/2000-12",36697899,93,11.1999998092651,-1.5,"Train"
"67079","2000-12-01",-83.66929,32.85679,"2000-12-01","/home/ecologia/Documents/Lorena/capas/WorldClim_1970-2020_monthly_recortado/2000-12",40602838,108,15.6999998092651,3,"Test"
"67080","2000-12-01",-82.311226,29.62872,"2000-12-01","/home/ecologia/Documents/Lorena/capas/WorldClim_1970-2020_monthly_recortado/2000-12",44836394,72,20.7000007629395,7,"Train"
"67081","2000-12-01",-82.08586,33.52175,"2000-12-01","/home/ecologia/Documents/Lorena/capas/WorldClim_1970-2020_monthly_recortado/2000-12",39727908,95,15.5,1.70000004768372,"Test"
"67082","2000-12-01",-79.86886,32.782413,"2000-12-01","/home/ecologia/Documents/Lorena/capas/WorldClim_1970-2020_monthly_recortado/2000-12",40701745,79,16.2999992370605,5.80000019073486,"Train"
"67083","2000-12-01",-95.28108,29.677774,"2000-12-01","/home/ecologia/Documents/Lorena/capas/WorldClim_1970-2020_monthly_recortado/2000-12",44769204,92,18.5,7.90000009536743,"Test"
"67084","2000-12-01",-84.56961,42.647926,"2000-12-01","/home/ecologia/Documents/Lorena/capas/WorldClim_1970-2020_monthly_recortado/2000-12",27749405,57,1.20000004768372,-6.69999980926514,"Train"
"67085","2000-12-01",-102.29886,19.938375,"2000-12-01","/home/ecologia/Documents/Lorena/capas/WorldClim_1970-2020_monthly_recortado/2000-12",57556053,11,25.8999996185303,6.90000009536743,"Train"
"67086","2000-12-01",-109.13673,31.911852,"2000-12-01","/home/ecologia/Documents/Lorena/capas/WorldClim_1970-2020_monthly_recortado/2000-12",41835889,37,14.3999996185303,-2.40000009536743,"Train"
"67087","2000-12-01",-101.32957,21.26106,"2000-12-01","/home/ecologia/Documents/Lorena/capas/WorldClim_1970-2020_monthly_recortado/2000-12",55816868,12,21.6000003814697,4.69999980926514,"Test"
"67088","2000-12-01",-92.0775,30.125834,"2000-12-01","/home/ecologia/Documents/Lorena/capas/WorldClim_1970-2020_monthly_recortado/2000-12",44178882,139,17.7999992370605,6.30000019073486,"Test"
"67089","2000-12-01",-81.8431,27.8964,"2000-12-01","/home/ecologia/Documents/Lorena/capas/WorldClim_1970-2020_monthly_recortado/2000-12",47111762,57,23.3999996185303,10.6000003814697,"Train"
"67090","2000-12-01",-92.09788,30.208698,"2000-12-01","/home/ecologia/Documents/Lorena/capas/WorldClim_1970-2020_monthly_recortado/2000-12",44069490,140,17.7999992370605,6.09999990463257,"Test"
"67091","2000-12-01",-89.819244,35.304726,"2000-12-01","/home/ecologia/Documents/Lorena/capas/WorldClim_1970-2020_monthly_recortado/2000-12",37386034,134,10.5,0.400000005960464,"Train"
"67092","2000-12-01",-122.86758,49.28406,"2000-12-01","/home/ecologia/Documents/Lorena/capas/WorldClim_1970-2020_monthly_recortado/2000-12",19026426,276,5.80000019073486,1,"Train"
"67093","2000-12-01",-97.265656,31.330389,"2000-12-01","/home/ecologia/Documents/Lorena/capas/WorldClim_1970-2020_monthly_recortado/2000-12",42603044,59,15.6000003814697,3.29999995231628,"Test"
"67094","2000-12-01",-97.34255,26.216326,"2000-12-01","/home/ecologia/Documents/Lorena/capas/WorldClim_1970-2020_monthly_recortado/2000-12",49319580,37,20.1000003814697,11.3000001907349,"Test"
"67095","2000-12-01",-84.042656,39.034084,"2000-12-01","/home/ecologia/Documents/Lorena/capas/WorldClim_1970-2020_monthly_recortado/2000-12",32486055,83,5.90000009536743,-3.59999990463257,"Train"
"67096","2000-12-01",-101.13254,19.56991,"2000-12-01","/home/ecologia/Documents/Lorena/capas/WorldClim_1970-2020_monthly_recortado/2000-12",58037509,10,19.1000003814697,5.40000009536743,"Train"
"67097","2000-12-01",-90.70839,29.747011,"2000-12-01","/home/ecologia/Documents/Lorena/capas/WorldClim_1970-2020_monthly_recortado/2000-12",44682240,130,18.6000003814697,7.30000019073486,"Train"
"67098","2000-12-01",-101.353,21.002472,"2000-12-01","/home/ecologia/Documents/Lorena/capas/WorldClim_1970-2020_monthly_recortado/2000-12",56155974,10,22.6000003814697,6.5,"Test"
"67099","2000-12-01",-70.93732,43.07762,"2000-12-01","/home/ecologia/Documents/Lorena/capas/WorldClim_1970-2020_monthly_recortado/2000-12",27182213,91,3.29999995231628,-6.59999990463257,"Train"
"67100","2000-12-01",-81.98176,33.50671,"2000-12-01","/home/ecologia/Documents/Lorena/capas/WorldClim_1970-2020_monthly_recortado/2000-12",39749799,92,15.6999998092651,1.79999995231628,"Test"
"67101","2000-12-01",-87.89509,30.51906,"2000-12-01","/home/ecologia/Documents/Lorena/capas/WorldClim_1970-2020_monthly_recortado/2000-12",43665251,113,17.3999996185303,6.5,"Train"
"67102","2000-12-01",-85.05026,35.15328,"2000-12-01","/home/ecologia/Documents/Lorena/capas/WorldClim_1970-2020_monthly_recortado/2000-12",37583508,133,11.1999998092651,-0.400000005960464,"Train"
"67103","2000-12-01",-76.0153,37.269478,"2000-12-01","/home/ecologia/Documents/Lorena/capas/WorldClim_1970-2020_monthly_recortado/2000-12",34806087,86,11.1000003814697,1.70000004768372,"Train"
"67104","2000-12-01",-103.67502,19.422335,"2000-12-01","/home/ecologia/Documents/Lorena/capas/WorldClim_1970-2020_monthly_recortado/2000-12",58234105,18,25.6000003814697,9.10000038146973,"Train"
"67105","2000-12-01",-75.84315,39.564445,"2000-12-01","/home/ecologia/Documents/Lorena/capas/WorldClim_1970-2020_monthly_recortado/2000-12",31797882,91,7.80000019073486,-1.5,"Train"
"67106","2000-12-01",-97.516136,25.937563,"2000-12-01","/home/ecologia/Documents/Lorena/capas/WorldClim_1970-2020_monthly_recortado/2000-12",49680547,30,22,11.6000003814697,"Test"
"67107","2000-12-01",-82.42761,29.075241,"2000-12-01","/home/ecologia/Documents/Lorena/capas/WorldClim_1970-2020_monthly_recortado/2000-12",45558354,70,21.7999992370605,7.80000019073486,"Test"
"67108","2000-12-01",-98.52389,20.44453,"2000-12-01","/home/ecologia/Documents/Lorena/capas/WorldClim_1970-2020_monthly_recortado/2000-12",56889227,13,20.2999992370605,5.90000009536743,"Test"
"67109","2000-12-01",-95.678444,29.697687,"2000-12-01","/home/ecologia/Documents/Lorena/capas/WorldClim_1970-2020_monthly_recortado/2000-12",44747278,85,18.5,6.59999990463257,"Train"
"67110","2000-12-01",-76.85673,41.08098,"2000-12-01","/home/ecologia/Documents/Lorena/capas/WorldClim_1970-2020_monthly_recortado/2000-12",29806863,75,4.09999990463257,-4.69999980926514,"Train"
"67111","2000-12-01",-111.000786,31.866655,"2000-12-01","/home/ecologia/Documents/Lorena/capas/WorldClim_1970-2020_monthly_recortado/2000-12",41901299,34,18.1000003814697,2.09999990463257,"Test"
"67112","2000-12-01",-104.346634,19.623728,"2000-12-01","/home/ecologia/Documents/Lorena/capas/WorldClim_1970-2020_monthly_recortado/2000-12",57971489,15,25,9.89999961853027,"Train"
"67113","2000-12-01",-96.508995,29.850903,"2000-12-01","/home/ecologia/Documents/Lorena/capas/WorldClim_1970-2020_monthly_recortado/2000-12",44539337,75,18,5.09999990463257,"Train"
"67114","2000-12-01",-87.30907,30.484547,"2000-12-01","/home/ecologia/Documents/Lorena/capas/WorldClim_1970-2020_monthly_recortado/2000-12",43709077,107,17.6000003814697,6.40000009536743,"Train"
"67115","2000-12-01",-76.32447,39.403206,"2000-12-01","/home/ecologia/Documents/Lorena/capas/WorldClim_1970-2020_monthly_recortado/2000-12",32005666,93,7.59999990463257,-1,"Train"
"67116","2000-12-01",-91.015785,30.324501,"2000-12-01","/home/ecologia/Documents/Lorena/capas/WorldClim_1970-2020_monthly_recortado/2000-12",43927413,136,17.8999996185303,5.90000009536743,"Train"
"67117","2000-12-01",-106.008156,23.31382,"2000-12-01","/home/ecologia/Documents/Lorena/capas/WorldClim_1970-2020_monthly_recortado/2000-12",53125313,31,28.5,14.1999998092651,"Train"
"67118","2000-12-01",-95.39721,29.061422,"2000-12-01","/home/ecologia/Documents/Lorena/capas/WorldClim_1970-2020_monthly_recortado/2000-12",45578676,97,18.7999992370605,8.5,"Train"
"67119","2000-12-01",-95.79051,29.912107,"2000-12-01","/home/ecologia/Documents/Lorena/capas/WorldClim_1970-2020_monthly_recortado/2000-12",44462851,88,18.1000003814697,5.69999980926514,"Train"
"67120","2000-12-01",-98.21216,26.265318,"2000-12-01","/home/ecologia/Documents/Lorena/capas/WorldClim_1970-2020_monthly_recortado/2000-12",49253842,29,22.2999992370605,10.5,"Test"
"67121","2000-12-01",-104.56989,23.935797,"2000-12-01","/home/ecologia/Documents/Lorena/capas/WorldClim_1970-2020_monthly_recortado/2000-12",52305060,18,21.3999996185303,2.40000009536743,"Train"
"67122","2000-12-01",-81.46061,35.944675,"2000-12-01","/home/ecologia/Documents/Lorena/capas/WorldClim_1970-2020_monthly_recortado/2000-12",36544734,90,11.1000003814697,-1.79999995231628,"Test"
"67123","2000-12-01",-79.796524,40.39943,"2000-12-01","/home/ecologia/Documents/Lorena/capas/WorldClim_1970-2020_monthly_recortado/2000-12",30703508,72,6,-3.90000009536743,"Test"
"67124","2000-12-01",-76.38399,44.43231,"2000-12-01","/home/ecologia/Documents/Lorena/capas/WorldClim_1970-2020_monthly_recortado/2000-12",25409441,80,-0.300000011920929,-8.80000019073486,"Test"
"67125","2000-12-01",-76.72371,40.210506,"2000-12-01","/home/ecologia/Documents/Lorena/capas/WorldClim_1970-2020_monthly_recortado/2000-12",30944535,82,6,-3.20000004768372,"Train"
"67126","2000-12-01",-100.456215,20.798637,"2000-12-01","/home/ecologia/Documents/Lorena/capas/WorldClim_1970-2020_monthly_recortado/2000-12",56429557,9,22.5,4.80000019073486,"Train"
"67127","2000-12-01",-96.49331,16.078146,"2000-12-01","/home/ecologia/Documents/Lorena/capas/WorldClim_1970-2020_monthly_recortado/2000-12",62621506,10,20.7000007629395,9.69999980926514,"Train"
"67128","2000-12-01",-95.71525,29.769215,"2000-12-01","/home/ecologia/Documents/Lorena/capas/WorldClim_1970-2020_monthly_recortado/2000-12",44648823,85,18.6000003814697,6.59999990463257,"Test"
"67129","2000-12-01",-103.60478,19.53804,"2000-12-01","/home/ecologia/Documents/Lorena/capas/WorldClim_1970-2020_monthly_recortado/2000-12",58080968,28,14.3000001907349,1.89999997615814,"Test"
"67130","2000-12-01",-101.34045,19.62013,"2000-12-01","/home/ecologia/Documents/Lorena/capas/WorldClim_1970-2020_monthly_recortado/2000-12",57971850,10,20.2999992370605,4.59999990463257,"Test"
"67131","2000-12-01",-81.6364,41.18886,"2000-12-01","/home/ecologia/Documents/Lorena/capas/WorldClim_1970-2020_monthly_recortado/2000-12",29664082,78,3.09999990463257,-4.69999980926514,"Train"
"67132","2000-12-01",-98.75256,19.151802,"2000-12-01","/home/ecologia/Documents/Lorena/capas/WorldClim_1970-2020_monthly_recortado/2000-12",58584744,6,19.8999996185303,4.09999990463257,"Test"
"67133","2000-12-01",-103.89446,30.58826,"2000-12-01","/home/ecologia/Documents/Lorena/capas/WorldClim_1970-2020_monthly_recortado/2000-12",43575819,14,15.8999996185303,-1.29999995231628,"Test"
"67134","2000-12-01",-98.12729,30.312815,"2000-12-01","/home/ecologia/Documents/Lorena/capas/WorldClim_1970-2020_monthly_recortado/2000-12",43937498,48,16.3999996185303,3.70000004768372,"Test"
"67135","2000-12-01",-82.24239,27.945993,"2000-12-01","/home/ecologia/Documents/Lorena/capas/WorldClim_1970-2020_monthly_recortado/2000-12",47046080,62,23.1000003814697,10.8999996185303,"Test"
"67136","2000-12-01",-95.34086,28.947903,"2000-12-01","/home/ecologia/Documents/Lorena/capas/WorldClim_1970-2020_monthly_recortado/2000-12",45731829,93,18.6000003814697,9.10000038146973,"Train"
"67137","2000-12-01",-102.3995,30.144827,"2000-12-01","/home/ecologia/Documents/Lorena/capas/WorldClim_1970-2020_monthly_recortado/2000-12",44155766,12,16.7999992370605,0.699999988079071,"Train"
"67138","2000-12-01",-98.052864,27.767502,"2000-12-01","/home/ecologia/Documents/Lorena/capas/WorldClim_1970-2020_monthly_recortado/2000-12",47273902,30,20.7999992370605,8.19999980926514,"Train"
"67139","2000-12-01",-77.81153,39.433277,"2000-12-01","/home/ecologia/Documents/Lorena/capas/WorldClim_1970-2020_monthly_recortado/2000-12",31972670,71,7,-3.09999990463257,"Test"
"67140","2000-12-01",-87.57477,34.826077,"2000-12-01","/home/ecologia/Documents/Lorena/capas/WorldClim_1970-2020_monthly_recortado/2000-12",38009827,144,12,0.800000011920929,"Train"
"67141","2000-12-01",-105.310745,20.433344,"2000-12-01","/home/ecologia/Documents/Lorena/capas/WorldClim_1970-2020_monthly_recortado/2000-12",56899351,30,27.7999992370605,11.6000003814697,"Train"
"67142","2000-12-01",-72.46983,41.904,"2000-12-01","/home/ecologia/Documents/Lorena/capas/WorldClim_1970-2020_monthly_recortado/2000-12",28724428,100,4.40000009536743,-5.69999980926514,"Train"
"67143","2000-12-01",-103.91466,19.407505,"2000-12-01","/home/ecologia/Documents/Lorena/capas/WorldClim_1970-2020_monthly_recortado/2000-12",58255955,18,19.3999996185303,6.09999990463257,"Train"
"67144","2000-12-01",-80.61802,28.100529,"2000-12-01","/home/ecologia/Documents/Lorena/capas/WorldClim_1970-2020_monthly_recortado/2000-12",46838434,46,23.1000003814697,12.5,"Train"
"67145","2000-12-01",-90.44932,30.44575,"2000-12-01","/home/ecologia/Documents/Lorena/capas/WorldClim_1970-2020_monthly_recortado/2000-12",43763396,141,18,5.59999990463257,"Train"
"67146","2000-12-01",-103.61893,29.311548,"2000-12-01","/home/ecologia/Documents/Lorena/capas/WorldClim_1970-2020_monthly_recortado/2000-12",45249519,10,19,2.5,"Test"
"67147","2000-12-01",-98.088,30.613096,"2000-12-01","/home/ecologia/Documents/Lorena/capas/WorldClim_1970-2020_monthly_recortado/2000-12",43543699,45,16,3.09999990463257,"Train"
"67148","2000-12-01",-103.56389,19.538055,"2000-12-01","/home/ecologia/Documents/Lorena/capas/WorldClim_1970-2020_monthly_recortado/2000-12",58080973,24,17.2000007629395,4.90000009536743,"Train"
"67149","2000-12-01",-96.002785,29.907404,"2000-12-01","/home/ecologia/Documents/Lorena/capas/WorldClim_1970-2020_monthly_recortado/2000-12",44473764,82,18.1000003814697,5.69999980926514,"Train"
"67150","2000-12-01",-97.10562,28.021217,"2000-12-01","/home/ecologia/Documents/Lorena/capas/WorldClim_1970-2020_monthly_recortado/2000-12",46945846,48,19.2999992370605,9.89999961853027,"Test"
"67151","2000-12-01",-123.09461,44.02497,"2000-12-01","/home/ecologia/Documents/Lorena/capas/WorldClim_1970-2020_monthly_recortado/2000-12",25939847,219,8.10000038146973,1.29999995231628,"Test"
"67152","2000-12-01",-93.177185,36.27439,"2000-12-01","/home/ecologia/Documents/Lorena/capas/WorldClim_1970-2020_monthly_recortado/2000-12",36116707,86,9.30000019073486,-2.20000004768372,"Test"
"67153","2000-12-01",-100.79571,31.291721,"2000-12-01","/home/ecologia/Documents/Lorena/capas/WorldClim_1970-2020_monthly_recortado/2000-12",42646376,22,15.6000003814697,-0.200000002980232,"Test"
"67154","2000-12-01",-96.64866,17.09946,"2000-12-01","/home/ecologia/Documents/Lorena/capas/WorldClim_1970-2020_monthly_recortado/2000-12",61286930,6,25.8999996185303,9.89999961853027,"Test"
"67155","2000-12-01",-79.48808,33.735573,"2000-12-01","/home/ecologia/Documents/Lorena/capas/WorldClim_1970-2020_monthly_recortado/2000-12",39443806,89,15.6999998092651,2.40000009536743,"Train"
"67156","2000-12-01",-76.86582,39.325897,"2000-12-01","/home/ecologia/Documents/Lorena/capas/WorldClim_1970-2020_monthly_recortado/2000-12",32104052,88,7.40000009536743,-2.29999995231628,"Train"
"67157","2000-12-01",-98.42552,29.65125,"2000-12-01","/home/ecologia/Documents/Lorena/capas/WorldClim_1970-2020_monthly_recortado/2000-12",44801643,50,16.7000007629395,4.69999980926514,"Train"
"67158","2000-12-01",-84.79906,37.552315,"2000-12-01","/home/ecologia/Documents/Lorena/capas/WorldClim_1970-2020_monthly_recortado/2000-12",34433107,115,7.90000009536743,-2.20000004768372,"Train"
"67159","2000-12-01",-77.39342,40.492695,"2000-12-01","/home/ecologia/Documents/Lorena/capas/WorldClim_1970-2020_monthly_recortado/2000-12",30572528,77,4.80000019073486,-4,"Train"
"67160","2000-12-01",-85.53867,42.37706,"2000-12-01","/home/ecologia/Documents/Lorena/capas/WorldClim_1970-2020_monthly_recortado/2000-12",28099337,69,1.5,-6.19999980926514,"Train"
"67161","2000-12-01",-99.90505,32.75996,"2000-12-01","/home/ecologia/Documents/Lorena/capas/WorldClim_1970-2020_monthly_recortado/2000-12",40721219,27,14.6000003814697,0.699999988079071,"Train"
"67162","2000-12-01",-119.52782,34.407043,"2000-12-01","/home/ecologia/Documents/Lorena/capas/WorldClim_1970-2020_monthly_recortado/2000-12",38563881,58,18.5,6.09999990463257,"Test"
"67163","2000-12-01",-97.7522,30.57218,"2000-12-01","/home/ecologia/Documents/Lorena/capas/WorldClim_1970-2020_monthly_recortado/2000-12",43598434,50,16.1000003814697,3.5,"Train"
"67164","2000-12-01",-90.11896,30.017828,"2000-12-01","/home/ecologia/Documents/Lorena/capas/WorldClim_1970-2020_monthly_recortado/2000-12",44321324,129,18.7000007629395,7.5,"Train"
"67165","2000-12-01",-103.303024,20.334244,"2000-12-01","/home/ecologia/Documents/Lorena/capas/WorldClim_1970-2020_monthly_recortado/2000-12",57030860,9,21.1000003814697,7.19999980926514,"Train"
"67166","2000-12-01",-96.78449,28.926142,"2000-12-01","/home/ecologia/Documents/Lorena/capas/WorldClim_1970-2020_monthly_recortado/2000-12",45753533,59,19.1000003814697,7.19999980926514,"Train"
"67167","2000-12-01",-76.11126,40.263313,"2000-12-01","/home/ecologia/Documents/Lorena/capas/WorldClim_1970-2020_monthly_recortado/2000-12",30878974,86,5.59999990463257,-3.29999995231628,"Train"
"67168","2000-12-01",-82.49029,29.70658,"2000-12-01","/home/ecologia/Documents/Lorena/capas/WorldClim_1970-2020_monthly_recortado/2000-12",44737922,75,21,6.5,"Test"
"67169","2000-12-01",-90.18642,30.007418,"2000-12-01","/home/ecologia/Documents/Lorena/capas/WorldClim_1970-2020_monthly_recortado/2000-12",44343194,128,19.1000003814697,7.40000009536743,"Train"
"67170","2000-12-01",-98.062416,30.011904,"2000-12-01","/home/ecologia/Documents/Lorena/capas/WorldClim_1970-2020_monthly_recortado/2000-12",44331310,53,16.3999996185303,4.09999990463257,"Train"
"67171","2000-12-01",-95.30103,32.35125,"2000-12-01","/home/ecologia/Documents/Lorena/capas/WorldClim_1970-2020_monthly_recortado/2000-12",41257782,93,15.1999998092651,3,"Train"
"67172","2000-12-01",-97.91282,30.382612,"2000-12-01","/home/ecologia/Documents/Lorena/capas/WorldClim_1970-2020_monthly_recortado/2000-12",43850012,48,16.5,5.09999990463257,"Train"
"67173","2000-12-01",-95.49727,30.23884,"2000-12-01","/home/ecologia/Documents/Lorena/capas/WorldClim_1970-2020_monthly_recortado/2000-12",44036265,98,17.3999996185303,5.40000009536743,"Train"
"67174","2000-12-01",-104.84765,20.388424,"2000-12-01","/home/ecologia/Documents/Lorena/capas/WorldClim_1970-2020_monthly_recortado/2000-12",56965041,25,25.2999992370605,8.19999980926514,"Train"
"67175","2000-12-01",-95.625595,28.78181,"2000-12-01","/home/ecologia/Documents/Lorena/capas/WorldClim_1970-2020_monthly_recortado/2000-12",45950574,84,18.7999992370605,8.80000019073486,"Train"
"67176","2000-12-01",-84.373764,29.893787,"2000-12-01","/home/ecologia/Documents/Lorena/capas/WorldClim_1970-2020_monthly_recortado/2000-12",44486099,98,18.3999996185303,7.59999990463257,"Test"
"67177","2000-12-01",-82.94796,32.55271,"2000-12-01","/home/ecologia/Documents/Lorena/capas/WorldClim_1970-2020_monthly_recortado/2000-12",40996729,98,16.5,2.90000009536743,"Train"
"67178","2000-12-01",-93.34781,30.289736,"2000-12-01","/home/ecologia/Documents/Lorena/capas/WorldClim_1970-2020_monthly_recortado/2000-12",43970889,139,17,5.80000019073486,"Train"
"67179","2000-12-01",-75.10434,38.697903,"2000-12-01","/home/ecologia/Documents/Lorena/capas/WorldClim_1970-2020_monthly_recortado/2000-12",32935627,91,9,-0.100000001490116,"Test"
"67180","2000-12-01",-77.918655,34.243717,"2000-12-01","/home/ecologia/Documents/Lorena/capas/WorldClim_1970-2020_monthly_recortado/2000-12",38776715,94,15.8000001907349,3.20000004768372,"Train"
"67181","2000-12-01",-74.83884,39.86518,"2000-12-01","/home/ecologia/Documents/Lorena/capas/WorldClim_1970-2020_monthly_recortado/2000-12",31404199,94,7.59999990463257,-2.20000004768372,"Train"
"67182","2000-12-01",-116.940926,32.535652,"2000-12-01","/home/ecologia/Documents/Lorena/capas/WorldClim_1970-2020_monthly_recortado/2000-12",41014528,36,21.2000007629395,7.30000019073486,"Train"
"67183","2000-12-01",-106.56206,35.15446,"2000-12-01","/home/ecologia/Documents/Lorena/capas/WorldClim_1970-2020_monthly_recortado/2000-12",37580927,14,9.69999980926514,-4.69999980926514,"Train"
"67184","2000-12-01",-97.38052,32.642315,"2000-12-01","/home/ecologia/Documents/Lorena/capas/WorldClim_1970-2020_monthly_recortado/2000-12",40874668,49,14.8000001907349,2.40000009536743,"Train"
"67185","2000-12-01",-75.04137,40.00879,"2000-12-01","/home/ecologia/Documents/Lorena/capas/WorldClim_1970-2020_monthly_recortado/2000-12",31207273,90,7.5,-2.09999990463257,"Train"
"67186","2000-12-01",-84.01983,34.370968,"2000-12-01","/home/ecologia/Documents/Lorena/capas/WorldClim_1970-2020_monthly_recortado/2000-12",38611898,127,11.8999996185303,0.300000011920929,"Test"
"67187","2000-12-01",-97.41994,27.871061,"2000-12-01","/home/ecologia/Documents/Lorena/capas/WorldClim_1970-2020_monthly_recortado/2000-12",47142710,42,18.3999996185303,10.6999998092651,"Train"
"67188","2000-12-01",-85.179054,30.763521,"2000-12-01","/home/ecologia/Documents/Lorena/capas/WorldClim_1970-2020_monthly_recortado/2000-12",43348346,111,18,5,"Train"
"67189","2000-12-01",-82.943535,36.394554,"2000-12-01","/home/ecologia/Documents/Lorena/capas/WorldClim_1970-2020_monthly_recortado/2000-12",35953850,97,10,-2.20000004768372,"Test"
"67190","2000-12-01",-89.33005,30.3088,"2000-12-01","/home/ecologia/Documents/Lorena/capas/WorldClim_1970-2020_monthly_recortado/2000-12",43938554,124,17.2999992370605,7.09999990463257,"Test"
"67191","2000-12-01",-96.75926,17.148687,"2000-12-01","/home/ecologia/Documents/Lorena/capas/WorldClim_1970-2020_monthly_recortado/2000-12",61221282,6,27.7999992370605,10,"Train"
"67192","2000-12-01",-97.80607,30.382093,"2000-12-01","/home/ecologia/Documents/Lorena/capas/WorldClim_1970-2020_monthly_recortado/2000-12",43850025,49,16.1000003814697,4.59999990463257,"Test"
"67193","2000-12-01",-89.54995,37.299824,"2000-12-01","/home/ecologia/Documents/Lorena/capas/WorldClim_1970-2020_monthly_recortado/2000-12",34771646,109,7.80000019073486,-2.09999990463257,"Train"
"67194","2000-12-01",-95.33175,29.744501,"2000-12-01","/home/ecologia/Documents/Lorena/capas/WorldClim_1970-2020_monthly_recortado/2000-12",44681686,91,18.7000007629395,7.59999990463257,"Test"
"67195","2000-12-01",-97.80072,30.29821,"2000-12-01","/home/ecologia/Documents/Lorena/capas/WorldClim_1970-2020_monthly_recortado/2000-12",43959415,50,16.2999992370605,4.90000009536743,"Train"
"67196","2000-12-01",-110.9795,31.885237,"2000-12-01","/home/ecologia/Documents/Lorena/capas/WorldClim_1970-2020_monthly_recortado/2000-12",41868485,31,18.7000007629395,2.29999995231628,"Train"
"67197","2000-12-01",-76.7983,39.26731,"2000-12-01","/home/ecologia/Documents/Lorena/capas/WorldClim_1970-2020_monthly_recortado/2000-12",32180633,89,7.80000019073486,-1.89999997615814,"Train"
"67198","2000-12-01",-96.33482,29.56691,"2000-12-01","/home/ecologia/Documents/Lorena/capas/WorldClim_1970-2020_monthly_recortado/2000-12",44911284,74,18.6000003814697,6.09999990463257,"Test"
"67199","2000-12-01",-81.39414,28.643826,"2000-12-01","/home/ecologia/Documents/Lorena/capas/WorldClim_1970-2020_monthly_recortado/2000-12",46127306,50,22.6000003814697,10.3000001907349,"Train"
"67200","2000-12-01",-75.21597,40.33948,"2000-12-01","/home/ecologia/Documents/Lorena/capas/WorldClim_1970-2020_monthly_recortado/2000-12",30780631,91,5.69999980926514,-3.70000004768372,"Train"
"67201","2000-12-01",-82.78,39.80039,"2000-12-01","/home/ecologia/Documents/Lorena/capas/WorldClim_1970-2020_monthly_recortado/2000-12",31479819,73,4.90000009536743,-3.90000009536743,"Train"
"67202","2000-12-01",-101.61478,19.684883,"2000-12-01","/home/ecologia/Documents/Lorena/capas/WorldClim_1970-2020_monthly_recortado/2000-12",57884305,10,21.8999996185303,4.90000009536743,"Train"
"67203","2000-12-01",-98.73479,29.80256,"2000-12-01","/home/ecologia/Documents/Lorena/capas/WorldClim_1970-2020_monthly_recortado/2000-12",44604704,50,16.7999992370605,3.29999995231628,"Train"
"67204","2000-12-01",-81.603874,41.41529,"2000-12-01","/home/ecologia/Documents/Lorena/capas/WorldClim_1970-2020_monthly_recortado/2000-12",29368733,80,3.70000004768372,-4.09999990463257,"Train"
"67205","2000-12-01",-104.39525,19.68769,"2000-12-01","/home/ecologia/Documents/Lorena/capas/WorldClim_1970-2020_monthly_recortado/2000-12",57883971,19,24.3999996185303,9.39999961853027,"Train"
"67206","2000-12-01",-91.04796,30.343315,"2000-12-01","/home/ecologia/Documents/Lorena/capas/WorldClim_1970-2020_monthly_recortado/2000-12",43894592,134,18,5.80000019073486,"Train"
"67207","2000-12-01",-98.48126,29.442896,"2000-12-01","/home/ecologia/Documents/Lorena/capas/WorldClim_1970-2020_monthly_recortado/2000-12",45075112,44,18.1000003814697,6,"Test"
"67208","2000-12-01",-97.89254,29.886597,"2000-12-01","/home/ecologia/Documents/Lorena/capas/WorldClim_1970-2020_monthly_recortado/2000-12",44495415,54,17.5,4.30000019073486,"Train"
"67209","2000-12-01",-74.09054,40.61696,"2000-12-01","/home/ecologia/Documents/Lorena/capas/WorldClim_1970-2020_monthly_recortado/2000-12",30408840,97,6.40000009536743,-1.79999995231628,"Test"
"67210","2000-12-01",-76.16097,39.895706,"2000-12-01","/home/ecologia/Documents/Lorena/capas/WorldClim_1970-2020_monthly_recortado/2000-12",31360284,88,6,-2.70000004768372,"Test"
"67211","2000-12-01",-98.42376,29.567457,"2000-12-01","/home/ecologia/Documents/Lorena/capas/WorldClim_1970-2020_monthly_recortado/2000-12",44911034,48,17.7999992370605,5.19999980926514,"Test"
"67212","2000-12-01",-78.63576,35.94379,"2000-12-01","/home/ecologia/Documents/Lorena/capas/WorldClim_1970-2020_monthly_recortado/2000-12",36545073,80,12.1999998092651,-0.200000002980232,"Test"
"67213","2000-12-01",-97.26643,30.088915,"2000-12-01","/home/ecologia/Documents/Lorena/capas/WorldClim_1970-2020_monthly_recortado/2000-12",44232955,60,17.2000007629395,4.90000009536743,"Test"
"67214","2000-12-01",-96.97688,33.280346,"2000-12-01","/home/ecologia/Documents/Lorena/capas/WorldClim_1970-2020_monthly_recortado/2000-12",40043352,53,13.8000001907349,1.5,"Test"
"67215","2000-12-01",-82.26211,35.241165,"2000-12-01","/home/ecologia/Documents/Lorena/capas/WorldClim_1970-2020_monthly_recortado/2000-12",37474453,107,11.6000003814697,-0.600000023841858,"Train"
"67216","2000-12-01",-71.15035,42.32877,"2000-12-01","/home/ecologia/Documents/Lorena/capas/WorldClim_1970-2020_monthly_recortado/2000-12",28166697,104,4.80000019073486,-4.80000019073486,"Test"
"67217","2000-12-01",-103.367836,20.213282,"2000-12-01","/home/ecologia/Documents/Lorena/capas/WorldClim_1970-2020_monthly_recortado/2000-12",57194937,8,22.3999996185303,8.89999961853027,"Train"
"67218","2000-12-01",-79.78647,34.17092,"2000-12-01","/home/ecologia/Documents/Lorena/capas/WorldClim_1970-2020_monthly_recortado/2000-12",38874942,84,15.1000003814697,1.89999997615814,"Train"
"67219","2000-12-01",-97.9423,30.432287,"2000-12-01","/home/ecologia/Documents/Lorena/capas/WorldClim_1970-2020_monthly_recortado/2000-12",43784374,48,16.3999996185303,4.90000009536743,"Train"
"67220","2000-12-01",-100.17527,17.470537,"2000-12-01","/home/ecologia/Documents/Lorena/capas/WorldClim_1970-2020_monthly_recortado/2000-12",60794251,18,21.6000003814697,9.80000019073486,"Train"
"67221","2000-12-01",-89.31061,31.319307,"2000-12-01","/home/ecologia/Documents/Lorena/capas/WorldClim_1970-2020_monthly_recortado/2000-12",42614937,139,17.1000003814697,4.09999990463257,"Test"
"67222","2000-12-01",-92.255295,34.782013,"2000-12-01","/home/ecologia/Documents/Lorena/capas/WorldClim_1970-2020_monthly_recortado/2000-12",38074899,123,11.8999996185303,0.899999976158142,"Train"
"67223","2000-12-01",-80.107666,26.446012,"2000-12-01","/home/ecologia/Documents/Lorena/capas/WorldClim_1970-2020_monthly_recortado/2000-12",49015357,61,25.1000003814697,15.8000001907349,"Train"
"67224","2000-12-01",-108.26968,32.826607,"2000-12-01","/home/ecologia/Documents/Lorena/capas/WorldClim_1970-2020_monthly_recortado/2000-12",40632703,35,11.5,-5.09999990463257,"Train"
"67225","2000-12-01",-82.42777,29.659325,"2000-12-01","/home/ecologia/Documents/Lorena/capas/WorldClim_1970-2020_monthly_recortado/2000-12",44792624,75,20.7999992370605,6.80000019073486,"Test"
"67226","2000-12-01",-75.38647,39.91632,"2000-12-01","/home/ecologia/Documents/Lorena/capas/WorldClim_1970-2020_monthly_recortado/2000-12",31338499,92,6.80000019073486,-2,"Test"
"67227","2000-12-01",-95.71715,29.11229,"2000-12-01","/home/ecologia/Documents/Lorena/capas/WorldClim_1970-2020_monthly_recortado/2000-12",45513003,87,18.7000007629395,7.59999990463257,"Train"
"67228","2000-12-01",-97.22187,28.077848,"2000-12-01","/home/ecologia/Documents/Lorena/capas/WorldClim_1970-2020_monthly_recortado/2000-12",46869259,47,20.1000003814697,8.89999961853027,"Train"
"67229","2000-12-01",-87.93104,30.67502,"2000-12-01","/home/ecologia/Documents/Lorena/capas/WorldClim_1970-2020_monthly_recortado/2000-12",43457406,118,17.2999992370605,6.5,"Test"
"67230","2000-12-01",-77.07533,38.47888,"2000-12-01","/home/ecologia/Documents/Lorena/capas/WorldClim_1970-2020_monthly_recortado/2000-12",33219804,83,9.30000019073486,-1.20000004768372,"Train"
"67231","2000-12-01",-110.30761,31.447374,"2000-12-01","/home/ecologia/Documents/Lorena/capas/WorldClim_1970-2020_monthly_recortado/2000-12",42448333,55,13.5,0,"Train"
"67232","2000-12-01",-99.655655,29.842989,"2000-12-01","/home/ecologia/Documents/Lorena/capas/WorldClim_1970-2020_monthly_recortado/2000-12",44549899,30,16.2999992370605,2.40000009536743,"Train"
"67233","2000-12-01",-105.27488,21.021597,"2000-12-01","/home/ecologia/Documents/Lorena/capas/WorldClim_1970-2020_monthly_recortado/2000-12",56133626,21,29.7000007629395,16.3999996185303,"Train"
"67234","2000-12-01",-77.008095,39.02656,"2000-12-01","/home/ecologia/Documents/Lorena/capas/WorldClim_1970-2020_monthly_recortado/2000-12",32497839,85,8.5,-1.70000004768372,"Train"
"67235","2000-12-01",-112.02649,34.693806,"2000-12-01","/home/ecologia/Documents/Lorena/capas/WorldClim_1970-2020_monthly_recortado/2000-12",38181916,36,14.1000003814697,-1,"Test"
"67236","2000-12-01",-95.47424,30.287064,"2000-12-01","/home/ecologia/Documents/Lorena/capas/WorldClim_1970-2020_monthly_recortado/2000-12",43970634,100,17.5,5.30000019073486,"Train"
"67237","2000-12-01",-90.51751,29.62861,"2000-12-01","/home/ecologia/Documents/Lorena/capas/WorldClim_1970-2020_monthly_recortado/2000-12",44835409,128,19,7.40000009536743,"Train"
"67238","2000-12-01",-103.99195,30.61531,"2000-12-01","/home/ecologia/Documents/Lorena/capas/WorldClim_1970-2020_monthly_recortado/2000-12",43542990,14,15,-1,"Train"
"67239","2000-12-01",-105.75843,23.53502,"2000-12-01","/home/ecologia/Documents/Lorena/capas/WorldClim_1970-2020_monthly_recortado/2000-12",52829989,59,26.2999992370605,10.6999998092651,"Train"
"67240","2000-12-01",-83.27862,30.831387,"2000-12-01","/home/ecologia/Documents/Lorena/capas/WorldClim_1970-2020_monthly_recortado/2000-12",43261062,74,18.2999992370605,5.5,"Test"
"67241","2000-12-01",-98.262314,29.91564,"2000-12-01","/home/ecologia/Documents/Lorena/capas/WorldClim_1970-2020_monthly_recortado/2000-12",44462554,52,16.7999992370605,4.59999990463257,"Train"
"67242","2000-12-01",-84.37225,34.66618,"2000-12-01","/home/ecologia/Documents/Lorena/capas/WorldClim_1970-2020_monthly_recortado/2000-12",38228991,137,10.8999996185303,-0.699999988079071,"Test"
"67243","2000-12-01",-103.50169,29.362373,"2000-12-01","/home/ecologia/Documents/Lorena/capas/WorldClim_1970-2020_monthly_recortado/2000-12",45183899,11,19.3999996185303,2.5,"Test"
"67244","2000-12-01",-91.783455,30.004864,"2000-12-01","/home/ecologia/Documents/Lorena/capas/WorldClim_1970-2020_monthly_recortado/2000-12",44343002,132,18.2000007629395,6.59999990463257,"Test"
"67245","2000-12-01",-96.40475,30.592142,"2000-12-01","/home/ecologia/Documents/Lorena/capas/WorldClim_1970-2020_monthly_recortado/2000-12",43565779,73,16.8999996185303,5.09999990463257,"Train"
"67246","2000-12-01",-98.22127,29.990015,"2000-12-01","/home/ecologia/Documents/Lorena/capas/WorldClim_1970-2020_monthly_recortado/2000-12",44364108,52,16.6000003814697,3.70000004768372,"Test"
"67247","2000-12-01",-95.745125,30.355469,"2000-12-01","/home/ecologia/Documents/Lorena/capas/WorldClim_1970-2020_monthly_recortado/2000-12",43883089,92,17.3999996185303,5,"Train"
"67248","2000-12-01",-80.77345,35.1273,"2000-12-01","/home/ecologia/Documents/Lorena/capas/WorldClim_1970-2020_monthly_recortado/2000-12",37616839,87,12.6999998092651,0.699999988079071,"Train"
"67249","2000-12-01",-95.432816,29.018616,"2000-12-01","/home/ecologia/Documents/Lorena/capas/WorldClim_1970-2020_monthly_recortado/2000-12",45633367,96,18.7999992370605,8.5,"Train"
"67250","2000-12-01",-104.252625,19.56253,"2000-12-01","/home/ecologia/Documents/Lorena/capas/WorldClim_1970-2020_monthly_recortado/2000-12",58048073,20,21.6000003814697,7.69999980926514,"Train"
"67251","2000-12-01",-97.85552,27.477482,"2000-12-01","/home/ecologia/Documents/Lorena/capas/WorldClim_1970-2020_monthly_recortado/2000-12",47656791,32,20.7999992370605,8.80000019073486,"Train"
"67252","2000-12-01",-96.985054,28.13255,"2000-12-01","/home/ecologia/Documents/Lorena/capas/WorldClim_1970-2020_monthly_recortado/2000-12",46803653,52,19,9.5,"Test"
"67253","2000-12-01",-91.343864,38.518383,"2000-12-01","/home/ecologia/Documents/Lorena/capas/WorldClim_1970-2020_monthly_recortado/2000-12",33163397,74,6.40000009536743,-4.59999990463257,"Test"
"67254","2000-12-01",-97.69157,32.4322,"2000-12-01","/home/ecologia/Documents/Lorena/capas/WorldClim_1970-2020_monthly_recortado/2000-12",41159045,43,15,1.5,"Test"
"67255","2000-12-01",-101.72751,19.58049,"2000-12-01","/home/ecologia/Documents/Lorena/capas/WorldClim_1970-2020_monthly_recortado/2000-12",58026498,13,21.8999996185303,4,"Train"
"67256","2000-12-01",-85.35704,35.115967,"2000-12-01","/home/ecologia/Documents/Lorena/capas/WorldClim_1970-2020_monthly_recortado/2000-12",37638167,141,10.3999996185303,-0.400000005960464,"Test"
"67257","2000-12-01",-82.25686,27.916166,"2000-12-01","/home/ecologia/Documents/Lorena/capas/WorldClim_1970-2020_monthly_recortado/2000-12",47089835,62,23.1000003814697,10.8000001907349,"Train"
"67258","2000-12-01",-95.568954,30.347046,"2000-12-01","/home/ecologia/Documents/Lorena/capas/WorldClim_1970-2020_monthly_recortado/2000-12",43894049,97,17.2999992370605,6,"Test"
"67259","2000-12-01",-94.74051,32.50075,"2000-12-01","/home/ecologia/Documents/Lorena/capas/WorldClim_1970-2020_monthly_recortado/2000-12",41060948,113,15.1999998092651,2.79999995231628,"Train"
"67260","2000-12-01",-76.80656,39.86477,"2000-12-01","/home/ecologia/Documents/Lorena/capas/WorldClim_1970-2020_monthly_recortado/2000-12",31403963,85,5.90000009536743,-3.20000004768372,"Test"
"67261","2000-12-01",-76.454765,40.06409,"2000-12-01","/home/ecologia/Documents/Lorena/capas/WorldClim_1970-2020_monthly_recortado/2000-12",31141469,82,5.90000009536743,-3.09999990463257,"Train"
"67262","2000-12-01",-99.8548,20.483477,"2000-12-01","/home/ecologia/Documents/Lorena/capas/WorldClim_1970-2020_monthly_recortado/2000-12",56834372,7,21.2000007629395,5.59999990463257,"Train"
"67263","2000-12-01",-82.27611,28.754753,"2000-12-01","/home/ecologia/Documents/Lorena/capas/WorldClim_1970-2020_monthly_recortado/2000-12",45984993,62,22.2999992370605,9,"Test"
"67264","2000-12-01",-89.74332,30.326227,"2000-12-01","/home/ecologia/Documents/Lorena/capas/WorldClim_1970-2020_monthly_recortado/2000-12",43916626,138,17.8999996185303,6,"Train"
"67265","2000-12-01",-87.294106,36.51287,"2000-12-01","/home/ecologia/Documents/Lorena/capas/WorldClim_1970-2020_monthly_recortado/2000-12",35800182,129,9.89999961853027,-1.5,"Test"
"67266","2000-12-01",-72.21667,40.94466,"2000-12-01","/home/ecologia/Documents/Lorena/capas/WorldClim_1970-2020_monthly_recortado/2000-12",29982443,109,6.19999980926514,-2.29999995231628,"Train"
"67267","2000-12-01",-81.96324,40.771683,"2000-12-01","/home/ecologia/Documents/Lorena/capas/WorldClim_1970-2020_monthly_recortado/2000-12",30210993,70,3.70000004768372,-4.69999980926514,"Test"
"67268","2000-12-01",-76.8174,39.26517,"2000-12-01","/home/ecologia/Documents/Lorena/capas/WorldClim_1970-2020_monthly_recortado/2000-12",32191569,90,7.69999980926514,-2,"Test"
"67269","2000-12-01",-87.46332,30.380611,"2000-12-01","/home/ecologia/Documents/Lorena/capas/WorldClim_1970-2020_monthly_recortado/2000-12",43851266,108,17.7000007629395,6.69999980926514,"Test"
"67270","2000-12-01",-98.16779,30.346893,"2000-12-01","/home/ecologia/Documents/Lorena/capas/WorldClim_1970-2020_monthly_recortado/2000-12",43893737,47,16.6000003814697,3.29999995231628,"Train"
"67271","2000-12-01",-90.98407,30.398409,"2000-12-01","/home/ecologia/Documents/Lorena/capas/WorldClim_1970-2020_monthly_recortado/2000-12",43828965,139,17.8999996185303,5.80000019073486,"Test"
"67272","2000-12-01",-91.13785,30.38633,"2000-12-01","/home/ecologia/Documents/Lorena/capas/WorldClim_1970-2020_monthly_recortado/2000-12",43839886,136,18,6,"Train"
"67273","2000-12-01",-97.155876,28.690348,"2000-12-01","/home/ecologia/Documents/Lorena/capas/WorldClim_1970-2020_monthly_recortado/2000-12",46070720,51,19.7000007629395,7.69999980926514,"Train"
"67274","2000-12-01",-74.84518,40.577023,"2000-12-01","/home/ecologia/Documents/Lorena/capas/WorldClim_1970-2020_monthly_recortado/2000-12",30463444,97,5.90000009536743,-4,"Train"
"67275","2000-12-01",-95.44407,30.12553,"2000-12-01","/home/ecologia/Documents/Lorena/capas/WorldClim_1970-2020_monthly_recortado/2000-12",44178478,96,17.7999992370605,5.90000009536743,"Test"
"67276","2000-12-01",-76.76877,37.31591,"2000-12-01","/home/ecologia/Documents/Lorena/capas/WorldClim_1970-2020_monthly_recortado/2000-12",34751301,84,11.1000003814697,0.100000001490116,"Test"
"67277","2000-12-01",-98.08932,30.307081,"2000-12-01","/home/ecologia/Documents/Lorena/capas/WorldClim_1970-2020_monthly_recortado/2000-12",43948442,49,16.2999992370605,3.79999995231628,"Test"
"67278","2000-12-01",-87.67933,30.402094,"2000-12-01","/home/ecologia/Documents/Lorena/capas/WorldClim_1970-2020_monthly_recortado/2000-12",43818423,114,18,6.30000019073486,"Train"
"67279","2000-12-01",-78.368774,38.087513,"2000-12-01","/home/ecologia/Documents/Lorena/capas/WorldClim_1970-2020_monthly_recortado/2000-12",33733782,78,9.19999980926514,-2.09999990463257,"Train"
"67280","2000-12-01",-84.389145,34.490414,"2000-12-01","/home/ecologia/Documents/Lorena/capas/WorldClim_1970-2020_monthly_recortado/2000-12",38458708,135,11.1000003814697,0.200000002980232,"Train"
"67281","2000-12-01",-91.84343,33.9429,"2000-12-01","/home/ecologia/Documents/Lorena/capas/WorldClim_1970-2020_monthly_recortado/2000-12",39168848,135,12.6999998092651,1.5,"Train"
"67282","2000-12-01",-88.11283,30.576166,"2000-12-01","/home/ecologia/Documents/Lorena/capas/WorldClim_1970-2020_monthly_recortado/2000-12",43588652,118,17.5,6.19999980926514,"Test"
"67283","2000-12-01",-108.97496,27.000149,"2000-12-01","/home/ecologia/Documents/Lorena/capas/WorldClim_1970-2020_monthly_recortado/2000-12",48278980,38,24.5,8.60000038146973,"Test"
"67284","2000-12-01",-76.56116,38.44928,"2000-12-01","/home/ecologia/Documents/Lorena/capas/WorldClim_1970-2020_monthly_recortado/2000-12",33263622,83,9.5,-0.699999988079071,"Train"
"67285","2000-12-01",-81.6056,41.431404,"2000-12-01","/home/ecologia/Documents/Lorena/capas/WorldClim_1970-2020_monthly_recortado/2000-12",29346855,80,3.90000009536743,-4,"Train"
"67286","2000-12-01",-97.77,30.267,"2000-12-01","/home/ecologia/Documents/Lorena/capas/WorldClim_1970-2020_monthly_recortado/2000-12",43992236,50,16.7999992370605,5.09999990463257,"Train"
"67287","2000-12-01",-97.1956,27.87188,"2000-12-01","/home/ecologia/Documents/Lorena/capas/WorldClim_1970-2020_monthly_recortado/2000-12",47142737,45,19.2000007629395,9.89999961853027,"Test"
"67288","2000-12-01",-97.173935,26.137463,"2000-12-01","/home/ecologia/Documents/Lorena/capas/WorldClim_1970-2020_monthly_recortado/2000-12",49418052,37,19,12.6000003814697,"Train"
"67289","2000-12-01",-72.62747,40.94434,"2000-12-01","/home/ecologia/Documents/Lorena/capas/WorldClim_1970-2020_monthly_recortado/2000-12",29982394,109,6.19999980926514,-2.20000004768372,"Test"
"67290","2000-12-01",-77.85066,39.289406,"2000-12-01","/home/ecologia/Documents/Lorena/capas/WorldClim_1970-2020_monthly_recortado/2000-12",32158628,71,7.19999980926514,-3.20000004768372,"Train"
"67291","2000-12-01",-104.636795,23.975763,"2000-12-01","/home/ecologia/Documents/Lorena/capas/WorldClim_1970-2020_monthly_recortado/2000-12",52250357,19,21.2000007629395,3.20000004768372,"Train"
"67292","2000-12-01",-94.95591,29.195665,"2000-12-01","/home/ecologia/Documents/Lorena/capas/WorldClim_1970-2020_monthly_recortado/2000-12",45403705,91,16.7999992370605,9.60000038146973,"Train"
"67293","2000-12-01",-93.20598,37.02085,"2000-12-01","/home/ecologia/Documents/Lorena/capas/WorldClim_1970-2020_monthly_recortado/2000-12",35132194,82,7.90000009536743,-3.70000004768372,"Train"
"67294","2000-12-01",-103.66133,19.243477,"2000-12-01","/home/ecologia/Documents/Lorena/capas/WorldClim_1970-2020_monthly_recortado/2000-12",58463826,9,32.7999992370605,16.1000003814697,"Train"
"67295","2000-12-01",-96.96241,28.840752,"2000-12-01","/home/ecologia/Documents/Lorena/capas/WorldClim_1970-2020_monthly_recortado/2000-12",45873841,54,19.7000007629395,7.5,"Train"
"67296","2000-12-01",-95.59622,30.211231,"2000-12-01","/home/ecologia/Documents/Lorena/capas/WorldClim_1970-2020_monthly_recortado/2000-12",44069070,95,17.2999992370605,5.30000019073486,"Test"
"67297","2000-12-01",-81.80491,41.08286,"2000-12-01","/home/ecologia/Documents/Lorena/capas/WorldClim_1970-2020_monthly_recortado/2000-12",29806269,75,3,-4.90000009536743,"Train"
"67298","2000-12-01",-97.312386,28.339184,"2000-12-01","/home/ecologia/Documents/Lorena/capas/WorldClim_1970-2020_monthly_recortado/2000-12",46530139,46,19.7000007629395,8.10000038146973,"Train"
"67299","2000-12-01",-92.190155,29.944548,"2000-12-01","/home/ecologia/Documents/Lorena/capas/WorldClim_1970-2020_monthly_recortado/2000-12",44419527,135,17.7000007629395,7.09999990463257,"Test"
"67300","2000-12-01",-89.8304,35.07808,"2000-12-01","/home/ecologia/Documents/Lorena/capas/WorldClim_1970-2020_monthly_recortado/2000-12",37681386,139,11.1999998092651,1,"Test"
"67301","2000-12-01",-123.1132,44.090443,"2000-12-01","/home/ecologia/Documents/Lorena/capas/WorldClim_1970-2020_monthly_recortado/2000-12",25852333,215,9,1.60000002384186,"Test"
"67302","2000-12-01",-95.84781,29.801418,"2000-12-01","/home/ecologia/Documents/Lorena/capas/WorldClim_1970-2020_monthly_recortado/2000-12",44605051,83,18.1000003814697,5.90000009536743,"Train"
"67303","2000-12-01",-106.322014,23.450083,"2000-12-01","/home/ecologia/Documents/Lorena/capas/WorldClim_1970-2020_monthly_recortado/2000-12",52939312,36,28.6000003814697,13.8000001907349,"Test"
"67304","2000-12-01",-96.618744,17.059963,"2000-12-01","/home/ecologia/Documents/Lorena/capas/WorldClim_1970-2020_monthly_recortado/2000-12",61330689,5,27.2999992370605,10,"Train"
"67305","2000-12-01",-98.35431,29.574453,"2000-12-01","/home/ecologia/Documents/Lorena/capas/WorldClim_1970-2020_monthly_recortado/2000-12",44911042,49,17.8999996185303,5.40000009536743,"Test"
"67306","2000-12-01",-72.41702,41.04653,"2000-12-01","/home/ecologia/Documents/Lorena/capas/WorldClim_1970-2020_monthly_recortado/2000-12",29851151,110,6.30000019073486,-2.20000004768372,"Train"
"67307","2000-12-01",-83.36651,31.401009,"2000-12-01","/home/ecologia/Documents/Lorena/capas/WorldClim_1970-2020_monthly_recortado/2000-12",42506261,88,17.2999992370605,4.69999980926514,"Train"
"67308","2000-12-01",-83.89454,34.36779,"2000-12-01","/home/ecologia/Documents/Lorena/capas/WorldClim_1970-2020_monthly_recortado/2000-12",38611913,124,11.8999996185303,0.400000005960464,"Train"
"67309","2000-12-01",-84.104744,34.01724,"2000-12-01","/home/ecologia/Documents/Lorena/capas/WorldClim_1970-2020_monthly_recortado/2000-12",39071326,119,12.3000001907349,1.29999995231628,"Train"
"67310","2000-12-01",-71.3489,42.46039,"2000-12-01","/home/ecologia/Documents/Lorena/capas/WorldClim_1970-2020_monthly_recortado/2000-12",27991650,104,4.19999980926514,-5.80000019073486,"Train"
"67311","2000-12-01",-96.622536,17.084394,"2000-12-01","/home/ecologia/Documents/Lorena/capas/WorldClim_1970-2020_monthly_recortado/2000-12",61297872,7,26,10,"Test"
"67312","2000-12-01",-96.515236,17.043716,"2000-12-01","/home/ecologia/Documents/Lorena/capas/WorldClim_1970-2020_monthly_recortado/2000-12",61352580,7,24.7000007629395,9.89999961853027,"Train"
"67313","2000-12-01",-72.74424,40.9562,"2000-12-01","/home/ecologia/Documents/Lorena/capas/WorldClim_1970-2020_monthly_recortado/2000-12",29971441,105,6.19999980926514,-2.20000004768372,"Train"
"67314","2000-12-01",-90.10916,29.922659,"2000-12-01","/home/ecologia/Documents/Lorena/capas/WorldClim_1970-2020_monthly_recortado/2000-12",44452593,128,19,7.59999990463257,"Train"
"67315","2000-12-01",-103.40895,20.720747,"2000-12-01","/home/ecologia/Documents/Lorena/capas/WorldClim_1970-2020_monthly_recortado/2000-12",56527653,7,26.2000007629395,7.19999980926514,"Test"
"67316","2000-12-01",-82.430664,29.564005,"2000-12-01","/home/ecologia/Documents/Lorena/capas/WorldClim_1970-2020_monthly_recortado/2000-12",44923892,73,21.2000007629395,6.69999980926514,"Test"
"67317","2000-12-01",-82.25494,34.95084,"2000-12-01","/home/ecologia/Documents/Lorena/capas/WorldClim_1970-2020_monthly_recortado/2000-12",37846380,107,12,0.200000002980232,"Train"
"67318","2000-12-01",-84.51392,39.01024,"2000-12-01","/home/ecologia/Documents/Lorena/capas/WorldClim_1970-2020_monthly_recortado/2000-12",32518816,84,6.09999990463257,-3.5,"Train"
"67319","2000-12-01",-87.17956,30.603868,"2000-12-01","/home/ecologia/Documents/Lorena/capas/WorldClim_1970-2020_monthly_recortado/2000-12",43555947,112,17.3999996185303,6.19999980926514,"Train"
"67320","2000-12-01",-90.9858,29.8724,"2000-12-01","/home/ecologia/Documents/Lorena/capas/WorldClim_1970-2020_monthly_recortado/2000-12",44518122,132,18.7000007629395,6.59999990463257,"Train"
"67321","2000-12-01",-84.14733,30.151566,"2000-12-01","/home/ecologia/Documents/Lorena/capas/WorldClim_1970-2020_monthly_recortado/2000-12",44147017,104,18.7000007629395,6.09999990463257,"Train"
"67322","2000-12-01",-85.14448,30.802118,"2000-12-01","/home/ecologia/Documents/Lorena/capas/WorldClim_1970-2020_monthly_recortado/2000-12",43293655,110,18.1000003814697,4.90000009536743,"Train"
"67323","2000-12-01",-87.42113,41.291416,"2000-12-01","/home/ecologia/Documents/Lorena/capas/WorldClim_1970-2020_monthly_recortado/2000-12",29532120,71,2,-6.40000009536743,"Test"
"67324","2000-12-01",-73.14782,41.205643,"2000-12-01","/home/ecologia/Documents/Lorena/capas/WorldClim_1970-2020_monthly_recortado/2000-12",29643223,103,5.90000009536743,-3.09999990463257,"Train"
"67325","2000-12-01",-96.97626,28.149769,"2000-12-01","/home/ecologia/Documents/Lorena/capas/WorldClim_1970-2020_monthly_recortado/2000-12",46781776,52,19,9.39999961853027,"Test"
"67326","2000-12-01",-82.277016,27.885777,"2000-12-01","/home/ecologia/Documents/Lorena/capas/WorldClim_1970-2020_monthly_recortado/2000-12",47122649,62,23,11,"Train"
"67327","2000-12-01",-74.92401,38.94232,"2000-12-01","/home/ecologia/Documents/Lorena/capas/WorldClim_1970-2020_monthly_recortado/2000-12",32607479,89,8.69999980926514,-0.200000002980232,"Train"
"67328","2000-12-01",-95.79562,29.62708,"2000-12-01","/home/ecologia/Documents/Lorena/capas/WorldClim_1970-2020_monthly_recortado/2000-12",44834776,82,18.6000003814697,6.5,"Train"
"67329","2000-12-01",-86.8689,35.92506,"2000-12-01","/home/ecologia/Documents/Lorena/capas/WorldClim_1970-2020_monthly_recortado/2000-12",36565963,124,10.5,-1.29999995231628,"Test"
"67330","2000-12-01",-98.551605,29.835072,"2000-12-01","/home/ecologia/Documents/Lorena/capas/WorldClim_1970-2020_monthly_recortado/2000-12",44560970,51,16.5,3.40000009536743,"Train"
"67331","2000-12-01",-84.07606,34.530857,"2000-12-01","/home/ecologia/Documents/Lorena/capas/WorldClim_1970-2020_monthly_recortado/2000-12",38404050,134,11.6000003814697,-0.200000002980232,"Train"
"67332","2000-12-01",-98.49374,29.614517,"2000-12-01","/home/ecologia/Documents/Lorena/capas/WorldClim_1970-2020_monthly_recortado/2000-12",44856330,48,17.2999992370605,5.09999990463257,"Test"
"67333","2000-12-01",-76.97759,41.164772,"2000-12-01","/home/ecologia/Documents/Lorena/capas/WorldClim_1970-2020_monthly_recortado/2000-12",29697458,74,3.79999995231628,-4.69999980926514,"Test"
"67334","2000-12-01",-76.523964,38.22364,"2000-12-01","/home/ecologia/Documents/Lorena/capas/WorldClim_1970-2020_monthly_recortado/2000-12",33558980,81,9.80000019073486,-0.5,"Test"
"67335","2000-12-01",-96.66478,17.109676,"2000-12-01","/home/ecologia/Documents/Lorena/capas/WorldClim_1970-2020_monthly_recortado/2000-12",61265050,8,24,9.30000019073486,"Test"
"67336","2000-12-01",-87.26043,30.54858,"2000-12-01","/home/ecologia/Documents/Lorena/capas/WorldClim_1970-2020_monthly_recortado/2000-12",43632510,111,17.5,6.30000019073486,"Train"
"67337","2000-12-01",-98.819725,29.75522,"2000-12-01","/home/ecologia/Documents/Lorena/capas/WorldClim_1970-2020_monthly_recortado/2000-12",44670328,47,16.2000007629395,3.90000009536743,"Train"
"67338","2000-12-01",-95.36937,29.068907,"2000-12-01","/home/ecologia/Documents/Lorena/capas/WorldClim_1970-2020_monthly_recortado/2000-12",45567740,97,18.7000007629395,8.39999961853027,"Train"
"67339","2000-12-01",-72.62813,41.7327,"2000-12-01","/home/ecologia/Documents/Lorena/capas/WorldClim_1970-2020_monthly_recortado/2000-12",28954128,97,5.09999990463257,-4.59999990463257,"Train"
"67340","2000-12-01",-90.05025,30.469166,"2000-12-01","/home/ecologia/Documents/Lorena/capas/WorldClim_1970-2020_monthly_recortado/2000-12",43730626,134,17.8999996185303,5.59999990463257,"Train"
"67341","2000-12-01",-93.82408,32.28186,"2000-12-01","/home/ecologia/Documents/Lorena/capas/WorldClim_1970-2020_monthly_recortado/2000-12",41356411,119,15.1999998092651,2.59999990463257,"Test"
"67342","2000-12-01",-104.93082,21.495434,"2000-12-01","/home/ecologia/Documents/Lorena/capas/WorldClim_1970-2020_monthly_recortado/2000-12",55510144,31,24.8999996185303,8.19999980926514,"Test"
"67343","2000-12-01",-84.16723,30.489466,"2000-12-01","/home/ecologia/Documents/Lorena/capas/WorldClim_1970-2020_monthly_recortado/2000-12",43709454,103,18.7000007629395,5.19999980926514,"Train"
"67344","2000-12-01",-91.08966,30.568115,"2000-12-01","/home/ecologia/Documents/Lorena/capas/WorldClim_1970-2020_monthly_recortado/2000-12",43599234,142,17.3999996185303,5.30000019073486,"Train"
"67345","2000-12-01",-97.23463,29.030882,"2000-12-01","/home/ecologia/Documents/Lorena/capas/WorldClim_1970-2020_monthly_recortado/2000-12",45622211,53,19.5,7,"Train"
"67346","2000-12-01",-75.05173,39.795876,"2000-12-01","/home/ecologia/Documents/Lorena/capas/WorldClim_1970-2020_monthly_recortado/2000-12",31491685,91,7.59999990463257,-1.89999997615814,"Train"
"67347","2000-12-01",-78.74361,41.13147,"2000-12-01","/home/ecologia/Documents/Lorena/capas/WorldClim_1970-2020_monthly_recortado/2000-12",29741002,84,2.70000004768372,-6,"Train"
"67348","2000-12-01",-104.8842,20.768232,"2000-12-01","/home/ecologia/Documents/Lorena/capas/WorldClim_1970-2020_monthly_recortado/2000-12",56461842,20,25.2000007629395,9,"Train"
"67349","2000-12-01",-94.39851,35.38589,"2000-12-01","/home/ecologia/Documents/Lorena/capas/WorldClim_1970-2020_monthly_recortado/2000-12",37276095,91,11.5,-0.600000023841858,"Test"
"67350","2000-12-01",-99.152985,29.840645,"2000-12-01","/home/ecologia/Documents/Lorena/capas/WorldClim_1970-2020_monthly_recortado/2000-12",44560898,38,16.2999992370605,3,"Train"
"67351","2000-12-01",-81.858604,40.551476,"2000-12-01","/home/ecologia/Documents/Lorena/capas/WorldClim_1970-2020_monthly_recortado/2000-12",30495419,72,3.5,-4.80000019073486,"Train"
"67352","2000-12-01",-95.597374,29.61019,"2000-12-01","/home/ecologia/Documents/Lorena/capas/WorldClim_1970-2020_monthly_recortado/2000-12",44856678,86,18.8999996185303,7.19999980926514,"Train"
"67353","2000-12-01",-89.23982,43.44779,"2000-12-01","/home/ecologia/Documents/Lorena/capas/WorldClim_1970-2020_monthly_recortado/2000-12",26698701,40,-1.10000002384186,-10.3000001907349,"Test"
"67354","2000-12-01",-80.5971,35.059956,"2000-12-01","/home/ecologia/Documents/Lorena/capas/WorldClim_1970-2020_monthly_recortado/2000-12",37704372,88,12.6000003814697,0.300000011920929,"Train"
"67355","2000-12-01",-84.87761,33.66449,"2000-12-01","/home/ecologia/Documents/Lorena/capas/WorldClim_1970-2020_monthly_recortado/2000-12",39541610,120,12.6999998092651,0.899999976158142,"Train"
"67356","2000-12-01",-103.45557,19.52677,"2000-12-01","/home/ecologia/Documents/Lorena/capas/WorldClim_1970-2020_monthly_recortado/2000-12",58091925,15,27.5,9.69999980926514,"Train"
"67357","2000-12-01",-78.72227,35.697456,"2000-12-01","/home/ecologia/Documents/Lorena/capas/WorldClim_1970-2020_monthly_recortado/2000-12",36873233,82,12.3999996185303,0.200000002980232,"Train"
"67358","2000-12-01",-74.96707,38.937786,"2000-12-01","/home/ecologia/Documents/Lorena/capas/WorldClim_1970-2020_monthly_recortado/2000-12",32618412,90,8.69999980926514,-0.100000001490116,"Train"
"67359","2000-12-01",-73.88123,40.94235,"2000-12-01","/home/ecologia/Documents/Lorena/capas/WorldClim_1970-2020_monthly_recortado/2000-12",29982244,95,6.19999980926514,-2.40000009536743,"Test"
"67360","2000-12-01",-103.73066,20.5706,"2000-12-01","/home/ecologia/Documents/Lorena/capas/WorldClim_1970-2020_monthly_recortado/2000-12",56724517,8,25.6000003814697,6.69999980926514,"Test"
"67361","2000-12-01",-96.33597,30.683516,"2000-12-01","/home/ecologia/Documents/Lorena/capas/WorldClim_1970-2020_monthly_recortado/2000-12",43445458,75,17.1000003814697,5.09999990463257,"Train"
"67362","2000-12-01",-97.76229,30.685995,"2000-12-01","/home/ecologia/Documents/Lorena/capas/WorldClim_1970-2020_monthly_recortado/2000-12",43445287,50,15.8999996185303,3.59999990463257,"Train"
"67363","2000-12-01",-74.668655,39.983444,"2000-12-01","/home/ecologia/Documents/Lorena/capas/WorldClim_1970-2020_monthly_recortado/2000-12",31240134,94,7.30000019073486,-2.59999990463257,"Test"
"67364","2000-12-01",-97.59048,30.976568,"2000-12-01","/home/ecologia/Documents/Lorena/capas/WorldClim_1970-2020_monthly_recortado/2000-12",43062443,52,15.8000001907349,3.70000004768372,"Train"
"67365","2000-12-01",-97.704544,38.77876,"2000-12-01","/home/ecologia/Documents/Lorena/capas/WorldClim_1970-2020_monthly_recortado/2000-12",32823525,23,6.19999980926514,-5.5,"Test"
"67366","2000-12-01",-104.84798,20.703033,"2000-12-01","/home/ecologia/Documents/Lorena/capas/WorldClim_1970-2020_monthly_recortado/2000-12",56549359,24,19.5,4.69999980926514,"Train"
"67367","2000-12-01",-98.84524,29.835087,"2000-12-01","/home/ecologia/Documents/Lorena/capas/WorldClim_1970-2020_monthly_recortado/2000-12",44560935,46,16.2000007629395,3.5,"Test"
"67368","2000-12-01",-97.63728,30.36231,"2000-12-01","/home/ecologia/Documents/Lorena/capas/WorldClim_1970-2020_monthly_recortado/2000-12",43871923,51,17,4.40000009536743,"Test"
"67369","2000-12-01",-103.73124,19.413391,"2000-12-01","/home/ecologia/Documents/Lorena/capas/WorldClim_1970-2020_monthly_recortado/2000-12",58245038,16,27.6000003814697,10.5,"Train"
"67370","2000-12-01",-101.33165,19.67256,"2000-12-01","/home/ecologia/Documents/Lorena/capas/WorldClim_1970-2020_monthly_recortado/2000-12",57906217,12,23.1000003814697,3.90000009536743,"Test"
"67371","2000-12-01",-89.42583,30.467001,"2000-12-01","/home/ecologia/Documents/Lorena/capas/WorldClim_1970-2020_monthly_recortado/2000-12",43730701,140,17.5,5.69999980926514,"Train"
"67372","2000-12-01",-91.07566,29.711203,"2000-12-01","/home/ecologia/Documents/Lorena/capas/WorldClim_1970-2020_monthly_recortado/2000-12",44725952,125,18.1000003814697,8,"Train"
"67373","2000-12-01",-82.542175,28.411745,"2000-12-01","/home/ecologia/Documents/Lorena/capas/WorldClim_1970-2020_monthly_recortado/2000-12",46433460,72,22.7000007629395,9.19999980926514,"Test"
"67374","2000-12-01",-75.30962,40.7404,"2000-12-01","/home/ecologia/Documents/Lorena/capas/WorldClim_1970-2020_monthly_recortado/2000-12",30255547,88,5.19999980926514,-4.59999990463257,"Test"
"67375","2000-12-01",-87.85094,30.54618,"2000-12-01","/home/ecologia/Documents/Lorena/capas/WorldClim_1970-2020_monthly_recortado/2000-12",43632439,114,17.7000007629395,6,"Train"
"67376","2000-12-01",-96.24352,30.642727,"2000-12-01","/home/ecologia/Documents/Lorena/capas/WorldClim_1970-2020_monthly_recortado/2000-12",43500164,77,17,5,"Train"
"67377","2000-12-01",-101.35926,21.022585,"2000-12-01","/home/ecologia/Documents/Lorena/capas/WorldClim_1970-2020_monthly_recortado/2000-12",56134095,11,21.2000007629395,5.90000009536743,"Train"
"67378","2000-12-01",-84.417175,34.132298,"2000-12-01","/home/ecologia/Documents/Lorena/capas/WorldClim_1970-2020_monthly_recortado/2000-12",38929081,122,11.8000001907349,0.899999976158142,"Train"
"67379","2000-12-01",-80.241974,26.119001,"2000-12-01","/home/ecologia/Documents/Lorena/capas/WorldClim_1970-2020_monthly_recortado/2000-12",49441961,56,25.2999992370605,16.2000007629395,"Train"
"67380","2000-12-01",-97.79899,30.454561,"2000-12-01","/home/ecologia/Documents/Lorena/capas/WorldClim_1970-2020_monthly_recortado/2000-12",43751575,50,16.3999996185303,4.19999980926514,"Test"
"67381","2000-12-01",-74.95088,38.978634,"2000-12-01","/home/ecologia/Documents/Lorena/capas/WorldClim_1970-2020_monthly_recortado/2000-12",32563719,90,8.69999980926514,-0.200000002980232,"Train"
"67382","2000-12-01",-91.1238,30.3806,"2000-12-01","/home/ecologia/Documents/Lorena/capas/WorldClim_1970-2020_monthly_recortado/2000-12",43850827,135,18,6,"Train"
"67383","2000-12-01",-103.10077,20.07855,"2000-12-01","/home/ecologia/Documents/Lorena/capas/WorldClim_1970-2020_monthly_recortado/2000-12",57369993,9,22.7999992370605,6.59999990463257,"Train"
"67384","2000-12-01",-95.60314,29.746527,"2000-12-01","/home/ecologia/Documents/Lorena/capas/WorldClim_1970-2020_monthly_recortado/2000-12",44681653,87,18.7999992370605,7.09999990463257,"Test"
"67385","2000-12-01",-98.27056,28.455147,"2000-12-01","/home/ecologia/Documents/Lorena/capas/WorldClim_1970-2020_monthly_recortado/2000-12",46376878,31,20,7.09999990463257,"Train"
"67386","2000-12-01",-98.27712,30.826574,"2000-12-01","/home/ecologia/Documents/Lorena/capas/WorldClim_1970-2020_monthly_recortado/2000-12",43259262,43,15.6000003814697,2.5,"Train"
"67387","2000-12-01",-101.14365,19.58014,"2000-12-01","/home/ecologia/Documents/Lorena/capas/WorldClim_1970-2020_monthly_recortado/2000-12",58026568,10,19.3999996185303,5.30000019073486,"Train"
"67388","2000-12-01",-103.55919,20.732082,"2000-12-01","/home/ecologia/Documents/Lorena/capas/WorldClim_1970-2020_monthly_recortado/2000-12",56516696,6,25.2000007629395,6.59999990463257,"Train"
"67389","2000-12-01",-95.80662,29.928085,"2000-12-01","/home/ecologia/Documents/Lorena/capas/WorldClim_1970-2020_monthly_recortado/2000-12",44440971,88,18,5.69999980926514,"Test"
"67390","2000-12-01",-87.843185,30.427097,"2000-12-01","/home/ecologia/Documents/Lorena/capas/WorldClim_1970-2020_monthly_recortado/2000-12",43785586,110,17.7000007629395,6.40000009536743,"Test"
"67391","2000-12-01",-90.04047,30.380058,"2000-12-01","/home/ecologia/Documents/Lorena/capas/WorldClim_1970-2020_monthly_recortado/2000-12",43850957,132,18,5.80000019073486,"Train"
"67392","2000-12-01",-77.55282,37.519608,"2000-12-01","/home/ecologia/Documents/Lorena/capas/WorldClim_1970-2020_monthly_recortado/2000-12",34477732,83,10.6999998092651,-1,"Test"
"67393","2000-12-01",-78.23118,38.664806,"2000-12-01","/home/ecologia/Documents/Lorena/capas/WorldClim_1970-2020_monthly_recortado/2000-12",32979008,72,8.39999961853027,-3,"Train"
"67394","2000-12-01",-75.13933,38.77451,"2000-12-01","/home/ecologia/Documents/Lorena/capas/WorldClim_1970-2020_monthly_recortado/2000-12",32837172,91,9,-0.200000002980232,"Test"
"67395","2000-12-01",-102.462036,19.410284,"2000-12-01","/home/ecologia/Documents/Lorena/capas/WorldClim_1970-2020_monthly_recortado/2000-12",58245190,9,25.3999996185303,8.30000019073486,"Train"
"67396","2000-12-01",-88.03521,41.80709,"2000-12-01","/home/ecologia/Documents/Lorena/capas/WorldClim_1970-2020_monthly_recortado/2000-12",28853828,61,1.79999995231628,-6.80000019073486,"Test"
"67397","2000-12-01",-97.770744,30.45255,"2000-12-01","/home/ecologia/Documents/Lorena/capas/WorldClim_1970-2020_monthly_recortado/2000-12",43751578,50,16.5,4.19999980926514,"Train"
"67398","2000-12-01",-95.2396,29.426762,"2000-12-01","/home/ecologia/Documents/Lorena/capas/WorldClim_1970-2020_monthly_recortado/2000-12",45097379,91,18.1000003814697,7.69999980926514,"Train"
"67399","2000-12-01",-86.61996,36.07667,"2000-12-01","/home/ecologia/Documents/Lorena/capas/WorldClim_1970-2020_monthly_recortado/2000-12",36369091,122,10.8000001907349,-0.400000005960464,"Train"
"67400","2000-12-01",-95.12222,29.50504,"2000-12-01","/home/ecologia/Documents/Lorena/capas/WorldClim_1970-2020_monthly_recortado/2000-12",44998942,93,18.1000003814697,8.10000038146973,"Train"
"67401","2000-12-01",-82.03105,40.65612,"2000-12-01","/home/ecologia/Documents/Lorena/capas/WorldClim_1970-2020_monthly_recortado/2000-12",30364131,71,3.70000004768372,-4.80000019073486,"Test"
"67402","2000-12-01",-106.57992,31.838228,"2000-12-01","/home/ecologia/Documents/Lorena/capas/WorldClim_1970-2020_monthly_recortado/2000-12",41934647,17,14.8000001907349,-1,"Train"
"67403","2000-12-01",-74.105835,39.763332,"2000-12-01","/home/ecologia/Documents/Lorena/capas/WorldClim_1970-2020_monthly_recortado/2000-12",31535555,94,8.39999961853027,-0.600000023841858,"Train"
"67404","2000-12-01",-74.93378,38.945026,"2000-12-01","/home/ecologia/Documents/Lorena/capas/WorldClim_1970-2020_monthly_recortado/2000-12",32607477,89,8.69999980926514,-0.200000002980232,"Train"
"67405","2000-12-01",-94.389854,29.57368,"2000-12-01","/home/ecologia/Documents/Lorena/capas/WorldClim_1970-2020_monthly_recortado/2000-12",44911518,105,17,7.69999980926514,"Test"
"67406","2000-12-01",-105.27532,21.535856,"2000-12-01","/home/ecologia/Documents/Lorena/capas/WorldClim_1970-2020_monthly_recortado/2000-12",55455407,20,29.2000007629395,17.2999992370605,"Train"
"67407","2000-12-01",-78.9008,35.05789,"2000-12-01","/home/ecologia/Documents/Lorena/capas/WorldClim_1970-2020_monthly_recortado/2000-12",37715514,83,13.6999998092651,1.5,"Train"
"67408","2000-12-01",-85.69595,38.117,"2000-12-01","/home/ecologia/Documents/Lorena/capas/WorldClim_1970-2020_monthly_recortado/2000-12",33689147,101,7.80000019073486,-2,"Test"
"67409","2000-12-01",-72.393456,40.964043,"2000-12-01","/home/ecologia/Documents/Lorena/capas/WorldClim_1970-2020_monthly_recortado/2000-12",29960544,110,6.5,-1.79999995231628,"Train"
"67410","2000-12-01",-92.25383,34.79618,"2000-12-01","/home/ecologia/Documents/Lorena/capas/WorldClim_1970-2020_monthly_recortado/2000-12",38053021,123,11.8000001907349,0.899999976158142,"Train"
"67411","2000-12-01",-96.28278,30.564722,"2000-12-01","/home/ecologia/Documents/Lorena/capas/WorldClim_1970-2020_monthly_recortado/2000-12",43609550,76,17.2000007629395,5.09999990463257,"Train"
"67412","2000-12-01",-83.84732,43.079956,"2000-12-01","/home/ecologia/Documents/Lorena/capas/WorldClim_1970-2020_monthly_recortado/2000-12",27180664,53,1,-6.30000019073486,"Test"
"67413","2000-12-01",-87.843956,30.243004,"2000-12-01","/home/ecologia/Documents/Lorena/capas/WorldClim_1970-2020_monthly_recortado/2000-12",44026244,108,17.3999996185303,8.60000038146973,"Train"
"67414","2000-12-01",-82.32483,29.65165,"2000-12-01","/home/ecologia/Documents/Lorena/capas/WorldClim_1970-2020_monthly_recortado/2000-12",44803576,72,20.7000007629395,7.09999990463257,"Train"
"67415","2000-12-01",-95.61148,29.563885,"2000-12-01","/home/ecologia/Documents/Lorena/capas/WorldClim_1970-2020_monthly_recortado/2000-12",44922310,85,18.6000003814697,6.90000009536743,"Train"
"67416","2000-12-01",-101.63796,19.515076,"2000-12-01","/home/ecologia/Documents/Lorena/capas/WorldClim_1970-2020_monthly_recortado/2000-12",58114021,10,21.8999996185303,4.19999980926514,"Train"
"67417","2000-12-01",-76.18213,40.17202,"2000-12-01","/home/ecologia/Documents/Lorena/capas/WorldClim_1970-2020_monthly_recortado/2000-12",30999295,85,5.69999980926514,-3.09999990463257,"Train"
"67418","2000-12-01",-97.951096,30.509552,"2000-12-01","/home/ecologia/Documents/Lorena/capas/WorldClim_1970-2020_monthly_recortado/2000-12",43674983,48,15.8999996185303,3.79999995231628,"Train"
"67419","2000-12-01",-95.48646,30.298475,"2000-12-01","/home/ecologia/Documents/Lorena/capas/WorldClim_1970-2020_monthly_recortado/2000-12",43959693,99,17.3999996185303,5.19999980926514,"Train"
"67420","2000-12-01",-99.66382,29.832073,"2000-12-01","/home/ecologia/Documents/Lorena/capas/WorldClim_1970-2020_monthly_recortado/2000-12",44571776,30,16.2999992370605,2.5,"Train"
"67421","2000-12-01",-74.12719,41.0365,"2000-12-01","/home/ecologia/Documents/Lorena/capas/WorldClim_1970-2020_monthly_recortado/2000-12",29861885,96,5.5,-3.5,"Train"
"67422","2000-12-01",-83.04854,33.95276,"2000-12-01","/home/ecologia/Documents/Lorena/capas/WorldClim_1970-2020_monthly_recortado/2000-12",39158965,102,13.3000001907349,1.20000004768372,"Train"
"67423","2000-12-01",-75.15814,38.7407,"2000-12-01","/home/ecologia/Documents/Lorena/capas/WorldClim_1970-2020_monthly_recortado/2000-12",32880926,91,9,-0.300000011920929,"Test"
"67424","2000-12-01",-84.30625,33.472477,"2000-12-01","/home/ecologia/Documents/Lorena/capas/WorldClim_1970-2020_monthly_recortado/2000-12",39793276,107,13.3000001907349,1.79999995231628,"Train"
"67425","2000-12-01",-95.971756,28.686672,"2000-12-01","/home/ecologia/Documents/Lorena/capas/WorldClim_1970-2020_monthly_recortado/2000-12",46070862,73,19.2000007629395,9,"Train"
"67426","2000-12-01",-106.222,23.23756,"2000-12-01","/home/ecologia/Documents/Lorena/capas/WorldClim_1970-2020_monthly_recortado/2000-12",53223738,25,29.5,14,"Train"
"67427","2000-12-01",-103.22162,20.32656,"2000-12-01","/home/ecologia/Documents/Lorena/capas/WorldClim_1970-2020_monthly_recortado/2000-12",57041809,8,22.3999996185303,7.69999980926514,"Train"
"67428","2000-12-01",-80.02111,40.39629,"2000-12-01","/home/ecologia/Documents/Lorena/capas/WorldClim_1970-2020_monthly_recortado/2000-12",30703481,73,5.59999990463257,-4,"Train"
"67429","2000-12-01",-100.08296,26.145006,"2000-12-01","/home/ecologia/Documents/Lorena/capas/WorldClim_1970-2020_monthly_recortado/2000-12",49406764,20,21.7000007629395,6.90000009536743,"Train"
"67430","2000-12-01",-77.05302,39.680695,"2000-12-01","/home/ecologia/Documents/Lorena/capas/WorldClim_1970-2020_monthly_recortado/2000-12",31644591,83,6.30000019073486,-3.20000004768372,"Train"
"67431","2000-12-01",-94.6478,30.150396,"2000-12-01","/home/ecologia/Documents/Lorena/capas/WorldClim_1970-2020_monthly_recortado/2000-12",44145757,123,17.6000003814697,5.90000009536743,"Test"
"67432","2000-12-01",-86.7828,36.03316,"2000-12-01","/home/ecologia/Documents/Lorena/capas/WorldClim_1970-2020_monthly_recortado/2000-12",36434706,123,10.1999998092651,-1,"Train"
"67433","2000-12-01",-81.50225,35.32614,"2000-12-01","/home/ecologia/Documents/Lorena/capas/WorldClim_1970-2020_monthly_recortado/2000-12",37354215,100,11.8000001907349,-0.600000023841858,"Train"
"67434","2000-12-01",-95.27238,29.407394,"2000-12-01","/home/ecologia/Documents/Lorena/capas/WorldClim_1970-2020_monthly_recortado/2000-12",45130192,92,18.2000007629395,7.59999990463257,"Train"
"67435","2000-12-01",-97.812546,30.431782,"2000-12-01","/home/ecologia/Documents/Lorena/capas/WorldClim_1970-2020_monthly_recortado/2000-12",43784390,49,16.2000007629395,4.19999980926514,"Test"
"67436","2000-12-01",-97.79411,33.056873,"2000-12-01","/home/ecologia/Documents/Lorena/capas/WorldClim_1970-2020_monthly_recortado/2000-12",40338607,44,14.1999998092651,1.10000002384186,"Test"
"67437","2000-12-01",-96.73953,17.148582,"2000-12-01","/home/ecologia/Documents/Lorena/capas/WorldClim_1970-2020_monthly_recortado/2000-12",61221285,10,25.2999992370605,9.60000038146973,"Test"
"67438","2000-12-01",-78.78137,38.429752,"2000-12-01","/home/ecologia/Documents/Lorena/capas/WorldClim_1970-2020_monthly_recortado/2000-12",33285234,67,7.59999990463257,-3.70000004768372,"Train"
"67439","2000-12-01",-92.054054,30.207516,"2000-12-01","/home/ecologia/Documents/Lorena/capas/WorldClim_1970-2020_monthly_recortado/2000-12",44080434,139,18.2000007629395,6.5,"Test"
"67440","2000-12-01",-72.41952,41.98154,"2000-12-01","/home/ecologia/Documents/Lorena/capas/WorldClim_1970-2020_monthly_recortado/2000-12",28625983,102,4,-6,"Test"
"67441","2000-12-01",-87.35068,30.595098,"2000-12-01","/home/ecologia/Documents/Lorena/capas/WorldClim_1970-2020_monthly_recortado/2000-12",43566865,115,17.3999996185303,5.80000019073486,"Test"
"67442","2000-12-01",-95.7065,30.133028,"2000-12-01","/home/ecologia/Documents/Lorena/capas/WorldClim_1970-2020_monthly_recortado/2000-12",44178447,92,17.3999996185303,5.5,"Test"
"67443","2000-12-01",-101.58111,19.685833,"2000-12-01","/home/ecologia/Documents/Lorena/capas/WorldClim_1970-2020_monthly_recortado/2000-12",57884309,9,21.6000003814697,4.69999980926514,"Train"
"67444","2000-12-01",-98.49359,29.42413,"2000-12-01","/home/ecologia/Documents/Lorena/capas/WorldClim_1970-2020_monthly_recortado/2000-12",45107927,44,18.2999992370605,6,"Train"
"67445","2000-12-01",-87.48704,30.31512,"2000-12-01","/home/ecologia/Documents/Lorena/capas/WorldClim_1970-2020_monthly_recortado/2000-12",43938775,103,17.2999992370605,7.69999980926514,"Test"
"67446","2000-12-01",-81.74317,33.458157,"2000-12-01","/home/ecologia/Documents/Lorena/capas/WorldClim_1970-2020_monthly_recortado/2000-12",39815461,91,15.3999996185303,1.5,"Test"
"67447","2000-12-01",-103.53054,20.728561,"2000-12-01","/home/ecologia/Documents/Lorena/capas/WorldClim_1970-2020_monthly_recortado/2000-12",56516700,7,25,6.40000009536743,"Train"
"67448","2000-12-01",-98.34366,26.213205,"2000-12-01","/home/ecologia/Documents/Lorena/capas/WorldClim_1970-2020_monthly_recortado/2000-12",49319460,28,22.2000007629395,10.1999998092651,"Train"
"67449","2000-12-01",-101.59943,19.704475,"2000-12-01","/home/ecologia/Documents/Lorena/capas/WorldClim_1970-2020_monthly_recortado/2000-12",57862429,8,21.1000003814697,4.5,"Test"
"67450","2000-12-01",-84.61218,37.172115,"2000-12-01","/home/ecologia/Documents/Lorena/capas/WorldClim_1970-2020_monthly_recortado/2000-12",34936323,119,8.5,-2,"Train"
"67451","2000-12-01",-102.300865,19.788412,"2000-12-01","/home/ecologia/Documents/Lorena/capas/WorldClim_1970-2020_monthly_recortado/2000-12",57752954,12,19.6000003814697,4.30000019073486,"Train"
"67452","2000-12-01",-89.861664,30.076912,"2000-12-01","/home/ecologia/Documents/Lorena/capas/WorldClim_1970-2020_monthly_recortado/2000-12",44244782,133,17.7000007629395,7.5,"Test"
"67453","2000-12-01",-88.55327,30.346523,"2000-12-01","/home/ecologia/Documents/Lorena/capas/WorldClim_1970-2020_monthly_recortado/2000-12",43894891,114,17.5,7.40000009536743,"Train"
"67454","2000-12-01",-75.70969,40.69665,"2000-12-01","/home/ecologia/Documents/Lorena/capas/WorldClim_1970-2020_monthly_recortado/2000-12",30310194,88,5,-4.5,"Train"
"67455","2000-12-01",-92.04973,30.393728,"2000-12-01","/home/ecologia/Documents/Lorena/capas/WorldClim_1970-2020_monthly_recortado/2000-12",43828838,140,17.5,5.69999980926514,"Train"
"67456","2000-12-01",-85.20396,34.793182,"2000-12-01","/home/ecologia/Documents/Lorena/capas/WorldClim_1970-2020_monthly_recortado/2000-12",38053867,135,11.1999998092651,-0.5,"Train"
"67457","2000-12-01",-97.826,26.172853,"2000-12-01","/home/ecologia/Documents/Lorena/capas/WorldClim_1970-2020_monthly_recortado/2000-12",49374217,32,21.7999992370605,10.5,"Train"
"67458","2000-12-01",-83.89203,40.898983,"2000-12-01","/home/ecologia/Documents/Lorena/capas/WorldClim_1970-2020_monthly_recortado/2000-12",30046676,70,3.09999990463257,-4.90000009536743,"Train"
"67459","2000-12-01",-95.00131,29.766819,"2000-12-01","/home/ecologia/Documents/Lorena/capas/WorldClim_1970-2020_monthly_recortado/2000-12",44648908,100,18.1000003814697,7.5,"Train"
"67460","2000-12-01",-96.630196,17.1166,"2000-12-01","/home/ecologia/Documents/Lorena/capas/WorldClim_1970-2020_monthly_recortado/2000-12",61265054,9,23.2999992370605,9.19999980926514,"Train"
"67461","2000-12-01",-88.68755,30.514662,"2000-12-01","/home/ecologia/Documents/Lorena/capas/WorldClim_1970-2020_monthly_recortado/2000-12",43676095,128,17.5,6.09999990463257,"Train"
"67462","2000-12-01",-84.032,33.845,"2000-12-01","/home/ecologia/Documents/Lorena/capas/WorldClim_1970-2020_monthly_recortado/2000-12",39301054,111,12.6999998092651,1.70000004768372,"Train"
"67463","2000-12-01",-101.15473,19.72375,"2000-12-01","/home/ecologia/Documents/Lorena/capas/WorldClim_1970-2020_monthly_recortado/2000-12",57840604,12,24.5,5.59999990463257,"Train"
"67464","2000-12-01",-84.194145,33.347244,"2000-12-01","/home/ecologia/Documents/Lorena/capas/WorldClim_1970-2020_monthly_recortado/2000-12",39957374,111,13.6999998092651,1.60000002384186,"Test"
"67465","2000-12-01",-70.30444,41.645256,"2000-12-01","/home/ecologia/Documents/Lorena/capas/WorldClim_1970-2020_monthly_recortado/2000-12",29063797,108,6.09999990463257,-2.29999995231628,"Train"
"67466","2000-12-01",-82.49827,35.348576,"2000-12-01","/home/ecologia/Documents/Lorena/capas/WorldClim_1970-2020_monthly_recortado/2000-12",37332218,110,10.3000001907349,-2,"Train"
"67467","2000-12-01",-73.37624,43.027847,"2000-12-01","/home/ecologia/Documents/Lorena/capas/WorldClim_1970-2020_monthly_recortado/2000-12",27247554,72,1.39999997615814,-8,"Train"
"67468","2000-12-01",-84.04998,33.981293,"2000-12-01","/home/ecologia/Documents/Lorena/capas/WorldClim_1970-2020_monthly_recortado/2000-12",39126028,116,12.6999998092651,1.5,"Train"
"67469","2000-12-01",-96.3697,30.149843,"2000-12-01","/home/ecologia/Documents/Lorena/capas/WorldClim_1970-2020_monthly_recortado/2000-12",44156489,78,17.7999992370605,5.30000019073486,"Train"
"67470","2000-12-01",-105.25525,21.036552,"2000-12-01","/home/ecologia/Documents/Lorena/capas/WorldClim_1970-2020_monthly_recortado/2000-12",56111750,22,29.7000007629395,16.5,"Train"
"67471","2000-12-01",-97.76182,30.350023,"2000-12-01","/home/ecologia/Documents/Lorena/capas/WorldClim_1970-2020_monthly_recortado/2000-12",43882847,50,16.3999996185303,4.80000019073486,"Train"
"67472","2000-12-01",-70.039665,41.775696,"2000-12-01","/home/ecologia/Documents/Lorena/capas/WorldClim_1970-2020_monthly_recortado/2000-12",28888805,108,6.19999980926514,-1.39999997615814,"Train"
"67473","2000-12-01",-103.97307,20.72709,"2000-12-01","/home/ecologia/Documents/Lorena/capas/WorldClim_1970-2020_monthly_recortado/2000-12",56516647,10,27.7999992370605,7.90000009536743,"Train"
"67474","2000-12-01",-73.147575,43.059315,"2000-12-01","/home/ecologia/Documents/Lorena/capas/WorldClim_1970-2020_monthly_recortado/2000-12",27203826,86,1.29999995231628,-8.5,"Train"
"67475","2000-12-01",-84.25299,38.20289,"2000-12-01","/home/ecologia/Documents/Lorena/capas/WorldClim_1970-2020_monthly_recortado/2000-12",33579930,98,7.30000019073486,-3.09999990463257,"Train"
"67476","2000-12-01",-97.027306,28.810156,"2000-12-01","/home/ecologia/Documents/Lorena/capas/WorldClim_1970-2020_monthly_recortado/2000-12",45906650,53,19.7999992370605,7.80000019073486,"Train"
"67477","2000-12-01",-98.33045,26.181435,"2000-12-01","/home/ecologia/Documents/Lorena/capas/WorldClim_1970-2020_monthly_recortado/2000-12",49363218,28,21.7000007629395,10.1000003814697,"Train"
"67478","2000-12-01",-75.045494,39.881382,"2000-12-01","/home/ecologia/Documents/Lorena/capas/WorldClim_1970-2020_monthly_recortado/2000-12",31382296,91,7.59999990463257,-1.89999997615814,"Train"
"67479","2000-12-01",-103.54038,19.53381,"2000-12-01","/home/ecologia/Documents/Lorena/capas/WorldClim_1970-2020_monthly_recortado/2000-12",58080976,21,20.2999992370605,6.59999990463257,"Train"
"67480","2000-12-01",-82.95317,34.6857,"2000-12-01","/home/ecologia/Documents/Lorena/capas/WorldClim_1970-2020_monthly_recortado/2000-12",38196344,123,12.6999998092651,0.600000023841858,"Test"
"67481","2000-12-01",-103.71265,19.849892,"2000-12-01","/home/ecologia/Documents/Lorena/capas/WorldClim_1970-2020_monthly_recortado/2000-12",57676212,17,20.2000007629395,5.19999980926514,"Train"
"67482","2000-12-01",-99.82012,19.169907,"2000-12-01","/home/ecologia/Documents/Lorena/capas/WorldClim_1970-2020_monthly_recortado/2000-12",58562738,14,14.3999996185303,0.600000023841858,"Train"
"67483","2000-12-01",-90.4427,30.431,"2000-12-01","/home/ecologia/Documents/Lorena/capas/WorldClim_1970-2020_monthly_recortado/2000-12",43785274,141,18,5.59999990463257,"Test"
"67484","2000-12-01",-84.075424,33.52726,"2000-12-01","/home/ecologia/Documents/Lorena/capas/WorldClim_1970-2020_monthly_recortado/2000-12",39716730,106,13.5,1.60000002384186,"Train"
"67485","2000-12-01",-96.30094,30.775099,"2000-12-01","/home/ecologia/Documents/Lorena/capas/WorldClim_1970-2020_monthly_recortado/2000-12",43325133,75,17,4.69999980926514,"Test"
"67486","2000-12-01",-96.2536,30.689623,"2000-12-01","/home/ecologia/Documents/Lorena/capas/WorldClim_1970-2020_monthly_recortado/2000-12",43445468,77,17,5,"Test"
"67487","2000-12-01",-97.97887,26.178164,"2000-12-01","/home/ecologia/Documents/Lorena/capas/WorldClim_1970-2020_monthly_recortado/2000-12",49363260,30,22.1000003814697,10.6999998092651,"Train"
"67488","2000-12-01",-70.43497,41.621433,"2000-12-01","/home/ecologia/Documents/Lorena/capas/WorldClim_1970-2020_monthly_recortado/2000-12",29096598,110,5.90000009536743,-2.29999995231628,"Test"
"67489","2000-12-01",-84.45282,34.48827,"2000-12-01","/home/ecologia/Documents/Lorena/capas/WorldClim_1970-2020_monthly_recortado/2000-12",38458700,136,10.8000001907349,0,"Train"
"67490","2000-12-01",-83.706894,33.846497,"2000-12-01","/home/ecologia/Documents/Lorena/capas/WorldClim_1970-2020_monthly_recortado/2000-12",39301093,106,12.8999996185303,1.29999995231628,"Train"
"67491","2000-12-01",-95.43519,29.823942,"2000-12-01","/home/ecologia/Documents/Lorena/capas/WorldClim_1970-2020_monthly_recortado/2000-12",44583222,90,18.7000007629395,7,"Train"
"67492","2000-12-01",-97.7109,30.72938,"2000-12-01","/home/ecologia/Documents/Lorena/capas/WorldClim_1970-2020_monthly_recortado/2000-12",43390598,50,15.8999996185303,3.40000009536743,"Train"
"67493","2000-12-01",-95.25643,29.538366,"2000-12-01","/home/ecologia/Documents/Lorena/capas/WorldClim_1970-2020_monthly_recortado/2000-12",44955170,92,18,7.5,"Test"
"67494","2000-12-01",-87.16413,35.933125,"2000-12-01","/home/ecologia/Documents/Lorena/capas/WorldClim_1970-2020_monthly_recortado/2000-12",36565928,132,10.3999996185303,-1.60000002384186,"Train"
"67495","2000-12-01",-95.52911,30.217524,"2000-12-01","/home/ecologia/Documents/Lorena/capas/WorldClim_1970-2020_monthly_recortado/2000-12",44058139,97,17.5,5.59999990463257,"Train"
"67496","2000-12-01",-95.06149,30.713055,"2000-12-01","/home/ecologia/Documents/Lorena/capas/WorldClim_1970-2020_monthly_recortado/2000-12",43412794,115,17,5.69999980926514,"Test"
"67497","2000-12-01",-99.1162,26.514858,"2000-12-01","/home/ecologia/Documents/Lorena/capas/WorldClim_1970-2020_monthly_recortado/2000-12",48925564,23,21.3999996185303,8.69999980926514,"Train"
"67498","2000-12-01",-97.32722,27.893673,"2000-12-01","/home/ecologia/Documents/Lorena/capas/WorldClim_1970-2020_monthly_recortado/2000-12",47109904,43,20,9.69999980926514,"Train"
"67499","2000-12-01",-79.20533,37.38349,"2000-12-01","/home/ecologia/Documents/Lorena/capas/WorldClim_1970-2020_monthly_recortado/2000-12",34652558,80,9.69999980926514,-1.79999995231628,"Train"
"67500","2000-12-01",-87.33998,30.60849,"2000-12-01","/home/ecologia/Documents/Lorena/capas/WorldClim_1970-2020_monthly_recortado/2000-12",43544989,114,17.3999996185303,5.69999980926514,"Train"
"67501","2000-12-01",-81.28134,36.126392,"2000-12-01","/home/ecologia/Documents/Lorena/capas/WorldClim_1970-2020_monthly_recortado/2000-12",36304098,90,11.1000003814697,-2.40000009536743,"Train"
"67502","2000-12-01",-97.7707,30.369814,"2000-12-01","/home/ecologia/Documents/Lorena/capas/WorldClim_1970-2020_monthly_recortado/2000-12",43860968,50,16.2000007629395,4.59999990463257,"Train"
"67503","2000-12-01",-98.43532,29.579817,"2000-12-01","/home/ecologia/Documents/Lorena/capas/WorldClim_1970-2020_monthly_recortado/2000-12",44900093,48,17.7000007629395,5.09999990463257,"Train"
"67504","2000-12-01",-93.29439,37.04335,"2000-12-01","/home/ecologia/Documents/Lorena/capas/WorldClim_1970-2020_monthly_recortado/2000-12",35099366,81,7.80000019073486,-3.70000004768372,"Train"
"67505","2000-12-01",-97.49057,31.101028,"2000-12-01","/home/ecologia/Documents/Lorena/capas/WorldClim_1970-2020_monthly_recortado/2000-12",42898370,55,15.6999998092651,4.09999990463257,"Test"
"67506","2000-12-01",-95.553055,39.02124,"2000-12-01","/home/ecologia/Documents/Lorena/capas/WorldClim_1970-2020_monthly_recortado/2000-12",32506552,37,5.30000019073486,-5.19999980926514,"Train"
"67507","2000-12-01",-82.295,29.62213,"2000-12-01","/home/ecologia/Documents/Lorena/capas/WorldClim_1970-2020_monthly_recortado/2000-12",44847335,70,20.7000007629395,7,"Test"
"67508","2000-12-01",-79.05583,35.91324,"2000-12-01","/home/ecologia/Documents/Lorena/capas/WorldClim_1970-2020_monthly_recortado/2000-12",36588779,82,12.1000003814697,-0.5,"Test"
"67509","2000-12-01",-85.98365,39.88505,"2000-12-01","/home/ecologia/Documents/Lorena/capas/WorldClim_1970-2020_monthly_recortado/2000-12",31370044,75,3.90000009536743,-4.69999980926514,"Train"
"67510","2000-12-01",-98.46217,29.572495,"2000-12-01","/home/ecologia/Documents/Lorena/capas/WorldClim_1970-2020_monthly_recortado/2000-12",44911029,48,17.7000007629395,5.30000019073486,"Train"
"67511","2000-12-01",-97.92764,30.401918,"2000-12-01","/home/ecologia/Documents/Lorena/capas/WorldClim_1970-2020_monthly_recortado/2000-12",43817193,48,16.2999992370605,5,"Train"
"67512","2000-12-01",-95.55596,29.926298,"2000-12-01","/home/ecologia/Documents/Lorena/capas/WorldClim_1970-2020_monthly_recortado/2000-12",44441001,91,18.6000003814697,6.40000009536743,"Test"
"67513","2000-12-01",-81.808235,41.09821,"2000-12-01","/home/ecologia/Documents/Lorena/capas/WorldClim_1970-2020_monthly_recortado/2000-12",29784391,75,3.09999990463257,-4.80000019073486,"Train"
"67514","2000-12-01",-96.48928,16.169483,"2000-12-01","/home/ecologia/Documents/Lorena/capas/WorldClim_1970-2020_monthly_recortado/2000-12",62501178,9,20.2000007629395,8.80000019073486,"Train"
"67515","2000-12-01",-98.52787,29.611929,"2000-12-01","/home/ecologia/Documents/Lorena/capas/WorldClim_1970-2020_monthly_recortado/2000-12",44856326,48,17.2000007629395,4.90000009536743,"Train"
"67516","2000-12-01",-98.47199,29.693872,"2000-12-01","/home/ecologia/Documents/Lorena/capas/WorldClim_1970-2020_monthly_recortado/2000-12",44746943,51,16.5,4,"Train"
"67517","2000-12-01",-88.662094,37.06588,"2000-12-01","/home/ecologia/Documents/Lorena/capas/WorldClim_1970-2020_monthly_recortado/2000-12",35078044,118,8.69999980926514,-1.5,"Train"
"67518","2000-12-01",-96.90036,32.528725,"2000-12-01","/home/ecologia/Documents/Lorena/capas/WorldClim_1970-2020_monthly_recortado/2000-12",41027871,61,14.3999996185303,2.5,"Train"
"67519","2000-12-01",-84.8924,31.442266,"2000-12-01","/home/ecologia/Documents/Lorena/capas/WorldClim_1970-2020_monthly_recortado/2000-12",42451382,123,17.3999996185303,4.19999980926514,"Test"
"67520","2000-12-01",-74.9875,39.256668,"2000-12-01","/home/ecologia/Documents/Lorena/capas/WorldClim_1970-2020_monthly_recortado/2000-12",32202728,90,8.39999961853027,-1.20000004768372,"Train"
"67521","2000-12-01",-79.46095,36.073837,"2000-12-01","/home/ecologia/Documents/Lorena/capas/WorldClim_1970-2020_monthly_recortado/2000-12",36380889,87,11.6000003814697,-0.800000011920929,"Test"
"67522","2000-12-01",-75.90411,40.21716,"2000-12-01","/home/ecologia/Documents/Lorena/capas/WorldClim_1970-2020_monthly_recortado/2000-12",30933694,91,5.5,-3.20000004768372,"Train"
"67523","2000-12-01",-104.24427,32.43834,"2000-12-01","/home/ecologia/Documents/Lorena/capas/WorldClim_1970-2020_monthly_recortado/2000-12",41147319,14,15.1000003814697,-1.89999997615814,"Train"
"67524","2000-12-01",-76.33275,43.15867,"2000-12-01","/home/ecologia/Documents/Lorena/capas/WorldClim_1970-2020_monthly_recortado/2000-12",27072176,88,1.70000004768372,-5.69999980926514,"Train"
"67525","2000-12-01",-84.64001,33.77877,"2000-12-01","/home/ecologia/Documents/Lorena/capas/WorldClim_1970-2020_monthly_recortado/2000-12",39388493,114,12.5,1.29999995231628,"Train"
"67526","2000-12-01",-103.15569,20.32594,"2000-12-01","/home/ecologia/Documents/Lorena/capas/WorldClim_1970-2020_monthly_recortado/2000-12",57041817,7,24.1000003814697,9.10000038146973,"Train"
"67527","2000-12-01",-98.76762,29.971872,"2000-12-01","/home/ecologia/Documents/Lorena/capas/WorldClim_1970-2020_monthly_recortado/2000-12",44385920,45,16.7000007629395,2.5,"Test"
"67528","2000-12-01",-97.79114,30.299995,"2000-12-01","/home/ecologia/Documents/Lorena/capas/WorldClim_1970-2020_monthly_recortado/2000-12",43959417,50,16.6000003814697,5,"Train"
"67529","2000-12-01",-94.133255,36.092285,"2000-12-01","/home/ecologia/Documents/Lorena/capas/WorldClim_1970-2020_monthly_recortado/2000-12",36346312,84,9.5,-2,"Test"
"67530","2000-12-01",-96.560776,28.676222,"2000-12-01","/home/ecologia/Documents/Lorena/capas/WorldClim_1970-2020_monthly_recortado/2000-12",46081730,63,19,8.69999980926514,"Train"
"67531","2000-12-01",-87.706436,30.331676,"2000-12-01","/home/ecologia/Documents/Lorena/capas/WorldClim_1970-2020_monthly_recortado/2000-12",43916871,109,18,6.69999980926514,"Train"
"67532","2000-12-01",-89.73391,30.252796,"2000-12-01","/home/ecologia/Documents/Lorena/capas/WorldClim_1970-2020_monthly_recortado/2000-12",44015078,136,18.2999992370605,6.40000009536743,"Train"
"67533","2000-12-01",-84.260315,30.471247,"2000-12-01","/home/ecologia/Documents/Lorena/capas/WorldClim_1970-2020_monthly_recortado/2000-12",43731321,103,18.7000007629395,5.69999980926514,"Train"
"67534","2000-12-01",-79.19372,37.451702,"2000-12-01","/home/ecologia/Documents/Lorena/capas/WorldClim_1970-2020_monthly_recortado/2000-12",34565047,80,9.69999980926514,-1.70000004768372,"Test"
"67535","2000-12-01",-96.60711,17.177113,"2000-12-01","/home/ecologia/Documents/Lorena/capas/WorldClim_1970-2020_monthly_recortado/2000-12",61177545,21,15.3999996185303,5.69999980926514,"Train"
"67536","2000-12-01",-85.34188,42.968,"2000-12-01","/home/ecologia/Documents/Lorena/capas/WorldClim_1970-2020_monthly_recortado/2000-12",27322691,67,1.29999995231628,-6.30000019073486,"Train"
"67537","2000-12-01",-91.11612,30.437958,"2000-12-01","/home/ecologia/Documents/Lorena/capas/WorldClim_1970-2020_monthly_recortado/2000-12",43774255,137,18,6,"Train"
"67538","2000-12-01",-81.50805,35.93888,"2000-12-01","/home/ecologia/Documents/Lorena/capas/WorldClim_1970-2020_monthly_recortado/2000-12",36555668,90,11.1000003814697,-1.89999997615814,"Train"
"67539","2000-12-01",-95.97965,28.76852,"2000-12-01","/home/ecologia/Documents/Lorena/capas/WorldClim_1970-2020_monthly_recortado/2000-12",45961471,75,19.2000007629395,9.19999980926514,"Train"
"67540","2000-12-01",-95.724434,30.161715,"2000-12-01","/home/ecologia/Documents/Lorena/capas/WorldClim_1970-2020_monthly_recortado/2000-12",44134689,92,17.2999992370605,5.5,"Train"
"67541","2000-12-01",-98.53981,29.514318,"2000-12-01","/home/ecologia/Documents/Lorena/capas/WorldClim_1970-2020_monthly_recortado/2000-12",44987593,45,18,5.69999980926514,"Test"
"67542","2000-12-01",-104.73642,20.627535,"2000-12-01","/home/ecologia/Documents/Lorena/capas/WorldClim_1970-2020_monthly_recortado/2000-12",56647823,22,20.1000003814697,4.30000019073486,"Train"
"67543","2000-12-01",-82.11587,29.05523,"2000-12-01","/home/ecologia/Documents/Lorena/capas/WorldClim_1970-2020_monthly_recortado/2000-12",45591209,63,22.2000007629395,7.90000009536743,"Test"
"67544","2000-12-01",-89.90479,30.310246,"2000-12-01","/home/ecologia/Documents/Lorena/capas/WorldClim_1970-2020_monthly_recortado/2000-12",43938485,136,17.8999996185303,6,"Test"
"67545","2000-12-01",-95.51401,30.22074,"2000-12-01","/home/ecologia/Documents/Lorena/capas/WorldClim_1970-2020_monthly_recortado/2000-12",44058141,97,17.6000003814697,5.69999980926514,"Test"
"67546","2000-12-01",-96.13899,29.79796,"2000-12-01","/home/ecologia/Documents/Lorena/capas/WorldClim_1970-2020_monthly_recortado/2000-12",44615955,78,18.6000003814697,5.59999990463257,"Test"
"67547","2000-12-01",-95.61372,29.61399,"2000-12-01","/home/ecologia/Documents/Lorena/capas/WorldClim_1970-2020_monthly_recortado/2000-12",44856676,85,18.8999996185303,7.09999990463257,"Test"
"67548","2000-12-01",-79.28494,37.36497,"2000-12-01","/home/ecologia/Documents/Lorena/capas/WorldClim_1970-2020_monthly_recortado/2000-12",34685365,81,9.5,-1.89999997615814,"Train"
"67549","2000-12-01",-95.47224,30.21491,"2000-12-01","/home/ecologia/Documents/Lorena/capas/WorldClim_1970-2020_monthly_recortado/2000-12",44069085,98,17.7999992370605,5.90000009536743,"Train"
"67550","2000-12-01",-106.577,31.81808,"2000-12-01","/home/ecologia/Documents/Lorena/capas/WorldClim_1970-2020_monthly_recortado/2000-12",41956525,17,14.8000001907349,-1.10000002384186,"Test"
"67551","2000-12-01",-82.39138,29.67106,"2000-12-01","/home/ecologia/Documents/Lorena/capas/WorldClim_1970-2020_monthly_recortado/2000-12",44781690,72,20.7000007629395,7,"Train"
"67552","2000-12-01",-79.20483,38.14046,"2000-12-01","/home/ecologia/Documents/Lorena/capas/WorldClim_1970-2020_monthly_recortado/2000-12",33668048,70,7.90000009536743,-3.79999995231628,"Train"
"67553","2000-12-01",-100.117,19.16959,"2000-12-01","/home/ecologia/Documents/Lorena/capas/WorldClim_1970-2020_monthly_recortado/2000-12",58562702,9,22.1000003814697,7.09999990463257,"Train"
"67554","2000-12-01",-106.8131,32.36264,"2000-12-01","/home/ecologia/Documents/Lorena/capas/WorldClim_1970-2020_monthly_recortado/2000-12",41245462,20,14.8999996185303,-2.70000004768372,"Train"
"67555","2000-12-01",-88.33008,42.0365,"2000-12-01","/home/ecologia/Documents/Lorena/capas/WorldClim_1970-2020_monthly_recortado/2000-12",28547501,54,1,-7.69999980926514,"Train"
"67556","2000-12-01",-98.63299,29.74147,"2000-12-01","/home/ecologia/Documents/Lorena/capas/WorldClim_1970-2020_monthly_recortado/2000-12",44692229,50,16.6000003814697,3.5,"Test"
"67557","2000-12-01",-79.31594,37.41687,"2000-12-01","/home/ecologia/Documents/Lorena/capas/WorldClim_1970-2020_monthly_recortado/2000-12",34608789,80,9.60000038146973,-1.70000004768372,"Train"
"67558","2000-12-01",-98.46114,29.49737,"2000-12-01","/home/ecologia/Documents/Lorena/capas/WorldClim_1970-2020_monthly_recortado/2000-12",45009480,46,17.7999992370605,5.59999990463257,"Train"
"67559","2000-12-01",-83.82858,33.83958,"2000-12-01","/home/ecologia/Documents/Lorena/capas/WorldClim_1970-2020_monthly_recortado/2000-12",39312017,107,12.8000001907349,1.39999997615814,"Train"
"67560","2000-12-01",-73.6813,41.40318,"2000-12-01","/home/ecologia/Documents/Lorena/capas/WorldClim_1970-2020_monthly_recortado/2000-12",29380623,98,4.19999980926514,-4.69999980926514,"Test"
"67561","2000-12-01",-87.36776,36.07343,"2000-12-01","/home/ecologia/Documents/Lorena/capas/WorldClim_1970-2020_monthly_recortado/2000-12",36379940,135,10.3000001907349,-1.70000004768372,"Train"
"67562","2000-12-01",-98.45725,29.48036,"2000-12-01","/home/ecologia/Documents/Lorena/capas/WorldClim_1970-2020_monthly_recortado/2000-12",45031359,46,17.7999992370605,5.59999990463257,"Test"
"67563","2000-12-01",-98.09472,29.83926,"2000-12-01","/home/ecologia/Documents/Lorena/capas/WorldClim_1970-2020_monthly_recortado/2000-12",44561025,55,16.7000007629395,4.30000019073486,"Train"
"67564","2000-12-01",-77.29739,38.87936,"2000-12-01","/home/ecologia/Documents/Lorena/capas/WorldClim_1970-2020_monthly_recortado/2000-12",32694706,80,8.5,-1.79999995231628,"Test"
"67565","2000-12-01",-72.88467,41.84092,"2000-12-01","/home/ecologia/Documents/Lorena/capas/WorldClim_1970-2020_monthly_recortado/2000-12",28811890,105,3.79999995231628,-5.90000009536743,"Test"
"67566","2000-12-01",-90.08799,30.02128,"2000-12-01","/home/ecologia/Documents/Lorena/capas/WorldClim_1970-2020_monthly_recortado/2000-12",44321328,128,18.7999992370605,7.40000009536743,"Train"
"67567","2000-12-01",-82.43926,27.26741,"2000-12-01","/home/ecologia/Documents/Lorena/capas/WorldClim_1970-2020_monthly_recortado/2000-12",47932116,57,24.1000003814697,11.6000003814697,"Test"
"67568","2000-12-01",-87.65005,41.85003,"2000-12-01","/home/ecologia/Documents/Lorena/capas/WorldClim_1970-2020_monthly_recortado/2000-12",28788240,65,1.89999997615814,-6,"Train"
"67569","2000-12-01",-85.73989,38.97536,"2000-12-01","/home/ecologia/Documents/Lorena/capas/WorldClim_1970-2020_monthly_recortado/2000-12",32562425,85,6.09999990463257,-3.5,"Train"
"67570","2000-12-01",-117.0328,32.66517,"2000-12-01","/home/ecologia/Documents/Lorena/capas/WorldClim_1970-2020_monthly_recortado/2000-12",40850432,33,20.6000003814697,7.09999990463257,"Train"
"67571","2000-12-01",-72.18532,40.96382,"2000-12-01","/home/ecologia/Documents/Lorena/capas/WorldClim_1970-2020_monthly_recortado/2000-12",29960569,110,6.19999980926514,-2.29999995231628,"Train"
"67572","2000-12-01",-95.95103,29.78603,"2000-12-01","/home/ecologia/Documents/Lorena/capas/WorldClim_1970-2020_monthly_recortado/2000-12",44626916,81,18.2000007629395,5.90000009536743,"Test"
"67573","2000-12-01",-97.61532,26.05985,"2000-12-01","/home/ecologia/Documents/Lorena/capas/WorldClim_1970-2020_monthly_recortado/2000-12",49516450,32,21.3999996185303,10.6000003814697,"Train"
"67574","2000-12-01",-88.25326,36.94343,"2000-12-01","/home/ecologia/Documents/Lorena/capas/WorldClim_1970-2020_monthly_recortado/2000-12",35231239,125,9.30000019073486,-0.699999988079071,"Train"
"67575","2000-12-01",-104.1284,19.28239,"2000-12-01","/home/ecologia/Documents/Lorena/capas/WorldClim_1970-2020_monthly_recortado/2000-12",58420014,15,30.2999992370605,15,"Train"
"67576","2000-12-01",-101.6968,33.62108,"2000-12-01","/home/ecologia/Documents/Lorena/capas/WorldClim_1970-2020_monthly_recortado/2000-12",39594287,13,12.6000003814697,-2.70000004768372,"Train"
"67577","2000-12-01",-95.6087,29.87503,"2000-12-01","/home/ecologia/Documents/Lorena/capas/WorldClim_1970-2020_monthly_recortado/2000-12",44506628,90,18.6000003814697,6.5,"Train"
"67578","2000-12-01",-85.82348,37.68035,"2000-12-01","/home/ecologia/Documents/Lorena/capas/WorldClim_1970-2020_monthly_recortado/2000-12",34268899,115,8.10000038146973,-2.20000004768372,"Test"
"67579","2000-12-01",-91.0038,30.41117,"2000-12-01","/home/ecologia/Documents/Lorena/capas/WorldClim_1970-2020_monthly_recortado/2000-12",43807085,139,18,5.80000019073486,"Train"
"67580","2000-12-01",-97.76032,30.72793,"2000-12-01","/home/ecologia/Documents/Lorena/capas/WorldClim_1970-2020_monthly_recortado/2000-12",43390592,50,15.8999996185303,3.5,"Test"
"67581","2000-12-01",-77.91055,39.91461,"2000-12-01","/home/ecologia/Documents/Lorena/capas/WorldClim_1970-2020_monthly_recortado/2000-12",31338196,71,5.69999980926514,-3.5,"Train"
"67582","2000-12-01",-97.72739,30.71161,"2000-12-01","/home/ecologia/Documents/Lorena/capas/WorldClim_1970-2020_monthly_recortado/2000-12",43412474,50,15.8999996185303,3.59999990463257,"Test"
"67583","2000-12-01",-106.4921,35.04698,"2000-12-01","/home/ecologia/Documents/Lorena/capas/WorldClim_1970-2020_monthly_recortado/2000-12",37723142,16,9.30000019073486,-5.09999990463257,"Train"
"67584","2000-12-01",-97.99365,26.21084,"2000-12-01","/home/ecologia/Documents/Lorena/capas/WorldClim_1970-2020_monthly_recortado/2000-12",49319502,30,22,10.3000001907349,"Train"
"67585","2000-12-01",-91.97512,29.97304,"2000-12-01","/home/ecologia/Documents/Lorena/capas/WorldClim_1970-2020_monthly_recortado/2000-12",44386735,133,17.8999996185303,7,"Train"
"67586","2000-12-01",-97.74451,30.23867,"2000-12-01","/home/ecologia/Documents/Lorena/capas/WorldClim_1970-2020_monthly_recortado/2000-12",44035995,51,17.1000003814697,5.09999990463257,"Train"
"67587","2000-12-01",-80.98399,36.19061,"2000-12-01","/home/ecologia/Documents/Lorena/capas/WorldClim_1970-2020_monthly_recortado/2000-12",36227560,90,11,-2.5,"Train"
"67588","2000-12-01",-105.9313,23.41011,"2000-12-01","/home/ecologia/Documents/Lorena/capas/WorldClim_1970-2020_monthly_recortado/2000-12",52994054,45,27.7999992370605,13.1000003814697,"Train"
"67589","2000-12-01",-106.6469,32.28644,"2000-12-01","/home/ecologia/Documents/Lorena/capas/WorldClim_1970-2020_monthly_recortado/2000-12",41343933,22,14,-2.40000009536743,"Test"
"67590","2000-12-01",-95.30371,29.71627,"2000-12-01","/home/ecologia/Documents/Lorena/capas/WorldClim_1970-2020_monthly_recortado/2000-12",44725445,92,18.6000003814697,7.80000019073486,"Test"
"67591","2000-12-01",-95.45203,29.76539,"2000-12-01","/home/ecologia/Documents/Lorena/capas/WorldClim_1970-2020_monthly_recortado/2000-12",44659793,89,18.5,7.30000019073486,"Train"
"67592","2000-12-01",-92.31477,34.56991,"2000-12-01","/home/ecologia/Documents/Lorena/capas/WorldClim_1970-2020_monthly_recortado/2000-12",38348367,127,11.6999998092651,0.600000023841858,"Train"
"67593","2000-12-01",-105.8412,23.48329,"2000-12-01","/home/ecologia/Documents/Lorena/capas/WorldClim_1970-2020_monthly_recortado/2000-12",52906553,85,22.1000003814697,5.59999990463257,"Train"
"67594","2000-12-01",-79.95062,32.71016,"2000-12-01","/home/ecologia/Documents/Lorena/capas/WorldClim_1970-2020_monthly_recortado/2000-12",40789247,80,16.3999996185303,5.59999990463257,"Train"
"67595","2000-12-01",-108.8756,33.32202,"2000-12-01","/home/ecologia/Documents/Lorena/capas/WorldClim_1970-2020_monthly_recortado/2000-12",39987229,40,13.6000003814697,-4.5,"Test"
"67596","2000-12-01",-97.95026,17.33802,"2000-12-01","/home/ecologia/Documents/Lorena/capas/WorldClim_1970-2020_monthly_recortado/2000-12",60969542,5,20.2000007629395,5.90000009536743,"Train"
"67597","2000-12-01",-97.77713,30.46737,"2000-12-01","/home/ecologia/Documents/Lorena/capas/WorldClim_1970-2020_monthly_recortado/2000-12",43729699,50,16.5,4.09999990463257,"Test"
"67598","2000-12-01",-98.99918,26.61186,"2000-12-01","/home/ecologia/Documents/Lorena/capas/WorldClim_1970-2020_monthly_recortado/2000-12",48794310,23,21.5,8.69999980926514,"Train"
"67599","2000-12-01",-91.06976,30.43136,"2000-12-01","/home/ecologia/Documents/Lorena/capas/WorldClim_1970-2020_monthly_recortado/2000-12",43785199,139,18.2000007629395,6,"Train"
"67600","2000-12-01",-98.55405,20.45446,"2000-12-01","/home/ecologia/Documents/Lorena/capas/WorldClim_1970-2020_monthly_recortado/2000-12",56878284,19,23,6.90000009536743,"Train"
"67601","2000-12-01",-84.53455,38.92755,"2000-12-01","/home/ecologia/Documents/Lorena/capas/WorldClim_1970-2020_monthly_recortado/2000-12",32628203,85,6.09999990463257,-3.5,"Test"
"67602","2000-12-01",-89.36485,30.39657,"2000-12-01","/home/ecologia/Documents/Lorena/capas/WorldClim_1970-2020_monthly_recortado/2000-12",43829160,131,17.6000003814697,6.19999980926514,"Test"
"67603","2000-12-01",-83.46184,33.87051,"2000-12-01","/home/ecologia/Documents/Lorena/capas/WorldClim_1970-2020_monthly_recortado/2000-12",39268305,104,13.1999998092651,1.29999995231628,"Train"
"67604","2000-12-01",-95.67818,29.84201,"2000-12-01","/home/ecologia/Documents/Lorena/capas/WorldClim_1970-2020_monthly_recortado/2000-12",44550376,87,18.5,6.40000009536743,"Train"
"67605","2000-12-01",-96.6993,33.19533,"2000-12-01","/home/ecologia/Documents/Lorena/capas/WorldClim_1970-2020_monthly_recortado/2000-12",40152776,59,13.6000003814697,1.70000004768372,"Train"
"67606","2000-12-01",-84.2082,30.52827,"2000-12-01","/home/ecologia/Documents/Lorena/capas/WorldClim_1970-2020_monthly_recortado/2000-12",43654755,103,18.6000003814697,5.30000019073486,"Train"
"67607","2000-12-01",-71.00779,42.019,"2000-12-01","/home/ecologia/Documents/Lorena/capas/WorldClim_1970-2020_monthly_recortado/2000-12",28571458,108,5.30000019073486,-4.40000009536743,"Train"
"67608","2000-12-01",-104.0572,20.65163,"2000-12-01","/home/ecologia/Documents/Lorena/capas/WorldClim_1970-2020_monthly_recortado/2000-12",56615088,12,21.7999992370605,6.19999980926514,"Test"
"67609","2000-12-01",-89.68203,43.23654,"2000-12-01","/home/ecologia/Documents/Lorena/capas/WorldClim_1970-2020_monthly_recortado/2000-12",26972123,40,-0.800000011920929,-10.3000001907349,"Train"
"67610","2000-12-01",-97.88128,30.10487,"2000-12-01","/home/ecologia/Documents/Lorena/capas/WorldClim_1970-2020_monthly_recortado/2000-12",44211003,52,16.7999992370605,4,"Train"
"67611","2000-12-01",-97.60099,26.15575,"2000-12-01","/home/ecologia/Documents/Lorena/capas/WorldClim_1970-2020_monthly_recortado/2000-12",49396122,35,21.5,10.6000003814697,"Train"
"67612","2000-12-01",-83.95361,34.90428,"2000-12-01","/home/ecologia/Documents/Lorena/capas/WorldClim_1970-2020_monthly_recortado/2000-12",37911810,136,10.8000001907349,-1.89999997615814,"Test"
"67613","2000-12-01",-82.10263,29.2522,"2000-12-01","/home/ecologia/Documents/Lorena/capas/WorldClim_1970-2020_monthly_recortado/2000-12",45328674,66,21.7999992370605,7.59999990463257,"Train"
"67614","2000-12-01",-84.35387,34.4753,"2000-12-01","/home/ecologia/Documents/Lorena/capas/WorldClim_1970-2020_monthly_recortado/2000-12",38469651,139,10.8000001907349,0,"Train"
"67615","2000-12-01",-92.54584,34.68322,"2000-12-01","/home/ecologia/Documents/Lorena/capas/WorldClim_1970-2020_monthly_recortado/2000-12",38206132,127,11.5,0.100000001490116,"Train"
"67616","2000-12-01",-96.35983,16.82524,"2000-12-01","/home/ecologia/Documents/Lorena/capas/WorldClim_1970-2020_monthly_recortado/2000-12",61637012,4,24.2999992370605,10.1999998092651,"Train"
"67617","2000-12-01",-97.74738,30.32718,"2000-12-01","/home/ecologia/Documents/Lorena/capas/WorldClim_1970-2020_monthly_recortado/2000-12",43915666,50,16.7000007629395,5,"Train"
"67618","2000-12-01",-75.15891,39.86114,"2000-12-01","/home/ecologia/Documents/Lorena/capas/WorldClim_1970-2020_monthly_recortado/2000-12",31404160,89,7.59999990463257,-1.60000002384186,"Train"
"67619","2000-12-01",-80.78275,35.09754,"2000-12-01","/home/ecologia/Documents/Lorena/capas/WorldClim_1970-2020_monthly_recortado/2000-12",37660594,87,12.6999998092651,0.699999988079071,"Train"
"67620","2000-12-01",-76.51002,38.5132,"2000-12-01","/home/ecologia/Documents/Lorena/capas/WorldClim_1970-2020_monthly_recortado/2000-12",33176116,83,9.30000019073486,-0.899999976158142,"Train"
"67621","2000-12-01",-96.27886,30.49398,"2000-12-01","/home/ecologia/Documents/Lorena/capas/WorldClim_1970-2020_monthly_recortado/2000-12",43697062,76,17.1000003814697,5.19999980926514,"Train"
"67622","2000-12-01",-96.33971,29.55675,"2000-12-01","/home/ecologia/Documents/Lorena/capas/WorldClim_1970-2020_monthly_recortado/2000-12",44933162,74,18.7000007629395,6,"Train"
"67623","2000-12-01",-111.2901,32.915,"2000-12-01","/home/ecologia/Documents/Lorena/capas/WorldClim_1970-2020_monthly_recortado/2000-12",40522951,39,18.2999992370605,3.70000004768372,"Train"
"67624","2000-12-01",-96.71478,17.11581,"2000-12-01","/home/ecologia/Documents/Lorena/capas/WorldClim_1970-2020_monthly_recortado/2000-12",61265044,7,26,9.89999961853027,"Train"
"67625","2000-12-01",-96.50844,17.0129,"2000-12-01","/home/ecologia/Documents/Lorena/capas/WorldClim_1970-2020_monthly_recortado/2000-12",61396336,4,27.5,10.1999998092651,"Test"
"67626","2000-12-01",-81.03481,35.02002,"2000-12-01","/home/ecologia/Documents/Lorena/capas/WorldClim_1970-2020_monthly_recortado/2000-12",37759014,90,12.6000003814697,0.899999976158142,"Test"
"67627","2000-12-01",-75.37318,38.85616,"2000-12-01","/home/ecologia/Documents/Lorena/capas/WorldClim_1970-2020_monthly_recortado/2000-12",32727754,91,8.80000019073486,-1.10000002384186,"Train"
"67628","2000-12-01",-104.8694,20.76709,"2000-12-01","/home/ecologia/Documents/Lorena/capas/WorldClim_1970-2020_monthly_recortado/2000-12",56461844,20,24.3999996185303,8.19999980926514,"Train"
"67629","2000-12-01",-89.09431,30.36902,"2000-12-01","/home/ecologia/Documents/Lorena/capas/WorldClim_1970-2020_monthly_recortado/2000-12",43862009,129,17.7000007629395,7,"Train"
"67630","2000-12-01",-93.29829,37.21535,"2000-12-01","/home/ecologia/Documents/Lorena/capas/WorldClim_1970-2020_monthly_recortado/2000-12",34880586,79,7.80000019073486,-3.29999995231628,"Test"
"67631","2000-12-01",-76.58089,39.66225,"2000-12-01","/home/ecologia/Documents/Lorena/capas/WorldClim_1970-2020_monthly_recortado/2000-12",31666526,88,6.09999990463257,-2.70000004768372,"Train"
"67632","2000-12-01",-85.62357,39.00615,"2000-12-01","/home/ecologia/Documents/Lorena/capas/WorldClim_1970-2020_monthly_recortado/2000-12",32529622,86,6,-3.5,"Train"
"67633","2000-12-01",-97.75871,30.41781,"2000-12-01","/home/ecologia/Documents/Lorena/capas/WorldClim_1970-2020_monthly_recortado/2000-12",43795335,50,16.5,4.5,"Train"
"67634","2000-12-01",-85.37819,42.95997,"2000-12-01","/home/ecologia/Documents/Lorena/capas/WorldClim_1970-2020_monthly_recortado/2000-12",27333626,67,1.20000004768372,-6.30000019073486,"Train"
"67635","2000-12-01",-85.67481,38.21811,"2000-12-01","/home/ecologia/Documents/Lorena/capas/WorldClim_1970-2020_monthly_recortado/2000-12",33557882,100,7.69999980926514,-1.89999997615814,"Train"
"67636","2000-12-01",-81.7187,26.15479,"2000-12-01","/home/ecologia/Documents/Lorena/capas/WorldClim_1970-2020_monthly_recortado/2000-12",49398028,42,25.7999992370605,13.8000001907349,"Test"
"67637","2000-12-01",-105.0271,20.38946,"2000-12-01","/home/ecologia/Documents/Lorena/capas/WorldClim_1970-2020_monthly_recortado/2000-12",56965019,28,18.7000007629395,4.69999980926514,"Test"
"67638","2000-12-01",-72.60761,41.69881,"2000-12-01","/home/ecologia/Documents/Lorena/capas/WorldClim_1970-2020_monthly_recortado/2000-12",28997887,98,5,-4.5,"Train"
"67639","2000-12-01",-89.13757,30.63714,"2000-12-01","/home/ecologia/Documents/Lorena/capas/WorldClim_1970-2020_monthly_recortado/2000-12",43511956,140,17.2999992370605,5.5,"Test"
"67640","2000-12-01",-88.03661,30.86659,"2000-12-01","/home/ecologia/Documents/Lorena/capas/WorldClim_1970-2020_monthly_recortado/2000-12",43216735,128,17.5,5,"Train"
"67641","2000-12-01",-101.0109,19.6379,"2000-12-01","/home/ecologia/Documents/Lorena/capas/WorldClim_1970-2020_monthly_recortado/2000-12",57950011,9,20.6000003814697,7.40000009536743,"Train"
"67642","2000-12-01",-93.73749,30.09873,"2000-12-01","/home/ecologia/Documents/Lorena/capas/WorldClim_1970-2020_monthly_recortado/2000-12",44222439,132,17.5,6.40000009536743,"Train"
"67643","2000-12-01",-98.66483,29.65791,"2000-12-01","/home/ecologia/Documents/Lorena/capas/WorldClim_1970-2020_monthly_recortado/2000-12",44801615,48,16.6000003814697,3.90000009536743,"Train"
"67644","2000-12-01",-122.884,49.27629,"2000-12-01","/home/ecologia/Documents/Lorena/capas/WorldClim_1970-2020_monthly_recortado/2000-12",19037363,293,5.80000019073486,1,"Train"
"67645","2000-12-01",-84.83118,38.21073,"2000-12-01","/home/ecologia/Documents/Lorena/capas/WorldClim_1970-2020_monthly_recortado/2000-12",33568922,97,7.40000009536743,-2.90000009536743,"Train"
"67646","2000-12-01",-75.47933,42.29338,"2000-12-01","/home/ecologia/Documents/Lorena/capas/WorldClim_1970-2020_monthly_recortado/2000-12",28209934,77,2.20000004768372,-6.69999980926514,"Train"
"67647","2000-12-01",-73.15675,41.2665,"2000-12-01","/home/ecologia/Documents/Lorena/capas/WorldClim_1970-2020_monthly_recortado/2000-12",29566649,106,5.19999980926514,-3.59999990463257,"Train"
"67648","2000-12-01",-103.713,19.86531,"2000-12-01","/home/ecologia/Documents/Lorena/capas/WorldClim_1970-2020_monthly_recortado/2000-12",57654334,16,20.5,5.09999990463257,"Train"
"67649","2000-12-01",-103.3368,20.29097,"2000-12-01","/home/ecologia/Documents/Lorena/capas/WorldClim_1970-2020_monthly_recortado/2000-12",57096490,8,22.7000007629395,10,"Train"
"67650","2000-12-01",-84.15449,34.29176,"2000-12-01","/home/ecologia/Documents/Lorena/capas/WorldClim_1970-2020_monthly_recortado/2000-12",38710333,129,11.6000003814697,0.400000005960464,"Test"
"67651","2000-12-01",-76.88992,39.53744,"2000-12-01","/home/ecologia/Documents/Lorena/capas/WorldClim_1970-2020_monthly_recortado/2000-12",31830574,86,6.59999990463257,-2.79999995231628,"Test"
"67652","2000-12-01",-101.9311,33.5747,"2000-12-01","/home/ecologia/Documents/Lorena/capas/WorldClim_1970-2020_monthly_recortado/2000-12",39659893,14,12.6999998092651,-2.09999990463257,"Train"
"67653","2000-12-01",-101.9857,19.8417,"2000-12-01","/home/ecologia/Documents/Lorena/capas/WorldClim_1970-2020_monthly_recortado/2000-12",57676419,9,22.2999992370605,4.19999980926514,"Train"
"67654","2000-12-01",-77.23566,38.8886,"2000-12-01","/home/ecologia/Documents/Lorena/capas/WorldClim_1970-2020_monthly_recortado/2000-12",32683774,81,8.5,-1.70000004768372,"Train"
"67655","2000-12-01",-78.27408,38.54012,"2000-12-01","/home/ecologia/Documents/Lorena/capas/WorldClim_1970-2020_monthly_recortado/2000-12",33143088,73,8.80000019073486,-2.79999995231628,"Train"
"67656","2000-12-01",-100.4337,19.38325,"2000-12-01","/home/ecologia/Documents/Lorena/capas/WorldClim_1970-2020_monthly_recortado/2000-12",58289189,7,25.1000003814697,8.69999980926514,"Train"
"67657","2000-12-01",-79.74713,36.19321,"2000-12-01","/home/ecologia/Documents/Lorena/capas/WorldClim_1970-2020_monthly_recortado/2000-12",36216770,87,11,-0.899999976158142,"Train"
"67658","2000-12-01",-92.26868,34.78956,"2000-12-01","/home/ecologia/Documents/Lorena/capas/WorldClim_1970-2020_monthly_recortado/2000-12",38063958,123,11.8999996185303,1,"Train"
"67659","2000-12-01",-75.4029,39.89864,"2000-12-01","/home/ecologia/Documents/Lorena/capas/WorldClim_1970-2020_monthly_recortado/2000-12",31360375,92,6.80000019073486,-2,"Train"
"67660","2000-12-01",-79.04173,35.96812,"2000-12-01","/home/ecologia/Documents/Lorena/capas/WorldClim_1970-2020_monthly_recortado/2000-12",36512207,83,12.1000003814697,-0.400000005960464,"Train"
"67661","2000-12-01",-94.65168,32.36865,"2000-12-01","/home/ecologia/Documents/Lorena/capas/WorldClim_1970-2020_monthly_recortado/2000-12",41235982,113,14.8999996185303,2.79999995231628,"Test"
"67662","2000-12-01",-77.51418,38.85921,"2000-12-01","/home/ecologia/Documents/Lorena/capas/WorldClim_1970-2020_monthly_recortado/2000-12",32716558,77,8.5,-2.29999995231628,"Train"
"67663","2000-12-01",-98.11546,29.706,"2000-12-01","/home/ecologia/Documents/Lorena/capas/WorldClim_1970-2020_monthly_recortado/2000-12",44736047,54,17.6000003814697,4.69999980926514,"Train"
"67664","2000-12-01",-95.83887,36.36449,"2000-12-01","/home/ecologia/Documents/Lorena/capas/WorldClim_1970-2020_monthly_recortado/2000-12",35996059,57,10,-2.09999990463257,"Train"
"67665","2000-12-01",-101.7065,19.45628,"2000-12-01","/home/ecologia/Documents/Lorena/capas/WorldClim_1970-2020_monthly_recortado/2000-12",58190586,11,21.3999996185303,4.80000019073486,"Train"
"67666","2000-12-01",-84.27663,34.47844,"2000-12-01","/home/ecologia/Documents/Lorena/capas/WorldClim_1970-2020_monthly_recortado/2000-12",38469660,138,10.8999996185303,-0.100000001490116,"Train"
"67667","2000-12-01",-94.79559,29.81209,"2000-12-01","/home/ecologia/Documents/Lorena/capas/WorldClim_1970-2020_monthly_recortado/2000-12",44594238,107,17.7999992370605,7.09999990463257,"Train"
"67668","2000-12-01",-98.13601,26.29185,"2000-12-01","/home/ecologia/Documents/Lorena/capas/WorldClim_1970-2020_monthly_recortado/2000-12",49210095,30,22.2000007629395,10.3000001907349,"Test"
"67669","2000-12-01",-95.61101,30.21695,"2000-12-01","/home/ecologia/Documents/Lorena/capas/WorldClim_1970-2020_monthly_recortado/2000-12",44058129,95,17.2000007629395,5.30000019073486,"Test"
"67670","2000-12-01",-89.98901,32.27827,"2000-12-01","/home/ecologia/Documents/Lorena/capas/WorldClim_1970-2020_monthly_recortado/2000-12",41356871,154,15.1000003814697,2.5,"Train"
"67671","2000-12-01",-75.32937,40.82296,"2000-12-01","/home/ecologia/Documents/Lorena/capas/WorldClim_1970-2020_monthly_recortado/2000-12",30146155,90,4.69999980926514,-4.80000019073486,"Test"
"67672","2000-12-01",-97.96589,26.06319,"2000-12-01","/home/ecologia/Documents/Lorena/capas/WorldClim_1970-2020_monthly_recortado/2000-12",49516408,29,21.7999992370605,10.3999996185303,"Test"
"67673","2000-12-01",-97.85711,30.17094,"2000-12-01","/home/ecologia/Documents/Lorena/capas/WorldClim_1970-2020_monthly_recortado/2000-12",44123494,51,16.7000007629395,4.09999990463257,"Test"
"67674","2000-12-01",-82.79016,35.18957,"2000-12-01","/home/ecologia/Documents/Lorena/capas/WorldClim_1970-2020_monthly_recortado/2000-12",37540024,155,10.8000001907349,-2,"Train"
"67675","2000-12-01",-83.98138,34.07944,"2000-12-01","/home/ecologia/Documents/Lorena/capas/WorldClim_1970-2020_monthly_recortado/2000-12",38994768,119,12.1000003814697,0.899999976158142,"Test"
"67676","2000-12-01",-95.56267,29.77355,"2000-12-01","/home/ecologia/Documents/Lorena/capas/WorldClim_1970-2020_monthly_recortado/2000-12",44648841,88,18.6000003814697,7,"Train"
"67677","2000-12-01",-83.85154,43.0639,"2000-12-01","/home/ecologia/Documents/Lorena/capas/WorldClim_1970-2020_monthly_recortado/2000-12",27202541,53,1,-6.30000019073486,"Train"
"67678","2000-12-01",-87.56458,37.86215,"2000-12-01","/home/ecologia/Documents/Lorena/capas/WorldClim_1970-2020_monthly_recortado/2000-12",34028032,96,7.69999980926514,-1.5,"Train"
"67679","2000-12-01",-81.8017,41.06146,"2000-12-01","/home/ecologia/Documents/Lorena/capas/WorldClim_1970-2020_monthly_recortado/2000-12",29828147,75,2.90000009536743,-4.90000009536743,"Test"
"67680","2000-12-01",-83.95065,43.32033,"2000-12-01","/home/ecologia/Documents/Lorena/capas/WorldClim_1970-2020_monthly_recortado/2000-12",26863420,51,0.800000011920929,-6.59999990463257,"Train"
"67681","2000-12-01",-87.21687,30.4213,"2000-12-01","/home/ecologia/Documents/Lorena/capas/WorldClim_1970-2020_monthly_recortado/2000-12",43796600,104,17.7000007629395,7,"Train"
"67682","2000-12-01",-97.72947,26.17217,"2000-12-01","/home/ecologia/Documents/Lorena/capas/WorldClim_1970-2020_monthly_recortado/2000-12",49374229,34,21.5,10.3999996185303,"Train"
"67683","2000-12-01",-97.6458,30.2182,"2000-12-01","/home/ecologia/Documents/Lorena/capas/WorldClim_1970-2020_monthly_recortado/2000-12",44057885,51,17.1000003814697,4.59999990463257,"Train"
"67684","2000-12-01",-72.58242,41.28411,"2000-12-01","/home/ecologia/Documents/Lorena/capas/WorldClim_1970-2020_monthly_recortado/2000-12",29533901,108,5.80000019073486,-3.20000004768372,"Train"
"67685","2000-12-01",-89.73711,30.2767,"2000-12-01","/home/ecologia/Documents/Lorena/capas/WorldClim_1970-2020_monthly_recortado/2000-12",43982261,138,18.2000007629395,6.30000019073486,"Test"
"67686","2000-12-01",-95.49011,30.16666,"2000-12-01","/home/ecologia/Documents/Lorena/capas/WorldClim_1970-2020_monthly_recortado/2000-12",44134717,96,17.7999992370605,5.90000009536743,"Test"
"67687","2000-12-01",-89.68759,41.79495,"2000-12-01","/home/ecologia/Documents/Lorena/capas/WorldClim_1970-2020_monthly_recortado/2000-12",28864569,52,0.800000011920929,-8.39999961853027,"Train"
"67688","2000-12-01",-103.5255,20.70121,"2000-12-01","/home/ecologia/Documents/Lorena/capas/WorldClim_1970-2020_monthly_recortado/2000-12",56549517,8,23.2000007629395,6.5,"Train"
"67689","2000-12-01",-87.28484,36.53448,"2000-12-01","/home/ecologia/Documents/Lorena/capas/WorldClim_1970-2020_monthly_recortado/2000-12",35767366,127,10.1000003814697,-1.5,"Train"
"67690","2000-12-01",-98.42378,29.50739,"2000-12-01","/home/ecologia/Documents/Lorena/capas/WorldClim_1970-2020_monthly_recortado/2000-12",44998546,46,17.7999992370605,5.5,"Train"
"67691","2000-12-01",-96.09509,28.64751,"2000-12-01","/home/ecologia/Documents/Lorena/capas/WorldClim_1970-2020_monthly_recortado/2000-12",46125542,73,19.1000003814697,8.80000019073486,"Test"
"67692","2000-12-01",-75.07291,39.80372,"2000-12-01","/home/ecologia/Documents/Lorena/capas/WorldClim_1970-2020_monthly_recortado/2000-12",31480744,91,7.59999990463257,-1.79999995231628,"Train"
"67693","2000-12-01",-89.14925,30.35136,"2000-12-01","/home/ecologia/Documents/Lorena/capas/WorldClim_1970-2020_monthly_recortado/2000-12",43883881,124,17.6000003814697,6.90000009536743,"Train"
"67694","2000-12-01",-91.0469,30.4575,"2000-12-01","/home/ecologia/Documents/Lorena/capas/WorldClim_1970-2020_monthly_recortado/2000-12",43752385,139,18,5.80000019073486,"Train"
"67695","2000-12-01",-99.78487,29.21211,"2000-12-01","/home/ecologia/Documents/Lorena/capas/WorldClim_1970-2020_monthly_recortado/2000-12",45381247,27,18.3999996185303,4.5,"Test"
"67696","2000-12-01",-72.31368,41.29275,"2000-12-01","/home/ecologia/Documents/Lorena/capas/WorldClim_1970-2020_monthly_recortado/2000-12",29522994,110,6,-3.09999990463257,"Train"
"67697","2000-12-01",-84.20138,33.86842,"2000-12-01","/home/ecologia/Documents/Lorena/capas/WorldClim_1970-2020_monthly_recortado/2000-12",39268216,115,12.6000003814697,1.79999995231628,"Train"
"67698","2000-12-01",-69.98535,41.81528,"2000-12-01","/home/ecologia/Documents/Lorena/capas/WorldClim_1970-2020_monthly_recortado/2000-12",28845055,108,6,-1.20000004768372,"Test"
"67699","2000-12-01",-98.1645,29.72058,"2000-12-01","/home/ecologia/Documents/Lorena/capas/WorldClim_1970-2020_monthly_recortado/2000-12",44714163,54,17.1000003814697,4.80000019073486,"Train"
"67700","2000-12-01",-102.3527,19.37428,"2000-12-01","/home/ecologia/Documents/Lorena/capas/WorldClim_1970-2020_monthly_recortado/2000-12",58299898,12,20.7999992370605,5.19999980926514,"Train"
"67701","2000-12-01",-79.75079,36.1723,"2000-12-01","/home/ecologia/Documents/Lorena/capas/WorldClim_1970-2020_monthly_recortado/2000-12",36249586,87,11,-0.800000011920929,"Train"
"67702","2000-12-01",-103.5728,19.44843,"2000-12-01","/home/ecologia/Documents/Lorena/capas/WorldClim_1970-2020_monthly_recortado/2000-12",58201301,20,25,8.39999961853027,"Test"
"67703","2000-12-01",-97.70468,26.19907,"2000-12-01","/home/ecologia/Documents/Lorena/capas/WorldClim_1970-2020_monthly_recortado/2000-12",49341415,35,21.7000007629395,10.6000003814697,"Train"
"67704","2000-12-01",-95.64205,30.11847,"2000-12-01","/home/ecologia/Documents/Lorena/capas/WorldClim_1970-2020_monthly_recortado/2000-12",44189393,93,17.6000003814697,5.59999990463257,"Test"
"67705","2000-12-01",-77.56785,37.50497,"2000-12-01","/home/ecologia/Documents/Lorena/capas/WorldClim_1970-2020_monthly_recortado/2000-12",34499608,83,10.6000003814697,-1.10000002384186,"Train"
"67706","2000-12-01",-79.96242,32.7337,"2000-12-01","/home/ecologia/Documents/Lorena/capas/WorldClim_1970-2020_monthly_recortado/2000-12",40756429,80,16.3999996185303,5.5,"Train"
"67707","2000-12-01",-97.71792,26.23538,"2000-12-01","/home/ecologia/Documents/Lorena/capas/WorldClim_1970-2020_monthly_recortado/2000-12",49286718,35,22,10.3999996185303,"Train"
"67708","2000-12-01",-95.54893,29.97428,"2000-12-01","/home/ecologia/Documents/Lorena/capas/WorldClim_1970-2020_monthly_recortado/2000-12",44386307,92,18.3999996185303,6.5,"Train"
"67709","2000-12-01",-80.79466,28.55066,"2000-12-01","/home/ecologia/Documents/Lorena/capas/WorldClim_1970-2020_monthly_recortado/2000-12",46247707,59,21.7000007629395,11.6000003814697,"Test"
"67710","2000-12-01",-91.64095,41.80158,"2000-12-01","/home/ecologia/Documents/Lorena/capas/WorldClim_1970-2020_monthly_recortado/2000-12",28853396,40,0.5,-8.30000019073486,"Test"
"67711","2000-12-01",-94.2254,36.04268,"2000-12-01","/home/ecologia/Documents/Lorena/capas/WorldClim_1970-2020_monthly_recortado/2000-12",36411934,83,9.60000038146973,-2,"Test"
"67712","2000-12-01",-95.21735,29.53257,"2000-12-01","/home/ecologia/Documents/Lorena/capas/WorldClim_1970-2020_monthly_recortado/2000-12",44966113,92,18,7.69999980926514,"Train"
"67713","2000-12-01",-101.8059,19.80353,"2000-12-01","/home/ecologia/Documents/Lorena/capas/WorldClim_1970-2020_monthly_recortado/2000-12",57731136,12,21.5,4.19999980926514,"Train"
"67714","2000-12-01",-90.70177,29.45755,"2000-12-01","/home/ecologia/Documents/Lorena/capas/WorldClim_1970-2020_monthly_recortado/2000-12",45065106,117,18.5,9,"Train"
"67715","2000-12-01",-84.40294,33.86837,"2000-12-01","/home/ecologia/Documents/Lorena/capas/WorldClim_1970-2020_monthly_recortado/2000-12",39268192,113,12.5,1.89999997615814,"Train"
"67716","2000-12-01",-98.51099,29.536,"2000-12-01","/home/ecologia/Documents/Lorena/capas/WorldClim_1970-2020_monthly_recortado/2000-12",44954779,47,17.7000007629395,5.5,"Train"
"67717","2000-12-01",-104.0103,30.63378,"2000-12-01","/home/ecologia/Documents/Lorena/capas/WorldClim_1970-2020_monthly_recortado/2000-12",43510171,14,14.6999998092651,-0.800000011920929,"Train"
"67718","2000-12-01",-100.2972,19.67624,"2000-12-01","/home/ecologia/Documents/Lorena/capas/WorldClim_1970-2020_monthly_recortado/2000-12",57895402,17,14.3999996185303,2.20000004768372,"Test"
"67719","2000-12-01",-97.91297,18.82069,"2000-12-01","/home/ecologia/Documents/Lorena/capas/WorldClim_1970-2020_monthly_recortado/2000-12",59022405,5,24.1000003814697,5.5,"Train"
"67720","2000-12-01",-98.42656,29.69362,"2000-12-01","/home/ecologia/Documents/Lorena/capas/WorldClim_1970-2020_monthly_recortado/2000-12",44746948,51,16.5,4.19999980926514,"Train"
"67721","2000-12-01",-77.34534,37.34242,"2000-12-01","/home/ecologia/Documents/Lorena/capas/WorldClim_1970-2020_monthly_recortado/2000-12",34707476,81,11.1999998092651,-0.400000005960464,"Train"
"67722","2000-12-01",-99.10466,30.08473,"2000-12-01","/home/ecologia/Documents/Lorena/capas/WorldClim_1970-2020_monthly_recortado/2000-12",44232734,36,16.1000003814697,2.29999995231628,"Train"
"67723","2000-12-01",-99.19418,30.01954,"2000-12-01","/home/ecologia/Documents/Lorena/capas/WorldClim_1970-2020_monthly_recortado/2000-12",44320235,36,16.2000007629395,2.20000004768372,"Train"
"67724","2000-12-01",-84.0296,33.87095,"2000-12-01","/home/ecologia/Documents/Lorena/capas/WorldClim_1970-2020_monthly_recortado/2000-12",39268237,113,12.6999998092651,1.70000004768372,"Test"
"67725","2000-12-01",-101.9127,33.58882,"2000-12-01","/home/ecologia/Documents/Lorena/capas/WorldClim_1970-2020_monthly_recortado/2000-12",39638017,14,12.6999998092651,-2.09999990463257,"Test"
"67726","2000-12-01",-81.91952,42.95439,"2000-12-01","/home/ecologia/Documents/Lorena/capas/WorldClim_1970-2020_monthly_recortado/2000-12",27344980,82,1.29999995231628,-5.30000019073486,"Test"
"67727","2000-12-01",-104.8833,21.53331,"2000-12-01","/home/ecologia/Documents/Lorena/capas/WorldClim_1970-2020_monthly_recortado/2000-12",55466394,25,28.6000003814697,10.3000001907349,"Train"
"67728","2000-12-01",-96.29131,30.54536,"2000-12-01","/home/ecologia/Documents/Lorena/capas/WorldClim_1970-2020_monthly_recortado/2000-12",43631427,76,17.1000003814697,5.09999990463257,"Train"
"67729","2000-12-01",-105.4124,20.89976,"2000-12-01","/home/ecologia/Documents/Lorena/capas/WorldClim_1970-2020_monthly_recortado/2000-12",56297694,22,28.5,16.3999996185303,"Train"
"67730","2000-12-01",-96.44285,16.09867,"2000-12-01","/home/ecologia/Documents/Lorena/capas/WorldClim_1970-2020_monthly_recortado/2000-12",62599634,10,21.8999996185303,10.1000003814697,"Train"
"67731","2000-12-01",-93.69775,32.36991,"2000-12-01","/home/ecologia/Documents/Lorena/capas/WorldClim_1970-2020_monthly_recortado/2000-12",41236097,119,15,2.90000009536743,"Train"
"67732","2000-12-01",-74.88993,40.63943,"2000-12-01","/home/ecologia/Documents/Lorena/capas/WorldClim_1970-2020_monthly_recortado/2000-12",30386866,95,5.80000019073486,-4.09999990463257,"Train"
"67733","2000-12-01",-104.0074,20.70161,"2000-12-01","/home/ecologia/Documents/Lorena/capas/WorldClim_1970-2020_monthly_recortado/2000-12",56549460,13,26.8999996185303,7.80000019073486,"Train"
"67734","2000-12-01",-95.56277,30.67667,"2000-12-01","/home/ecologia/Documents/Lorena/capas/WorldClim_1970-2020_monthly_recortado/2000-12",43456490,97,16.5,4.80000019073486,"Train"
"67735","2000-12-01",-92.408,34.67904,"2000-12-01","/home/ecologia/Documents/Lorena/capas/WorldClim_1970-2020_monthly_recortado/2000-12",38206149,125,11.8000001907349,0.600000023841858,"Test"
"67736","2000-12-01",-97.68494,26.21369,"2000-12-01","/home/ecologia/Documents/Lorena/capas/WorldClim_1970-2020_monthly_recortado/2000-12",49319539,36,21.7999992370605,10.6999998092651,"Train"
"67737","2000-12-01",-74.81374,40.22281,"2000-12-01","/home/ecologia/Documents/Lorena/capas/WorldClim_1970-2020_monthly_recortado/2000-12",30933825,94,7.09999990463257,-2.5,"Train"
"67738","2000-12-01",-82.3838,29.68645,"2000-12-01","/home/ecologia/Documents/Lorena/capas/WorldClim_1970-2020_monthly_recortado/2000-12",44759812,72,20.6000003814697,6.90000009536743,"Test"
"67739","2000-12-01",-103.7866,30.37545,"2000-12-01","/home/ecologia/Documents/Lorena/capas/WorldClim_1970-2020_monthly_recortado/2000-12",43849307,14,15.1000003814697,-0.200000002980232,"Test"
"67740","2000-12-01",-98.25124,28.47258,"2000-12-01","/home/ecologia/Documents/Lorena/capas/WorldClim_1970-2020_monthly_recortado/2000-12",46355002,31,19.6000003814697,7.69999980926514,"Test"
"67741","2000-12-01",-97.518,28.05471,"2000-12-01","/home/ecologia/Documents/Lorena/capas/WorldClim_1970-2020_monthly_recortado/2000-12",46902040,42,20,8.30000019073486,"Train"
"67742","2000-12-01",-84.49296,34.0328,"2000-12-01","/home/ecologia/Documents/Lorena/capas/WorldClim_1970-2020_monthly_recortado/2000-12",39060340,120,12,1.39999997615814,"Train"
"67743","2000-12-01",-98.26095,29.58506,"2000-12-01","/home/ecologia/Documents/Lorena/capas/WorldClim_1970-2020_monthly_recortado/2000-12",44889175,50,17.6000003814697,5,"Train"
"67744","2000-12-01",-93.2506,30.30461,"2000-12-01","/home/ecologia/Documents/Lorena/capas/WorldClim_1970-2020_monthly_recortado/2000-12",43949022,140,17,6,"Train"
"67745","2000-12-01",-90.91555,30.1598,"2000-12-01","/home/ecologia/Documents/Lorena/capas/WorldClim_1970-2020_monthly_recortado/2000-12",44135266,134,18.2999992370605,6.09999990463257,"Train"
"67746","2000-12-01",-81.26563,36.23825,"2000-12-01","/home/ecologia/Documents/Lorena/capas/WorldClim_1970-2020_monthly_recortado/2000-12",36161893,88,10.8999996185303,-2.59999990463257,"Test"
"67747","2000-12-01",-86.22884,30.396,"2000-12-01","/home/ecologia/Documents/Lorena/capas/WorldClim_1970-2020_monthly_recortado/2000-12",43829536,105,17.7999992370605,7.09999990463257,"Train"
"67748","2000-12-01",-82.13044,40.65274,"2000-12-01","/home/ecologia/Documents/Lorena/capas/WorldClim_1970-2020_monthly_recortado/2000-12",30364119,71,3.79999995231628,-4.90000009536743,"Test"
"67749","2000-12-01",-116.881,32.09225,"2000-12-01","/home/ecologia/Documents/Lorena/capas/WorldClim_1970-2020_monthly_recortado/2000-12",41594302,36,19.2999992370605,6.59999990463257,"Train"
"67750","2000-12-01",-95.56046,29.56271,"2000-12-01","/home/ecologia/Documents/Lorena/capas/WorldClim_1970-2020_monthly_recortado/2000-12",44922316,86,18.5,6.90000009536743,"Train"
"67751","2000-12-01",-80.33171,35.1426,"2000-12-01","/home/ecologia/Documents/Lorena/capas/WorldClim_1970-2020_monthly_recortado/2000-12",37595014,87,12.6999998092651,0.200000002980232,"Train"
"67752","2000-12-01",-88.31274,30.85365,"2000-12-01","/home/ecologia/Documents/Lorena/capas/WorldClim_1970-2020_monthly_recortado/2000-12",43227641,132,17.2000007629395,4.5,"Train"
"67753","2000-12-01",-88.18302,30.6359,"2000-12-01","/home/ecologia/Documents/Lorena/capas/WorldClim_1970-2020_monthly_recortado/2000-12",43512071,120,17.6000003814697,5.80000019073486,"Test"
"67754","2000-12-01",-87.16387,30.3571,"2000-12-01","/home/ecologia/Documents/Lorena/capas/WorldClim_1970-2020_monthly_recortado/2000-12",43884119,101,17.8999996185303,9.80000019073486,"Train"
"67755","2000-12-01",-70.88477,42.17454,"2000-12-01","/home/ecologia/Documents/Lorena/capas/WorldClim_1970-2020_monthly_recortado/2000-12",28374570,108,5.09999990463257,-4,"Test"
"67756","2000-12-01",-76.44189,39.46821,"2000-12-01","/home/ecologia/Documents/Lorena/capas/WorldClim_1970-2020_monthly_recortado/2000-12",31918139,94,6.80000019073486,-1.89999997615814,"Test"
"67757","2000-12-01",-83.46931,34.19379,"2000-12-01","/home/ecologia/Documents/Lorena/capas/WorldClim_1970-2020_monthly_recortado/2000-12",38841683,112,12.6999998092651,0.800000011920929,"Train"
"67758","2000-12-01",-93.26493,30.18949,"2000-12-01","/home/ecologia/Documents/Lorena/capas/WorldClim_1970-2020_monthly_recortado/2000-12",44102167,135,17.2999992370605,6.80000019073486,"Test"
"67759","2000-12-01",-85.40836,32.60231,"2000-12-01","/home/ecologia/Documents/Lorena/capas/WorldClim_1970-2020_monthly_recortado/2000-12",40930799,136,15.1000003814697,2.40000009536743,"Test"
"67760","2000-12-01",-85.20964,34.8153,"2000-12-01","/home/ecologia/Documents/Lorena/capas/WorldClim_1970-2020_monthly_recortado/2000-12",38031988,133,11.3999996185303,-0.5,"Train"
"67761","2000-12-01",-88.13191,41.30927,"2000-12-01","/home/ecologia/Documents/Lorena/capas/WorldClim_1970-2020_monthly_recortado/2000-12",29499218,64,2.20000004768372,-6.69999980926514,"Test"
"67762","2000-12-01",-94.59589,29.47315,"2000-12-01","/home/ecologia/Documents/Lorena/capas/WorldClim_1970-2020_monthly_recortado/2000-12",45042761,98,16.6000003814697,8.80000019073486,"Train"
"67763","2000-12-01",-82.56139,40.7472,"2000-12-01","/home/ecologia/Documents/Lorena/capas/WorldClim_1970-2020_monthly_recortado/2000-12",30243738,72,3.20000004768372,-5.09999990463257,"Test"
"67764","2000-12-01",-95.72937,29.62182,"2000-12-01","/home/ecologia/Documents/Lorena/capas/WorldClim_1970-2020_monthly_recortado/2000-12",44845723,83,18.6000003814697,6.30000019073486,"Train"
"67765","2000-12-01",-85.12887,41.13065,"2000-12-01","/home/ecologia/Documents/Lorena/capas/WorldClim_1970-2020_monthly_recortado/2000-12",29740236,70,2.70000004768372,-5.5,"Train"
"67766","2000-12-01",-119.4762,34.39153,"2000-12-01","/home/ecologia/Documents/Lorena/capas/WorldClim_1970-2020_monthly_recortado/2000-12",38585765,61,18.2999992370605,5.59999990463257,"Train"
"67767","2000-12-01",-84.2549,30.44442,"2000-12-01","/home/ecologia/Documents/Lorena/capas/WorldClim_1970-2020_monthly_recortado/2000-12",43764139,104,18.7999992370605,5.59999990463257,"Train"
"67768","2000-12-01",-122.354,47.69603,"2000-12-01","/home/ecologia/Documents/Lorena/capas/WorldClim_1970-2020_monthly_recortado/2000-12",21115837,162,7.5,1.70000004768372,"Train"
"67769","2000-12-01",-97.17608,30.05226,"2000-12-01","/home/ecologia/Documents/Lorena/capas/WorldClim_1970-2020_monthly_recortado/2000-12",44276721,62,17.7000007629395,5,"Train"
"67770","2000-12-01",-98.59444,29.35834,"2000-12-01","/home/ecologia/Documents/Lorena/capas/WorldClim_1970-2020_monthly_recortado/2000-12",45184488,41,17.8999996185303,5.40000009536743,"Train"
"67771","2000-12-01",-104.82,20.74769,"2000-12-01","/home/ecologia/Documents/Lorena/capas/WorldClim_1970-2020_monthly_recortado/2000-12",56494667,24,20.7999992370605,5.30000019073486,"Train"
"67772","2000-12-01",-98.64856,29.27771,"2000-12-01","/home/ecologia/Documents/Lorena/capas/WorldClim_1970-2020_monthly_recortado/2000-12",45293872,38,18.1000003814697,5.09999990463257,"Train"
"67773","2000-12-01",-75.51881,39.7837,"2000-12-01","/home/ecologia/Documents/Lorena/capas/WorldClim_1970-2020_monthly_recortado/2000-12",31502568,96,6.90000009536743,-1.89999997615814,"Train"
"67774","2000-12-01",-82.0302,36.59145,"2000-12-01","/home/ecologia/Documents/Lorena/capas/WorldClim_1970-2020_monthly_recortado/2000-12",35702363,83,9.60000038146973,-2.59999990463257,"Test"
"67775","2000-12-01",-97.9098,30.22189,"2000-12-01","/home/ecologia/Documents/Lorena/capas/WorldClim_1970-2020_monthly_recortado/2000-12",44057853,51,16.2999992370605,4,"Train"
"67776","2000-12-01",-77.01244,35.01166,"2000-12-01","/home/ecologia/Documents/Lorena/capas/WorldClim_1970-2020_monthly_recortado/2000-12",37770436,96,14.1000003814697,2.40000009536743,"Train"
"67777","2000-12-01",-97.99757,26.15883,"2000-12-01","/home/ecologia/Documents/Lorena/capas/WorldClim_1970-2020_monthly_recortado/2000-12",49385136,30,22.1000003814697,10.8000001907349,"Train"
"67778","2000-12-01",-105.247,21.58958,"2000-12-01","/home/ecologia/Documents/Lorena/capas/WorldClim_1970-2020_monthly_recortado/2000-12",55389777,22,29.6000003814697,16.8999996185303,"Train"
"67779","2000-12-01",-86.73286,33.38807,"2000-12-01","/home/ecologia/Documents/Lorena/capas/WorldClim_1970-2020_monthly_recortado/2000-12",39902375,127,13.8999996185303,1.5,"Train"
"67780","2000-12-01",-96.65202,33.18317,"2000-12-01","/home/ecologia/Documents/Lorena/capas/WorldClim_1970-2020_monthly_recortado/2000-12",40174659,60,13.6999998092651,1.79999995231628,"Train"
"67781","2000-12-01",-98.23328,30.77624,"2000-12-01","/home/ecologia/Documents/Lorena/capas/WorldClim_1970-2020_monthly_recortado/2000-12",43324902,43,15.8999996185303,2.5,"Train"
"67782","2000-12-01",-81.34224,35.75129,"2000-12-01","/home/ecologia/Documents/Lorena/capas/WorldClim_1970-2020_monthly_recortado/2000-12",36796345,94,11.3999996185303,-1.10000002384186,"Train"
"67783","2000-12-01",-103.7136,19.27655,"2000-12-01","/home/ecologia/Documents/Lorena/capas/WorldClim_1970-2020_monthly_recortado/2000-12",58420064,9,32.7999992370605,16.2999992370605,"Test"
"67784","2000-12-01",-90.8093,29.7365,"2000-12-01","/home/ecologia/Documents/Lorena/capas/WorldClim_1970-2020_monthly_recortado/2000-12",44693167,128,18.7999992370605,7.09999990463257,"Test"
"67785","2000-12-01",-99.02151,19.44504,"2000-12-01","/home/ecologia/Documents/Lorena/capas/WorldClim_1970-2020_monthly_recortado/2000-12",58201847,6,23.5,5,"Test"
"67786","2000-12-01",-89.65462,37.37306,"2000-12-01","/home/ecologia/Documents/Lorena/capas/WorldClim_1970-2020_monthly_recortado/2000-12",34673182,107,7.59999990463257,-2.40000009536743,"Test"
"67787","2000-12-01",-97.0298,28.86688,"2000-12-01","/home/ecologia/Documents/Lorena/capas/WorldClim_1970-2020_monthly_recortado/2000-12",45830077,54,19.7000007629395,7.40000009536743,"Train"
"67788","2000-12-01",-104.3268,19.679,"2000-12-01","/home/ecologia/Documents/Lorena/capas/WorldClim_1970-2020_monthly_recortado/2000-12",57894918,11,27.7000007629395,11,"Test"
"67789","2000-12-01",-108.7019,27.05397,"2000-12-01","/home/ecologia/Documents/Lorena/capas/WorldClim_1970-2020_monthly_recortado/2000-12",48213378,39,26.5,9.5,"Test"
"67790","2000-12-01",-77.05721,35.50415,"2000-12-01","/home/ecologia/Documents/Lorena/capas/WorldClim_1970-2020_monthly_recortado/2000-12",37125030,86,13.8000001907349,1.70000004768372,"Train"
"67791","2000-12-01",-84.34171,35.52327,"2000-12-01","/home/ecologia/Documents/Lorena/capas/WorldClim_1970-2020_monthly_recortado/2000-12",37102277,130,10.8000001907349,-1.5,"Train"
"67792","2000-12-01",-81.30781,35.20133,"2000-12-01","/home/ecologia/Documents/Lorena/capas/WorldClim_1970-2020_monthly_recortado/2000-12",37518324,100,11.8999996185303,-0.100000001490116,"Test"
"67793","2000-12-01",-97.81935,30.22192,"2000-12-01","/home/ecologia/Documents/Lorena/capas/WorldClim_1970-2020_monthly_recortado/2000-12",44057864,51,16.8999996185303,4.59999990463257,"Train"
"67794","2000-12-01",-104.0577,21.04758,"2000-12-01","/home/ecologia/Documents/Lorena/capas/WorldClim_1970-2020_monthly_recortado/2000-12",56100955,11,28.7000007629395,10.1999998092651,"Test"
"67795","2000-12-01",-78.94823,33.95223,"2000-12-01","/home/ecologia/Documents/Lorena/capas/WorldClim_1970-2020_monthly_recortado/2000-12",39159457,87,15.3999996185303,2.5,"Train"
"67796","2000-12-01",-97.76711,31.14733,"2000-12-01","/home/ecologia/Documents/Lorena/capas/WorldClim_1970-2020_monthly_recortado/2000-12",42843641,46,16,3.20000004768372,"Train"
"67797","2000-12-01",-91.0403,37.21065,"2000-12-01","/home/ecologia/Documents/Lorena/capas/WorldClim_1970-2020_monthly_recortado/2000-12",34880857,103,7.90000009536743,-3.70000004768372,"Train"
"67798","2000-12-01",-94.75634,30.06797,"2000-12-01","/home/ecologia/Documents/Lorena/capas/WorldClim_1970-2020_monthly_recortado/2000-12",44255134,120,17.7000007629395,6,"Test"
"67799","2000-12-01",-88.23111,30.6564,"2000-12-01","/home/ecologia/Documents/Lorena/capas/WorldClim_1970-2020_monthly_recortado/2000-12",43490187,119,17.6000003814697,5.5,"Train"
"67800","2000-12-01",-99.35716,19.29677,"2000-12-01","/home/ecologia/Documents/Lorena/capas/WorldClim_1970-2020_monthly_recortado/2000-12",58398709,12,16.2000007629395,2.20000004768372,"Train"
"67801","2000-12-01",-77.12711,38.4336,"2000-12-01","/home/ecologia/Documents/Lorena/capas/WorldClim_1970-2020_monthly_recortado/2000-12",33274493,83,9.5,-1.10000002384186,"Train"
"67802","2000-12-01",-80.29157,36.09296,"2000-12-01","/home/ecologia/Documents/Lorena/capas/WorldClim_1970-2020_monthly_recortado/2000-12",36347973,90,11.3999996185303,-0.899999976158142,"Test"
"67803","2000-12-01",-91.1559,30.4253,"2000-12-01","/home/ecologia/Documents/Lorena/capas/WorldClim_1970-2020_monthly_recortado/2000-12",43785189,136,18,6.09999990463257,"Train"
"67804","2000-12-01",-91.26618,30.46755,"2000-12-01","/home/ecologia/Documents/Lorena/capas/WorldClim_1970-2020_monthly_recortado/2000-12",43730481,140,17.6000003814697,5.5,"Test"
"67805","2000-12-01",-92.04009,30.21034,"2000-12-01","/home/ecologia/Documents/Lorena/capas/WorldClim_1970-2020_monthly_recortado/2000-12",44069497,140,18.1000003814697,6.5,"Test"
"67806","2000-12-01",-96.49957,16.12964,"2000-12-01","/home/ecologia/Documents/Lorena/capas/WorldClim_1970-2020_monthly_recortado/2000-12",62555872,8,19.5,8.80000019073486,"Test"
"67807","2000-12-01",-88.06745,38.71704,"2000-12-01","/home/ecologia/Documents/Lorena/capas/WorldClim_1970-2020_monthly_recortado/2000-12",32901254,90,5.59999990463257,-3.5,"Test"
"67808","2000-12-01",-72.66206,40.917,"2000-12-01","/home/ecologia/Documents/Lorena/capas/WorldClim_1970-2020_monthly_recortado/2000-12",30015207,108,6.30000019073486,-2,"Train"
"67809","2000-12-01",-92.04034,30.26396,"2000-12-01","/home/ecologia/Documents/Lorena/capas/WorldClim_1970-2020_monthly_recortado/2000-12",44003863,139,17.8999996185303,6,"Train"
"67810","2000-12-01",-82.86369,34.69477,"2000-12-01","/home/ecologia/Documents/Lorena/capas/WorldClim_1970-2020_monthly_recortado/2000-12",38185416,117,12.8999996185303,0.899999976158142,"Test"
"67811","2000-12-01",-90.24445,30.01917,"2000-12-01","/home/ecologia/Documents/Lorena/capas/WorldClim_1970-2020_monthly_recortado/2000-12",44321309,129,18.7000007629395,7.30000019073486,"Train"
"67812","2000-12-01",-78.95825,39.92084,"2000-12-01","/home/ecologia/Documents/Lorena/capas/WorldClim_1970-2020_monthly_recortado/2000-12",31327132,79,3.09999990463257,-5.5,"Test"
"67813","2000-12-01",-81.32389,34.07801,"2000-12-01","/home/ecologia/Documents/Lorena/capas/WorldClim_1970-2020_monthly_recortado/2000-12",38995087,86,15,2.90000009536743,"Train"
"67814","2000-12-01",-91.07645,30.36021,"2000-12-01","/home/ecologia/Documents/Lorena/capas/WorldClim_1970-2020_monthly_recortado/2000-12",43872710,136,18.1000003814697,5.90000009536743,"Train"
"67815","2000-12-01",-95.13212,29.56232,"2000-12-01","/home/ecologia/Documents/Lorena/capas/WorldClim_1970-2020_monthly_recortado/2000-12",44922368,94,18.2999992370605,8.10000038146973,"Train"
"67816","2000-12-01",-99.59741,18.88507,"2000-12-01","/home/ecologia/Documents/Lorena/capas/WorldClim_1970-2020_monthly_recortado/2000-12",58934691,5,24.1000003814697,8.39999961853027,"Train"
"67817","2000-12-01",-98.2833,29.15736,"2000-12-01","/home/ecologia/Documents/Lorena/capas/WorldClim_1970-2020_monthly_recortado/2000-12",45458001,40,18.7000007629395,5.40000009536743,"Train"
"67818","2000-12-01",-96.61795,17.1863,"2000-12-01","/home/ecologia/Documents/Lorena/capas/WorldClim_1970-2020_monthly_recortado/2000-12",61166604,19,14.3999996185303,4.90000009536743,"Train"
"67819","2000-12-01",-97.96394,30.42174,"2000-12-01","/home/ecologia/Documents/Lorena/capas/WorldClim_1970-2020_monthly_recortado/2000-12",43795311,48,16.3999996185303,4.69999980926514,"Test"
"67820","2000-12-01",-81.40659,35.65771,"2000-12-01","/home/ecologia/Documents/Lorena/capas/WorldClim_1970-2020_monthly_recortado/2000-12",36927606,97,11,-1.20000004768372,"Train"
"67821","2000-12-01",-76.59109,39.37508,"2000-12-01","/home/ecologia/Documents/Lorena/capas/WorldClim_1970-2020_monthly_recortado/2000-12",32038451,93,7.59999990463257,-1.29999995231628,"Train"
"67822","2000-12-01",-72.54595,42.00402,"2000-12-01","/home/ecologia/Documents/Lorena/capas/WorldClim_1970-2020_monthly_recortado/2000-12",28593151,98,4.40000009536743,-5.69999980926514,"Test"
"67823","2000-12-01",-73.15264,41.22076,"2000-12-01","/home/ecologia/Documents/Lorena/capas/WorldClim_1970-2020_monthly_recortado/2000-12",29621344,104,5.69999980926514,-3.20000004768372,"Train"
"67824","2000-12-01",-97.67567,26.13363,"2000-12-01","/home/ecologia/Documents/Lorena/capas/WorldClim_1970-2020_monthly_recortado/2000-12",49417991,34,21.3999996185303,10.5,"Train"
"67825","2000-12-01",-96.38868,30.15529,"2000-12-01","/home/ecologia/Documents/Lorena/capas/WorldClim_1970-2020_monthly_recortado/2000-12",44145548,78,17.7999992370605,5.30000019073486,"Test"
"67826","2000-12-01",-116.4732,49.02454,"2000-12-01","/home/ecologia/Documents/Lorena/capas/WorldClim_1970-2020_monthly_recortado/2000-12",19377242,74,0.200000002980232,-6.40000009536743,"Test"
"67827","2000-12-01",-96.76532,17.05561,"2000-12-01","/home/ecologia/Documents/Lorena/capas/WorldClim_1970-2020_monthly_recortado/2000-12",61341611,5,27.3999996185303,10.3000001907349,"Train"
"67828","2000-12-01",-73.89507,40.93219,"2000-12-01","/home/ecologia/Documents/Lorena/capas/WorldClim_1970-2020_monthly_recortado/2000-12",30004120,94,6.30000019073486,-2.09999990463257,"Train"
"67829","2000-12-01",-105.4433,20.48974,"2000-12-01","/home/ecologia/Documents/Lorena/capas/WorldClim_1970-2020_monthly_recortado/2000-12",56833701,22,28.2000007629395,15.6999998092651,"Train"
"67830","2000-12-01",-98.65639,29.68551,"2000-12-01","/home/ecologia/Documents/Lorena/capas/WorldClim_1970-2020_monthly_recortado/2000-12",44757860,49,16.6000003814697,3.70000004768372,"Train"
"67831","2000-12-01",-90.2328,30.0354,"2000-12-01","/home/ecologia/Documents/Lorena/capas/WorldClim_1970-2020_monthly_recortado/2000-12",44299433,128,18.8999996185303,7.30000019073486,"Train"
"67832","2000-12-01",-76.45798,38.32173,"2000-12-01","/home/ecologia/Documents/Lorena/capas/WorldClim_1970-2020_monthly_recortado/2000-12",33427720,81,10,-0.300000011920929,"Train"
"67833","2000-12-01",-101.961,29.8481,"2000-12-01","/home/ecologia/Documents/Lorena/capas/WorldClim_1970-2020_monthly_recortado/2000-12",44549622,11,18.2999992370605,2.09999990463257,"Test"
"67834","2000-12-01",-76.32125,39.88768,"2000-12-01","/home/ecologia/Documents/Lorena/capas/WorldClim_1970-2020_monthly_recortado/2000-12",31371204,85,6.09999990463257,-2.29999995231628,"Test"
"67835","2000-12-01",-83.80302,30.88668,"2000-12-01","/home/ecologia/Documents/Lorena/capas/WorldClim_1970-2020_monthly_recortado/2000-12",43184426,101,18.2999992370605,4.80000019073486,"Test"
"67836","2000-12-01",-97.54857,31.04244,"2000-12-01","/home/ecologia/Documents/Lorena/capas/WorldClim_1970-2020_monthly_recortado/2000-12",42974936,54,15.6999998092651,3.59999990463257,"Train"
"67837","2000-12-01",-97.50073,28.04398,"2000-12-01","/home/ecologia/Documents/Lorena/capas/WorldClim_1970-2020_monthly_recortado/2000-12",46912981,42,20,8.30000019073486,"Test"
"67838","2000-12-01",-105.2926,20.4654,"2000-12-01","/home/ecologia/Documents/Lorena/capas/WorldClim_1970-2020_monthly_recortado/2000-12",56866536,26,28,12.8999996185303,"Train"
"67839","2000-12-01",-76.995,39.13591,"2000-12-01","/home/ecologia/Documents/Lorena/capas/WorldClim_1970-2020_monthly_recortado/2000-12",32355633,87,7.59999990463257,-2.40000009536743,"Train"
"67840","2000-12-01",-89.78116,30.27519,"2000-12-01","/home/ecologia/Documents/Lorena/capas/WorldClim_1970-2020_monthly_recortado/2000-12",43982256,139,18.1000003814697,6.30000019073486,"Train"
"67841","2000-12-01",-80.21094,40.5642,"2000-12-01","/home/ecologia/Documents/Lorena/capas/WorldClim_1970-2020_monthly_recortado/2000-12",30484678,71,5.30000019073486,-4,"Train"
"67842","2000-12-01",-97.41769,25.85233,"2000-12-01","/home/ecologia/Documents/Lorena/capas/WorldClim_1970-2020_monthly_recortado/2000-12",49789948,29,21.6000003814697,11.1999998092651,"Train"
"67843","2000-12-01",-99.14721,18.87826,"2000-12-01","/home/ecologia/Documents/Lorena/capas/WorldClim_1970-2020_monthly_recortado/2000-12",58945684,5,27.5,11.6000003814697,"Train"
"67844","2000-12-01",-103.2205,20.31089,"2000-12-01","/home/ecologia/Documents/Lorena/capas/WorldClim_1970-2020_monthly_recortado/2000-12",57063687,8,22.8999996185303,9,"Train"
"67845","2000-12-01",-89.82834,30.28071,"2000-12-01","/home/ecologia/Documents/Lorena/capas/WorldClim_1970-2020_monthly_recortado/2000-12",43982250,137,17.8999996185303,6.19999980926514,"Train"
"67846","2000-12-01",-95.51981,30.20267,"2000-12-01","/home/ecologia/Documents/Lorena/capas/WorldClim_1970-2020_monthly_recortado/2000-12",44080018,97,17.7999992370605,5.80000019073486,"Train"
"67847","2000-12-01",-88.13628,30.64971,"2000-12-01","/home/ecologia/Documents/Lorena/capas/WorldClim_1970-2020_monthly_recortado/2000-12",43501137,121,17.6000003814697,5.90000009536743,"Train"
"67848","2000-12-01",-77.44161,37.35685,"2000-12-01","/home/ecologia/Documents/Lorena/capas/WorldClim_1970-2020_monthly_recortado/2000-12",34696526,82,11.1000003814697,-0.699999988079071,"Train"
"67849","2000-12-01",-94.9349,29.2169,"2000-12-01","/home/ecologia/Documents/Lorena/capas/WorldClim_1970-2020_monthly_recortado/2000-12",45370890,91,16.8999996185303,9.60000038146973,"Train"
"67850","2000-12-01",-76.20665,39.66717,"2000-12-01","/home/ecologia/Documents/Lorena/capas/WorldClim_1970-2020_monthly_recortado/2000-12",31655632,91,7.19999980926514,-1.60000002384186,"Train"
"67851","2000-12-01",-99.78159,29.71916,"2000-12-01","/home/ecologia/Documents/Lorena/capas/WorldClim_1970-2020_monthly_recortado/2000-12",44713969,28,16.8999996185303,2.79999995231628,"Train"
"67852","2000-12-01",-95.18366,30.07767,"2000-12-01","/home/ecologia/Documents/Lorena/capas/WorldClim_1970-2020_monthly_recortado/2000-12",44244143,102,18,6.09999990463257,"Train"
"67853","2000-12-01",-95.81898,29.96713,"2000-12-01","/home/ecologia/Documents/Lorena/capas/WorldClim_1970-2020_monthly_recortado/2000-12",44386274,88,18,5.5,"Train"
"67854","2000-12-01",-102.7077,21.73047,"2000-12-01","/home/ecologia/Documents/Lorena/capas/WorldClim_1970-2020_monthly_recortado/2000-12",55204119,11,18.8999996185303,4.09999990463257,"Train"
"67855","2000-12-01",-95.06119,29.57951,"2000-12-01","/home/ecologia/Documents/Lorena/capas/WorldClim_1970-2020_monthly_recortado/2000-12",44900498,95,17.8999996185303,8.5,"Train"
"67856","2000-12-01",-96.91785,28.54181,"2000-12-01","/home/ecologia/Documents/Lorena/capas/WorldClim_1970-2020_monthly_recortado/2000-12",46256711,54,19.3999996185303,8.19999980926514,"Test"
"67857","2000-12-01",-83.19331,41.60516,"2000-12-01","/home/ecologia/Documents/Lorena/capas/WorldClim_1970-2020_monthly_recortado/2000-12",29116945,69,2.59999990463257,-4.80000019073486,"Test"
"67858","2000-12-01",-72.4133,42.06383,"2000-12-01","/home/ecologia/Documents/Lorena/capas/WorldClim_1970-2020_monthly_recortado/2000-12",28516594,99,4,-6.09999990463257,"Test"
"67859","2000-12-01",-84.11633,36.82869,"2000-12-01","/home/ecologia/Documents/Lorena/capas/WorldClim_1970-2020_monthly_recortado/2000-12",35384882,106,9.60000038146973,-2.09999990463257,"Test"
"67860","2000-12-01",-96.64069,30.0335,"2000-12-01","/home/ecologia/Documents/Lorena/capas/WorldClim_1970-2020_monthly_recortado/2000-12",44298664,73,17.6000003814697,5.09999990463257,"Train"
"67861","2000-12-01",-70.72168,41.7626,"2000-12-01","/home/ecologia/Documents/Lorena/capas/WorldClim_1970-2020_monthly_recortado/2000-12",28910601,116,5.80000019073486,-3,"Train"
"67862","2000-12-01",-98.56393,29.23496,"2000-12-01","/home/ecologia/Documents/Lorena/capas/WorldClim_1970-2020_monthly_recortado/2000-12",45348577,39,18.2000007629395,5.40000009536743,"Test"
"67863","2000-12-01",-91.09023,30.4069,"2000-12-01","/home/ecologia/Documents/Lorena/capas/WorldClim_1970-2020_monthly_recortado/2000-12",43818014,137,18.1000003814697,6,"Train"
"67864","2000-12-01",-97.40687,27.65253,"2000-12-01","/home/ecologia/Documents/Lorena/capas/WorldClim_1970-2020_monthly_recortado/2000-12",47427126,38,20.7000007629395,10.1000003814697,"Train"
"67865","2000-12-01",-72.69666,41.27671,"2000-12-01","/home/ecologia/Documents/Lorena/capas/WorldClim_1970-2020_monthly_recortado/2000-12",29544826,105,5.69999980926514,-3.20000004768372,"Test"
"67866","2000-12-01",-87.90331,30.58483,"2000-12-01","/home/ecologia/Documents/Lorena/capas/WorldClim_1970-2020_monthly_recortado/2000-12",43577738,114,17.2999992370605,6.19999980926514,"Train"
"67867","2000-12-01",-92.22435,34.81509,"2000-12-01","/home/ecologia/Documents/Lorena/capas/WorldClim_1970-2020_monthly_recortado/2000-12",38031147,122,11.8000001907349,0.899999976158142,"Train"
"67868","2000-12-01",-74.85172,40.1006,"2000-12-01","/home/ecologia/Documents/Lorena/capas/WorldClim_1970-2020_monthly_recortado/2000-12",31086966,92,7.59999990463257,-2.29999995231628,"Train"
"67869","2000-12-01",-76.5184,38.53527,"2000-12-01","/home/ecologia/Documents/Lorena/capas/WorldClim_1970-2020_monthly_recortado/2000-12",33143298,83,9.30000019073486,-0.800000011920929,"Test"
"67870","2000-12-01",-95.96333,36.70717,"2000-12-01","/home/ecologia/Documents/Lorena/capas/WorldClim_1970-2020_monthly_recortado/2000-12",35547545,52,9.5,-2.70000004768372,"Test"
"67871","2000-12-01",-91.1557,30.4458,"2000-12-01","/home/ecologia/Documents/Lorena/capas/WorldClim_1970-2020_monthly_recortado/2000-12",43763311,138,18,6.09999990463257,"Test"
"67872","2000-12-01",-99.71024,29.49639,"2000-12-01","/home/ecologia/Documents/Lorena/capas/WorldClim_1970-2020_monthly_recortado/2000-12",45009330,29,17.1000003814697,3.59999990463257,"Train"
"67873","2000-12-01",-87.61842,37.96166,"2000-12-01","/home/ecologia/Documents/Lorena/capas/WorldClim_1970-2020_monthly_recortado/2000-12",33896757,93,7.5,-1.70000004768372,"Train"
"67874","2000-12-01",-99.10415,19.02025,"2000-12-01","/home/ecologia/Documents/Lorena/capas/WorldClim_1970-2020_monthly_recortado/2000-12",58759726,8,20,5.59999990463257,"Train"
"67875","2000-12-01",-86.72797,33.4843,"2000-12-01","/home/ecologia/Documents/Lorena/capas/WorldClim_1970-2020_monthly_recortado/2000-12",39771107,127,13.5,1.29999995231628,"Train"
"67876","2000-12-01",-103.655,19.57667,"2000-12-01","/home/ecologia/Documents/Lorena/capas/WorldClim_1970-2020_monthly_recortado/2000-12",58026267,22,15.8000001907349,4.19999980926514,"Test"
"67877","2000-12-01",-96.98333,16.51667,"2000-12-01","/home/ecologia/Documents/Lorena/capas/WorldClim_1970-2020_monthly_recortado/2000-12",62041681,7,27.3999996185303,10.6000003814697,"Test"
"67878","2000-12-01",-99.73333,17.565,"2000-12-01","/home/ecologia/Documents/Lorena/capas/WorldClim_1970-2020_monthly_recortado/2000-12",60673976,15,22.7000007629395,10.5,"Train"
"67879","2000-12-01",-105.9383,23.56167,"2000-12-01","/home/ecologia/Documents/Lorena/capas/WorldClim_1970-2020_monthly_recortado/2000-12",52797151,51,26.8999996185303,12.3000001907349,"Train"
"67880","2000-12-01",-98.41634,29.65461,"2000-12-01","/home/ecologia/Documents/Lorena/capas/WorldClim_1970-2020_monthly_recortado/2000-12",44801645,50,16.7000007629395,4.69999980926514,"Train"
"67881","2000-12-01",-95.94943,30.00668,"2000-12-01","/home/ecologia/Documents/Lorena/capas/WorldClim_1970-2020_monthly_recortado/2000-12",44342503,84,18.2000007629395,5.5,"Test"
"67882","2000-12-01",-94.13266,30.07541,"2000-12-01","/home/ecologia/Documents/Lorena/capas/WorldClim_1970-2020_monthly_recortado/2000-12",44244270,126,18.2999992370605,6.59999990463257,"Test"
"67883","2000-12-01",-97.88309,30.43344,"2000-12-01","/home/ecologia/Documents/Lorena/capas/WorldClim_1970-2020_monthly_recortado/2000-12",43773443,48,16.2000007629395,4.59999990463257,"Train"
"67884","2000-12-01",-95.44448,29.06244,"2000-12-01","/home/ecologia/Documents/Lorena/capas/WorldClim_1970-2020_monthly_recortado/2000-12",45578670,98,18.7000007629395,8.19999980926514,"Train"
"67885","2000-12-01",-97.84823,30.32058,"2000-12-01","/home/ecologia/Documents/Lorena/capas/WorldClim_1970-2020_monthly_recortado/2000-12",43926593,49,16.2999992370605,4.40000009536743,"Train"
"67886","2000-12-01",-88.14554,30.62383,"2000-12-01","/home/ecologia/Documents/Lorena/capas/WorldClim_1970-2020_monthly_recortado/2000-12",43533953,119,17.6000003814697,6,"Train"
"67887","2000-12-01",-91.83684,35.42678,"2000-12-01","/home/ecologia/Documents/Lorena/capas/WorldClim_1970-2020_monthly_recortado/2000-12",37221707,120,10.5,-0.600000023841858,"Test"
"67888","2000-12-01",-98.63285,30.28805,"2000-12-01","/home/ecologia/Documents/Lorena/capas/WorldClim_1970-2020_monthly_recortado/2000-12",43970255,41,16.7000007629395,2.79999995231628,"Test"
"67889","2000-12-01",-75.87502,40.22187,"2000-12-01","/home/ecologia/Documents/Lorena/capas/WorldClim_1970-2020_monthly_recortado/2000-12",30933697,89,5.69999980926514,-3.20000004768372,"Train"
"67890","2000-12-01",-99.0709,19.00577,"2000-12-01","/home/ecologia/Documents/Lorena/capas/WorldClim_1970-2020_monthly_recortado/2000-12",58781608,6,21.7999992370605,7.19999980926514,"Train"
"67891","2000-12-01",-95.08394,30.0736,"2000-12-01","/home/ecologia/Documents/Lorena/capas/WorldClim_1970-2020_monthly_recortado/2000-12",44255094,106,17.5,5.80000019073486,"Train"
"67892","2000-12-01",-76.88152,39.50733,"2000-12-01","/home/ecologia/Documents/Lorena/capas/WorldClim_1970-2020_monthly_recortado/2000-12",31874331,86,6.69999980926514,-2.79999995231628,"Train"
"67893","2000-12-01",-95.55836,29.12749,"2000-12-01","/home/ecologia/Documents/Lorena/capas/WorldClim_1970-2020_monthly_recortado/2000-12",45491144,96,18.3999996185303,7.59999990463257,"Train"
"67894","2000-12-01",-75.93764,40.07935,"2000-12-01","/home/ecologia/Documents/Lorena/capas/WorldClim_1970-2020_monthly_recortado/2000-12",31119653,92,5.5,-3.20000004768372,"Train"
"67895","2000-12-01",-98.0642,27.78889,"2000-12-01","/home/ecologia/Documents/Lorena/capas/WorldClim_1970-2020_monthly_recortado/2000-12",47252023,30,20.7999992370605,8.19999980926514,"Train"
"67896","2000-12-01",-101.8178,21.2403,"2000-12-01","/home/ecologia/Documents/Lorena/capas/WorldClim_1970-2020_monthly_recortado/2000-12",55849626,9,23.3999996185303,5,"Test"
"67897","2000-12-01",-77.25449,38.89958,"2000-12-01","/home/ecologia/Documents/Lorena/capas/WorldClim_1970-2020_monthly_recortado/2000-12",32672833,81,8.5,-1.79999995231628,"Test"
"67898","2000-12-01",-86.44867,30.51681,"2000-12-01","/home/ecologia/Documents/Lorena/capas/WorldClim_1970-2020_monthly_recortado/2000-12",43665425,110,17.8999996185303,6.19999980926514,"Train"
"67899","2000-12-01",-94.80492,38.91485,"2000-12-01","/home/ecologia/Documents/Lorena/capas/WorldClim_1970-2020_monthly_recortado/2000-12",32648849,44,5.5,-4.69999980926514,"Train"
"67900","2000-12-01",-75.21521,38.44269,"2000-12-01","/home/ecologia/Documents/Lorena/capas/WorldClim_1970-2020_monthly_recortado/2000-12",33263784,90,9.19999980926514,-0.300000011920929,"Test"
"67901","2000-12-01",-69.99095,41.75071,"2000-12-01","/home/ecologia/Documents/Lorena/capas/WorldClim_1970-2020_monthly_recortado/2000-12",28921628,110,6,-1.29999995231628,"Test"
"67902","2000-12-01",-92.40903,31.14053,"2000-12-01","/home/ecologia/Documents/Lorena/capas/WorldClim_1970-2020_monthly_recortado/2000-12",42855223,164,16.6000003814697,4.59999990463257,"Test"
"67903","2000-12-01",-93.28182,37.17913,"2000-12-01","/home/ecologia/Documents/Lorena/capas/WorldClim_1970-2020_monthly_recortado/2000-12",34924344,80,7.80000019073486,-3.29999995231628,"Train"
"67904","2000-12-01",-97.76221,30.2564,"2000-12-01","/home/ecologia/Documents/Lorena/capas/WorldClim_1970-2020_monthly_recortado/2000-12",44014115,50,17,5.19999980926514,"Train"
"67905","2000-12-01",-97.86667,28.12664,"2000-12-01","/home/ecologia/Documents/Lorena/capas/WorldClim_1970-2020_monthly_recortado/2000-12",46803547,36,19.6000003814697,8.30000019073486,"Train"
"67906","2000-12-01",-99.15531,18.91401,"2000-12-01","/home/ecologia/Documents/Lorena/capas/WorldClim_1970-2020_monthly_recortado/2000-12",58901927,5,27.2999992370605,11.3999996185303,"Test"
"67907","2000-12-01",-97.07028,16.42917,"2000-12-01","/home/ecologia/Documents/Lorena/capas/WorldClim_1970-2020_monthly_recortado/2000-12",62161999,7,27.1000003814697,11.8999996185303,"Train"
"67908","2000-12-01",-96.76273,17.0385,"2000-12-01","/home/ecologia/Documents/Lorena/capas/WorldClim_1970-2020_monthly_recortado/2000-12",61363489,6,27.5,10.3000001907349,"Test"
"67909","2000-12-01",-84.56454,34.05471,"2000-12-01","/home/ecologia/Documents/Lorena/capas/WorldClim_1970-2020_monthly_recortado/2000-12",39027515,120,12.1999998092651,1.29999995231628,"Test"
"67910","2000-12-01",-97.07201,27.83421,"2000-12-01","/home/ecologia/Documents/Lorena/capas/WorldClim_1970-2020_monthly_recortado/2000-12",47186508,47,18.8999996185303,11.1000003814697,"Test"
"67911","2000-12-01",-85.4894,38.2417,"2000-12-01","/home/ecologia/Documents/Lorena/capas/WorldClim_1970-2020_monthly_recortado/2000-12",33525087,103,7.09999990463257,-2.59999990463257,"Train"
"67912","2000-12-01",-90.41458,38.59542,"2000-12-01","/home/ecologia/Documents/Lorena/capas/WorldClim_1970-2020_monthly_recortado/2000-12",33065058,75,6.09999990463257,-3.70000004768372,"Train"
"67913","2000-12-01",-83.549,34.62544,"2000-12-01","/home/ecologia/Documents/Lorena/capas/WorldClim_1970-2020_monthly_recortado/2000-12",38272846,135,11.8999996185303,-0.400000005960464,"Train"
"67914","2000-12-01",-70.11509,41.25613,"2000-12-01","/home/ecologia/Documents/Lorena/capas/WorldClim_1970-2020_monthly_recortado/2000-12",29577953,NA,NA,NA,"Test"
"67915","2000-12-01",-78.62048,35.93747,"2000-12-01","/home/ecologia/Documents/Lorena/capas/WorldClim_1970-2020_monthly_recortado/2000-12",36556014,80,12.3000001907349,-0.200000002980232,"Train"
"67916","2000-12-01",-86.9582,36.70611,"2000-12-01","/home/ecologia/Documents/Lorena/capas/WorldClim_1970-2020_monthly_recortado/2000-12",35548626,124,9.30000019073486,-1.70000004768372,"Train"
"67917","2000-12-01",-86.1962,43.07438,"2000-12-01","/home/ecologia/Documents/Lorena/capas/WorldClim_1970-2020_monthly_recortado/2000-12",27191321,70,1.79999995231628,-5,"Train"
"67918","2000-12-01",-98.27127,29.88917,"2000-12-01","/home/ecologia/Documents/Lorena/capas/WorldClim_1970-2020_monthly_recortado/2000-12",44495370,52,16.7999992370605,4.90000009536743,"Train"
"67919","2000-12-01",-93.85465,30.13687,"2000-12-01","/home/ecologia/Documents/Lorena/capas/WorldClim_1970-2020_monthly_recortado/2000-12",44167730,133,17,5.80000019073486,"Train"
